<?xml version="1.0" encoding="UTF-8"?>
<LoganContent oms_version="2.50.2.0.0" name="content_ocid1.tenancy.oc1..aaaaaaaa5s2vdjjrydixjulorcwozffbpna37w5a35p3jhgpyshlkmio6oiq_1650039506307" content_version="2.50.2.0.0" xmlns="http://www.oracle.com/DataCenter/LogAnalyticsStd">
    <Field oms_version="2.50.2.0.0">
        <DisplayName>sensor</DisplayName>
        <FieldType>1</FieldType>
        <IsSystem>0</IsSystem>
        <IsPrimary>1</IsPrimary>
        <DataType>STRING</DataType>
        <IsMetricKeyEligible>0</IsMetricKeyEligible>
        <IsMetricValueEligible>0</IsMetricValueEligible>
        <FacetEligible>1</FacetEligible>
        <RangeFacetEligible>0</RangeFacetEligible>
        <TableEligible>1</TableEligible>
        <FacetPriority>1</FacetPriority>
        <Summarizable>1</Summarizable>
        <HighCardinality>1</HighCardinality>
        <LargeData>0</LargeData>
        <MultiValued>0</MultiValued>
        <SMAEnabledSetting>0</SMAEnabledSetting>
    </Field>
    
    <Tag>
<Name>#medium_severity_sensor</Name>
<DisplayName>Medium Severity Sensor</DisplayName>
<IsSystem>0</IsSystem>
<ProblemPriority>MEDIUM</ProblemPriority>
</Tag>
    <Source name="EBS Sensor: FIN GL Posted unbalanced journals - Weekly" oms_version="2.50.2.0.0" configWarningSettings="0">
    <SourceType>database_sql</SourceType>
    <TargetTypes>
        <TargetType>omc_oracle_db_instance</TargetType>
        <TargetType>omc_oracle_pdb</TargetType>
    </TargetTypes>
    <DisplayName>EBS Sensor: FIN GL Posted unbalanced journals - Weekly</DisplayName>
    <Description><![CDATA[Posted balance do not balance within balancing segments. Total balances are not correctly balance.]]></Description>
    <IsSystem>0</IsSystem>
    <IsSecureContent>1</IsSecureContent>
    <Patterns>
        <DBPattern dateTimeField="entrytime" dateTimeColumns="entrytime">
        <SQLQuery>
            <![CDATA[select 'ME$EBS_FIN_GL_JOURNALS_UNBALANCED' sensor, to_timestamp(to_char(sysdate, 'YYYY-MM-DD hh24:mi:ss'), 'YYYY-MM-DD hh24:mi:ss') entrytime, 'journal_id:' || s.journal_id || ', journal_name:' || s.journal_name || ', ledger_id:' || s.ledger_id || ', balancing_value:' || s.balancing_value || ', Credit:' || s.Credit || ', Debit:' || s.Debit key_data FROM (SELECT a.JE_HEADER_ID journal_id,    a.journal_name journal_name,    a.ledger_id ledger_id,    a.bsv balancing_value,      a.sumCR Credit,      a.sumDR Debit  FROM    (SELECT gjh.je_header_id JE_HEADER_ID,      MAX(gjh.name) journal_name,      MAX(gjh.ledger_id) ledger_id,      DECODE (gl.bal_seg_column_name,'SEGMENT1', gcc.segment1, 'SEGMENT2', gcc.segment2 ,'SEGMENT3', gcc.segment3 ,'SEGMENT4', gcc.segment4 ,'SEGMENT5', gcc.segment5 ,'SEGMENT6', gcc.segment6 , 'SEGMENT7', gcc.segment7 ,'SEGMENT8', gcc.segment8 ,'SEGMENT9', gcc.segment9 ,'SEGMENT10', gcc.segment10 ,'xx') bsv,      SUM(NVL(accounted_cr, 0)) sumCR,      SUM(NVL(accounted_dr, 0)) sumDR    FROM gl_code_combinations gcc,      gl_je_lines gjl,      gl_je_headers gjh ,      gl_ledgers gl,      GL.GL_DATE_PERIOD_MAP gpm    WHERE gjl.je_header_id                        = gjh.je_header_id    AND gjl.period_name                           = gjh.period_name    AND gjh.ledger_id                             = gjl.ledger_id    AND gcc.code_combination_id                   = gjl.code_combination_id    AND gjh.actual_flag                           = 'A'    AND gjh.STATUS                                ='P'    AND gjh.currency_code                        <> 'STAT'    AND gjh.ledger_id                             =gl.ledger_id    AND gjh.period_name                           =gpm.period_name    AND to_date(gpm.accounting_date, 'DD-MON-YY') = to_date(sysdate, 'DD-MON-YY')    AND gpm.period_set_name                       = gl.period_set_name    AND gl.complete_flag                          ='Y'    AND gl.FIRST_LEDGER_PERIOD_NAME              IS NOT NULL    AND gcc.chart_of_accounts_id                  = gl.chart_of_accounts_id    GROUP BY gjh.je_header_id,      DECODE (gl.bal_seg_column_name,'SEGMENT1', gcc.segment1, 'SEGMENT2', gcc.segment2 ,'SEGMENT3', gcc.segment3 ,'SEGMENT4', gcc.segment4 ,'SEGMENT5', gcc.segment5 ,'SEGMENT6', gcc.segment6 , 'SEGMENT7', gcc.segment7 ,'SEGMENT8', gcc.segment8 ,'SEGMENT9', gcc.segment9 ,'SEGMENT10', gcc.segment10 ,'xx')    HAVING SUM(NVL(accounted_cr, 0)) <> SUM(NVL(accounted_dr, 0))    ) A where  rownum < 2) s]]>
        </SQLQuery>
        <IsInclude>1</IsInclude>
            <InUse>1</InUse>
            <DBQueryFieldList>
                <DBPatternSeqField>entrytime</DBPatternSeqField>
                <DBPatternField>
                    <DBQueryColName>sensor</DBQueryColName>
                    <FieldName>udfs1</FieldName>
                </DBPatternField>
                <DBPatternField>
                    <DBQueryColName>entrytime</DBQueryColName>
                    <FieldName>time</FieldName>
                </DBPatternField>
                <DBPatternField>
                                        <DBQueryColName>key_data</DBQueryColName>
                                        <FieldName>data</FieldName>
                                   </DBPatternField>
            </DBQueryFieldList>
            <IsSystem>0</IsSystem>
            <IsEnabled>1</IsEnabled>
            </DBPattern>
    </Patterns>
        <TagConditions>
            <TagCondition operator="CONTAINS_REGEX" field="udfs1" alertRuleVisible="0">
                <ConditionValues>
                    <ConditionValue>%</ConditionValue>
                </ConditionValues>
                <ConditionTags tagField="mtag">
                    <ConditionTag>#medium_severity_sensor</ConditionTag>
                </ConditionTags>
                <IsSystem>0</IsSystem>
                <IsEnabled>1</IsEnabled>
            </TagCondition>
        </TagConditions>
        <IsHidden>0</IsHidden>
        <IsSMAEnabled>0</IsSMAEnabled>
    </Source>
    <FieldNameMaps>
        <FieldNameMap>
            <Name>udfs1</Name>
            <DisplayName>sensor</DisplayName>
        </FieldNameMap>
        
    </FieldNameMaps>
</LoganContent>