<?xml version="1.0" encoding="UTF-8"?>
<LoganContent oms_version="2.50.2.0.0" name="content_ocid1.tenancy.oc1..aaaaaaaa5s2vdjjrydixjulorcwozffbpna37w5a35p3jhgpyshlkmio6oiq_1650039506307" content_version="2.50.2.0.0" xmlns="http://www.oracle.com/DataCenter/LogAnalyticsStd">
    <Field oms_version="2.50.2.0.0">
        <DisplayName>sensor</DisplayName>
        <FieldType>1</FieldType>
        <IsSystem>0</IsSystem>
        <IsPrimary>1</IsPrimary>
        <DataType>STRING</DataType>
        <IsMetricKeyEligible>0</IsMetricKeyEligible>
        <IsMetricValueEligible>0</IsMetricValueEligible>
        <FacetEligible>1</FacetEligible>
        <RangeFacetEligible>0</RangeFacetEligible>
        <TableEligible>1</TableEligible>
        <FacetPriority>1</FacetPriority>
        <Summarizable>1</Summarizable>
        <HighCardinality>1</HighCardinality>
        <LargeData>0</LargeData>
        <MultiValued>0</MultiValued>
        <SMAEnabledSetting>0</SMAEnabledSetting>
    </Field>
    
    <Tag>
<Name>#medium_severity_sensor</Name>
<DisplayName>Medium Severity Sensor</DisplayName>
<IsSystem>0</IsSystem>
<ProblemPriority>MEDIUM</ProblemPriority>
</Tag>
    <Source name="EBS Sensor: FIN AP Orphan Bank Account(s) Detected - Weekly" oms_version="2.50.2.0.0" configWarningSettings="0">
    <SourceType>database_sql</SourceType>
    <TargetTypes>
        <TargetType>omc_oracle_db_instance</TargetType>
        <TargetType>omc_oracle_pdb</TargetType>
    </TargetTypes>
    <DisplayName>EBS Sensor: FIN AP Orphan Bank Account(s) Detected - Weekly</DisplayName>
    <Description><![CDATA[External bank account(s) exist in the system with no owners or payment instrument assignments.]]></Description>
    <IsSystem>0</IsSystem>
    <IsSecureContent>1</IsSecureContent>
    <Patterns>
        <DBPattern dateTimeField="entrytime" dateTimeColumns="entrytime">
        <SQLQuery>
            <![CDATA[select 'ME$EBS_FIN_AP_ORPHAN_BANK_ACCOUNT' sensor, to_timestamp(to_char(sysdate, 'YYYY-MM-DD hh24:mi:ss'), 'YYYY-MM-DD hh24:mi:ss') entrytime, 'ext_bank_account_id:' || s.ext_bank_account_id key_data FROM (SELECT ext_bank_account_id ext_bank_account_id       FROM       (SELECT ext_bank_account_id       FROM iby_ext_bank_accounts eba       WHERE NOT EXISTS(               SELECT 'OWNER' FROM iby_account_owners ao               WHERE ao.account_owner_party_id <> -99               AND   ao.ext_bank_account_id = eba.ext_bank_account_id)       AND   NOT EXISTS(               SELECT 'ASSIGNMENT' FROM iby_pmt_instr_uses_all iu               WHERE iu.instrument_type = 'BANKACCOUNT'               AND   iu.instrument_id = eba.ext_bank_account_id)       AND   NOT EXISTS (               SELECT 'UPGRADE_ASSIGNMENT' FROM iby_upg_instruments ui               WHERE ui.instrument_type = 'BANKACCOUNT'               AND   ui.instrument_id = eba.ext_bank_account_id)       UNION       SELECT ao.ext_bank_account_id       FROM iby_account_owners ao,            iby_external_payees_all ep       WHERE ao.account_owner_party_id = ep.payee_party_id       AND   ep.payment_function = 'AR_CUSTOMER_REFUNDS'       AND   NOT EXISTS (               SELECT 1 FROM iby_pmt_instr_uses_all piu               WHERE piu.ext_pmt_party_id = ep.ext_payee_id               AND   piu.instrument_id = ao.ext_bank_account_id)       UNION       SELECT ao.ext_bank_account_id       FROM iby_account_owners ao,       iby_external_payees_all ep       WHERE ao.account_owner_party_id = ep.payee_party_id       AND   ep.org_type = 'LEGAL_ENTITY'       AND   NOT EXISTS (               SELECT 1 FROM iby_pmt_instr_uses_all piu               WHERE piu.ext_pmt_party_id = ep.ext_payee_id               AND   piu.instrument_id = ao.ext_bank_account_id))  where rownum < 11  order by ext_bank_account_id) s]]>
        </SQLQuery>
        <IsInclude>1</IsInclude>
            <InUse>1</InUse>
            <DBQueryFieldList>
                <DBPatternSeqField>entrytime</DBPatternSeqField>
                <DBPatternField>
                    <DBQueryColName>sensor</DBQueryColName>
                    <FieldName>udfs1</FieldName>
                </DBPatternField>
                <DBPatternField>
                    <DBQueryColName>entrytime</DBQueryColName>
                    <FieldName>time</FieldName>
                </DBPatternField>
                <DBPatternField>
                                        <DBQueryColName>key_data</DBQueryColName>
                                        <FieldName>data</FieldName>
                                   </DBPatternField>
            </DBQueryFieldList>
            <IsSystem>0</IsSystem>
            <IsEnabled>1</IsEnabled>
            </DBPattern>
    </Patterns>
        <TagConditions>
            <TagCondition operator="CONTAINS_REGEX" field="udfs1" alertRuleVisible="0">
                <ConditionValues>
                    <ConditionValue>%</ConditionValue>
                </ConditionValues>
                <ConditionTags tagField="mtag">
                    <ConditionTag>#medium_severity_sensor</ConditionTag>
                </ConditionTags>
                <IsSystem>0</IsSystem>
                <IsEnabled>1</IsEnabled>
            </TagCondition>
        </TagConditions>
        <IsHidden>0</IsHidden>
        <IsSMAEnabled>0</IsSMAEnabled>
    </Source>
    <FieldNameMaps>
        <FieldNameMap>
            <Name>udfs1</Name>
            <DisplayName>sensor</DisplayName>
        </FieldNameMap>
        
    </FieldNameMaps>
</LoganContent>