<?xml version="1.0" encoding="UTF-8"?>
<LoganContent oms_version="2.50.2.0.0" name="content_ocid1.tenancy.oc1..aaaaaaaa5s2vdjjrydixjulorcwozffbpna37w5a35p3jhgpyshlkmio6oiq_1650039506307" content_version="2.50.2.0.0" xmlns="http://www.oracle.com/DataCenter/LogAnalyticsStd">
    <Field oms_version="2.50.2.0.0">
        <DisplayName>sensor</DisplayName>
        <FieldType>1</FieldType>
        <IsSystem>0</IsSystem>
        <IsPrimary>1</IsPrimary>
        <DataType>STRING</DataType>
        <IsMetricKeyEligible>0</IsMetricKeyEligible>
        <IsMetricValueEligible>0</IsMetricValueEligible>
        <FacetEligible>1</FacetEligible>
        <RangeFacetEligible>0</RangeFacetEligible>
        <TableEligible>1</TableEligible>
        <FacetPriority>1</FacetPriority>
        <Summarizable>1</Summarizable>
        <HighCardinality>1</HighCardinality>
        <LargeData>0</LargeData>
        <MultiValued>0</MultiValued>
        <SMAEnabledSetting>0</SMAEnabledSetting>
    </Field>
    
    <Tag>
<Name>#medium_severity_sensor</Name>
<DisplayName>Medium Severity Sensor</DisplayName>
<IsSystem>0</IsSystem>
<ProblemPriority>MEDIUM</ProblemPriority>
</Tag>
    <Source name="EBS Sensor: CRM SM Duplicate Funds Capture instrument assignments for bank accounts - Weekly" oms_version="2.50.2.0.0" configWarningSettings="0">
    <SourceType>database_sql</SourceType>
    <TargetTypes>
        <TargetType>omc_oracle_db_instance</TargetType>
        <TargetType>omc_oracle_pdb</TargetType>
    </TargetTypes>
    <DisplayName>EBS Sensor: CRM SM Duplicate Funds Capture instrument assignments for bank accounts - Weekly</DisplayName>
    <Description><![CDATA[In Funds Capture ,  duplicate instrument assignments for bank accounts are present in IBY_PMT_INSTR_USES_ALL]]></Description>
    <IsSystem>0</IsSystem>
    <IsSecureContent>1</IsSecureContent>
    <Patterns>
        <DBPattern dateTimeField="entrytime" dateTimeColumns="entrytime">
        <SQLQuery>
            <![CDATA[select 'ME$EBS_CRM_SM_DUPLICATE_BANK_ASSIGNMENTS_IBY_PMT_INSTR_USES_ALL' sensor, to_timestamp(to_char(sysdate, 'YYYY-MM-DD hh24:mi:ss'), 'YYYY-MM-DD hh24:mi:ss') entrytime, 'EXT_PMT_PARTY_ID:' || s.EXT_PMT_PARTY_ID || ', INSTRUMENT_TYPE:' || s.INSTRUMENT_TYPE || ', assignment:' || s.assignment || ', INSTRUMENT_ID:' || s.INSTRUMENT_ID || ', Rank_ro:' || s.Rank_ro key_data FROM (SELECT INSTRUMENT_PAYMENT_USE_ID assignment , EXT_PMT_PARTY_ID EXT_PMT_PARTY_ID ,INSTRUMENT_TYPE INSTRUMENT_TYPE ,  INSTRUMENT_ID INSTRUMENT_ID , Rank_no Rank_ro  FROM  (SELECT INSTRUMENT_PAYMENT_USE_ID,  EXT_PMT_PARTY_ID,  INSTRUMENT_TYPE,  INSTRUMENT_ID,  RANK() OVER (PARTITION BY PAYMENT_FLOW, EXT_PMT_PARTY_ID,  INSTRUMENT_TYPE, INSTRUMENT_ID, PAYMENT_FUNCTION ORDER BY start_date,  end_date DESC, creation_date, INSTRUMENT_PAYMENT_USE_ID )rank_no  FROM iby_pmt_instr_uses_all   where instrument_type = 'BANKACCOUNT' and PAYMENT_FLOW='FUNDS_CAPTURE'  AND PAYMENT_FUNCTION = 'CUSTOMER_PAYMENT'  )  WHERE rank_no>1  and rownum<100) s]]>
        </SQLQuery>
        <IsInclude>1</IsInclude>
            <InUse>1</InUse>
            <DBQueryFieldList>
                <DBPatternSeqField>entrytime</DBPatternSeqField>
                <DBPatternField>
                    <DBQueryColName>sensor</DBQueryColName>
                    <FieldName>udfs1</FieldName>
                </DBPatternField>
                <DBPatternField>
                    <DBQueryColName>entrytime</DBQueryColName>
                    <FieldName>time</FieldName>
                </DBPatternField>
                <DBPatternField>
                                        <DBQueryColName>key_data</DBQueryColName>
                                        <FieldName>data</FieldName>
                                   </DBPatternField>
            </DBQueryFieldList>
            <IsSystem>0</IsSystem>
            <IsEnabled>1</IsEnabled>
            </DBPattern>
    </Patterns>
        <TagConditions>
            <TagCondition operator="CONTAINS_REGEX" field="udfs1" alertRuleVisible="0">
                <ConditionValues>
                    <ConditionValue>%</ConditionValue>
                </ConditionValues>
                <ConditionTags tagField="mtag">
                    <ConditionTag>#medium_severity_sensor</ConditionTag>
                </ConditionTags>
                <IsSystem>0</IsSystem>
                <IsEnabled>1</IsEnabled>
            </TagCondition>
        </TagConditions>
        <IsHidden>0</IsHidden>
        <IsSMAEnabled>0</IsSMAEnabled>
    </Source>
    <FieldNameMaps>
        <FieldNameMap>
            <Name>udfs1</Name>
            <DisplayName>sensor</DisplayName>
        </FieldNameMap>
        
    </FieldNameMaps>
</LoganContent>