<?xml version="1.0" encoding="UTF-8"?>
<LoganContent oms_version="2.50.2.0.0" name="content_ocid1.tenancy.oc1..aaaaaaaa5s2vdjjrydixjulorcwozffbpna37w5a35p3jhgpyshlkmio6oiq_1650039506307" content_version="2.50.2.0.0" xmlns="http://www.oracle.com/DataCenter/LogAnalyticsStd">
    <Field oms_version="2.50.2.0.0">
        <DisplayName>sensor</DisplayName>
        <FieldType>1</FieldType>
        <IsSystem>0</IsSystem>
        <IsPrimary>1</IsPrimary>
        <DataType>STRING</DataType>
        <IsMetricKeyEligible>0</IsMetricKeyEligible>
        <IsMetricValueEligible>0</IsMetricValueEligible>
        <FacetEligible>1</FacetEligible>
        <RangeFacetEligible>0</RangeFacetEligible>
        <TableEligible>1</TableEligible>
        <FacetPriority>1</FacetPriority>
        <Summarizable>1</Summarizable>
        <HighCardinality>1</HighCardinality>
        <LargeData>0</LargeData>
        <MultiValued>0</MultiValued>
        <SMAEnabledSetting>0</SMAEnabledSetting>
    </Field>
    
    <Tag>
<Name>#low_severity_sensor</Name>
<DisplayName>Low Severity Sensor</DisplayName>
<IsSystem>0</IsSystem>
<ProblemPriority>LOW</ProblemPriority>
</Tag>
    <Source name="EBS Sensor: MFG PO One or more iProcurement responsibilities have a value for the profile MO: Security Profile - Weekly" oms_version="2.50.2.0.0" configWarningSettings="0">
    <SourceType>database_sql</SourceType>
    <TargetTypes>
        <TargetType>omc_oracle_db_instance</TargetType>
        <TargetType>omc_oracle_pdb</TargetType>
    </TargetTypes>
    <DisplayName>EBS Sensor: MFG PO One or more iProcurement responsibilities have a value for the profile MO: Security Profile - Weekly</DisplayName>
    <Description><![CDATA[iProcurement is not MOAC (Multi-Org Access Capable) enabled, however the MO: Security Profile value is set.]]></Description>
    <IsSystem>0</IsSystem>
    <IsSecureContent>1</IsSecureContent>
    <Patterns>
        <DBPattern dateTimeField="entrytime" dateTimeColumns="entrytime">
        <SQLQuery>
            <![CDATA[select 'ME$EBS_MFG_PO_IP_MOAC_PROFILE' sensor, to_timestamp(to_char(sysdate, 'YYYY-MM-DD hh24:mi:ss'), 'YYYY-MM-DD hh24:mi:ss') entrytime, 'ResponsibilityLevel:' || s.ResponsibilityLevel || ', ResponsibilityName:' || s.ResponsibilityName || ', ResponsibilityID:' || s.ResponsibilityID || ', ProfileOption:' || s.ProfileOption || ', ProfileValue:' || s.ProfileValue key_data FROM (select y.ResponsibilityLevel ResponsibilityLevel, y.ResponsibilityName ResponsibilityName, y.ResponsibilityID ResponsibilityID, y.ProfileOption ProfileOption, y.ProfileValue ProfileValue  from   (select z.resp_level ResponsibilityLevel, z.resp_name ResponsibilityName, z.resp_id ResponsibilityID, z.profile_option ProfileOption, z.profile_value ProfileValue, z.last_update_date  from  (SELECT user_profile_option_name profile_option,  a.profile_option_value profile_value,  DECODE(a.level_id, 10003, 'Responsibility') resp_level,  DECODE(a.level_id, 10003, c.responsibility_name) resp_name,  c.responsibility_id resp_id,  a.last_update_date last_update_date  FROM fnd_profile_option_values a,  fnd_application b,  fnd_responsibility_tl c,  fnd_profile_options e,  fnd_profile_options_tl t  WHERE a.profile_option_id = e.profile_option_id  AND a.level_value = b.application_id(+)  AND a.level_value = c.responsibility_id(+)  AND t.profile_option_name = e.profile_option_name  AND t.LANGUAGE = 'US'  AND c.language = 'US'  AND e.profile_option_name IN ('XLA_MO_SECURITY_PROFILE_LEVEL')  AND (a.level_id = 10003   AND UPPER(c.responsibility_name) like '%PROCUREMENT%'  AND c.application_id = 178  AND a.profile_option_value IS NOT NULL)  ) z  ORDER BY z.last_update_date desc) y  WHERE rownum <= 5  ORDER BY y.ProfileOption, y.ResponsibilityName DESC) s]]>
        </SQLQuery>
        <IsInclude>1</IsInclude>
            <InUse>1</InUse>
            <DBQueryFieldList>
                <DBPatternSeqField>entrytime</DBPatternSeqField>
                <DBPatternField>
                    <DBQueryColName>sensor</DBQueryColName>
                    <FieldName>udfs1</FieldName>
                </DBPatternField>
                <DBPatternField>
                    <DBQueryColName>entrytime</DBQueryColName>
                    <FieldName>time</FieldName>
                </DBPatternField>
                <DBPatternField>
                                        <DBQueryColName>key_data</DBQueryColName>
                                        <FieldName>data</FieldName>
                                   </DBPatternField>
            </DBQueryFieldList>
            <IsSystem>0</IsSystem>
            <IsEnabled>1</IsEnabled>
            </DBPattern>
    </Patterns>
        <TagConditions>
            <TagCondition operator="CONTAINS_REGEX" field="udfs1" alertRuleVisible="0">
                <ConditionValues>
                    <ConditionValue>%</ConditionValue>
                </ConditionValues>
                <ConditionTags tagField="mtag">
                    <ConditionTag>#low_severity_sensor</ConditionTag>
                </ConditionTags>
                <IsSystem>0</IsSystem>
                <IsEnabled>1</IsEnabled>
            </TagCondition>
        </TagConditions>
        <IsHidden>0</IsHidden>
        <IsSMAEnabled>0</IsSMAEnabled>
    </Source>
    <FieldNameMaps>
        <FieldNameMap>
            <Name>udfs1</Name>
            <DisplayName>sensor</DisplayName>
        </FieldNameMap>
        
    </FieldNameMaps>
</LoganContent>