<?xml version="1.0" encoding="UTF-8"?>
<LoganContent oms_version="2.50.2.0.0" name="content_ocid1.tenancy.oc1..aaaaaaaa5s2vdjjrydixjulorcwozffbpna37w5a35p3jhgpyshlkmio6oiq_1650039506307" content_version="2.50.2.0.0" xmlns="http://www.oracle.com/DataCenter/LogAnalyticsStd">
    <Field oms_version="2.50.2.0.0">
        <DisplayName>sensor</DisplayName>
        <FieldType>1</FieldType>
        <IsSystem>0</IsSystem>
        <IsPrimary>1</IsPrimary>
        <DataType>STRING</DataType>
        <IsMetricKeyEligible>0</IsMetricKeyEligible>
        <IsMetricValueEligible>0</IsMetricValueEligible>
        <FacetEligible>1</FacetEligible>
        <RangeFacetEligible>0</RangeFacetEligible>
        <TableEligible>1</TableEligible>
        <FacetPriority>1</FacetPriority>
        <Summarizable>1</Summarizable>
        <HighCardinality>1</HighCardinality>
        <LargeData>0</LargeData>
        <MultiValued>0</MultiValued>
        <SMAEnabledSetting>0</SMAEnabledSetting>
    </Field>
    
    <Tag>
<Name>#medium_severity_sensor</Name>
<DisplayName>Medium Severity Sensor</DisplayName>
<IsSystem>0</IsSystem>
<ProblemPriority>MEDIUM</ProblemPriority>
</Tag>
    <Source name="EBS Sensor: FIN AP Invoice Distribution Line exist that are not Reversed correctly when Invoice Line Discarded - Weekly" oms_version="2.50.2.0.0" configWarningSettings="0">
    <SourceType>database_sql</SourceType>
    <TargetTypes>
        <TargetType>omc_oracle_db_instance</TargetType>
        <TargetType>omc_oracle_pdb</TargetType>
    </TargetTypes>
    <DisplayName>EBS Sensor: FIN AP Invoice Distribution Line exist that are not Reversed correctly when Invoice Line Discarded - Weekly</DisplayName>
    <Description><![CDATA[Discarded invoice lines were not fully reversed.]]></Description>
    <IsSystem>0</IsSystem>
    <IsSecureContent>1</IsSecureContent>
    <Patterns>
        <DBPattern dateTimeField="entrytime" dateTimeColumns="entrytime">
        <SQLQuery>
            <![CDATA[select 'ME$EBS_FIN_AP_INCOMPLETE_DISCARDED_LINE' sensor, to_timestamp(to_char(sysdate, 'YYYY-MM-DD hh24:mi:ss'), 'YYYY-MM-DD hh24:mi:ss') entrytime, 'invoice_id:' || s.invoice_id key_data FROM (select invoice_id invoice_id from (WITH invs AS (    SELECT /*+ materialize */ DISTINCT invoice_id         FROM ap_invoice_distributions_all         WHERE accounting_date BETWEEN (trunc(sysdate) - 7) AND           (trunc(sysdate) + 3)  )  SELECT ai.invoice_id  FROM invs,       ap_invoices_all ai,       ap_invoice_lines_all ail,       ap_invoice_distributions_all aid  WHERE ai.invoice_id = ail.invoice_id  AND   ail.invoice_id = aid.invoice_id  AND   ail.line_number = aid.invoice_line_number  AND   ai.cancelled_date is null  AND   nvl(ail.historical_flag,'N') = 'N'  AND   nvl(ail.discarded_flag,'N') = 'Y'  AND   nvl(aid.posted_flag,'N') <> 'Y'  AND   nvl(aid.reversal_flag,'N') = 'Y'  AND   aid.parent_reversal_id is not null  AND   (aid.amount)*-1 <> (          SELECT amount FROM ap_invoice_distributions_all aid1          WHERE aid1.invoice_id = aid.invoice_id          AND   aid1.invoice_distribution_id = aid.parent_reversal_id)  AND   ai.invoice_id = invs.invoice_id  AND   rownum < 2  UNION ALL  SELECT ail.invoice_id  FROM invs,       ap_invoice_lines_all ail  WHERE nvl(ail.discarded_flag,'N') = 'Y'  AND   ail.amount <> 0  AND   nvl(ail.historical_flag,'N') <> 'Y'  AND   (NOT EXISTS (           SELECT 1 FROM ap_invoice_distributions_all aid           WHERE aid.invoice_id = ail.invoice_id           AND   aid.invoice_line_number = ail.line_number) OR        (SELECT sum(aid.amount) FROM ap_invoice_distributions_all aid         WHERE aid.invoice_id = ail.invoice_id         AND   aid.invoice_line_number = ail.line_number) = 0)  AND   ail.invoice_id = invs.invoice_id  AND   rownum < 2  UNION ALL  SELECT ai.invoice_id  FROM invs,       ap_invoices_all ai,       ap_invoice_lines_all ail  WHERE ai.invoice_id = ail.invoice_id  AND   nvl(ail.discarded_flag,'N') <> 'Y'  AND   nvl(ail.cancelled_flag, 'N') <> 'Y'  AND   ail.po_line_location_id is not null  AND   EXISTS (          SELECT 1 FROM ap_invoice_distributions_all dist          WHERE dist.invoice_id = ail.invoice_id          AND   dist.invoice_line_number = ail.line_number          AND   dist.po_distribution_id is not null          AND   dist.reversal_flag = 'Y'  )  AND   ai.invoice_id = invs.invoice_id  AND   rownum < 11)  ORDER BY invoice_id) s]]>
        </SQLQuery>
        <IsInclude>1</IsInclude>
            <InUse>1</InUse>
            <DBQueryFieldList>
                <DBPatternSeqField>entrytime</DBPatternSeqField>
                <DBPatternField>
                    <DBQueryColName>sensor</DBQueryColName>
                    <FieldName>udfs1</FieldName>
                </DBPatternField>
                <DBPatternField>
                    <DBQueryColName>entrytime</DBQueryColName>
                    <FieldName>time</FieldName>
                </DBPatternField>
                <DBPatternField>
                                        <DBQueryColName>key_data</DBQueryColName>
                                        <FieldName>data</FieldName>
                                   </DBPatternField>
            </DBQueryFieldList>
            <IsSystem>0</IsSystem>
            <IsEnabled>1</IsEnabled>
            </DBPattern>
    </Patterns>
        <TagConditions>
            <TagCondition operator="CONTAINS_REGEX" field="udfs1" alertRuleVisible="0">
                <ConditionValues>
                    <ConditionValue>%</ConditionValue>
                </ConditionValues>
                <ConditionTags tagField="mtag">
                    <ConditionTag>#medium_severity_sensor</ConditionTag>
                </ConditionTags>
                <IsSystem>0</IsSystem>
                <IsEnabled>1</IsEnabled>
            </TagCondition>
        </TagConditions>
        <IsHidden>0</IsHidden>
        <IsSMAEnabled>0</IsSMAEnabled>
    </Source>
    <FieldNameMaps>
        <FieldNameMap>
            <Name>udfs1</Name>
            <DisplayName>sensor</DisplayName>
        </FieldNameMap>
        
    </FieldNameMaps>
</LoganContent>