<?xml version="1.0" encoding="UTF-8"?>
<LoganContent oms_version="2.50.2.0.0" name="content_ocid1.tenancy.oc1..aaaaaaaa5s2vdjjrydixjulorcwozffbpna37w5a35p3jhgpyshlkmio6oiq_1650039506307" content_version="2.50.2.0.0" xmlns="http://www.oracle.com/DataCenter/LogAnalyticsStd">
    <Field oms_version="2.50.2.0.0">
        <DisplayName>sensor</DisplayName>
        <FieldType>1</FieldType>
        <IsSystem>0</IsSystem>
        <IsPrimary>1</IsPrimary>
        <DataType>STRING</DataType>
        <IsMetricKeyEligible>0</IsMetricKeyEligible>
        <IsMetricValueEligible>0</IsMetricValueEligible>
        <FacetEligible>1</FacetEligible>
        <RangeFacetEligible>0</RangeFacetEligible>
        <TableEligible>1</TableEligible>
        <FacetPriority>1</FacetPriority>
        <Summarizable>1</Summarizable>
        <HighCardinality>1</HighCardinality>
        <LargeData>0</LargeData>
        <MultiValued>0</MultiValued>
        <SMAEnabledSetting>0</SMAEnabledSetting>
    </Field>
    
    <Tag>
<Name>#medium_severity_sensor</Name>
<DisplayName>Medium Severity Sensor</DisplayName>
<IsSystem>0</IsSystem>
<ProblemPriority>MEDIUM</ProblemPriority>
</Tag>
    <Source name="EBS Sensor: FIN GL The posted status for journal lines do not match header - Weekly" oms_version="2.50.2.0.0" configWarningSettings="0">
    <SourceType>database_sql</SourceType>
    <TargetTypes>
        <TargetType>omc_oracle_db_instance</TargetType>
        <TargetType>omc_oracle_pdb</TargetType>
    </TargetTypes>
    <DisplayName>EBS Sensor: FIN GL The posted status for journal lines do not match header - Weekly</DisplayName>
    <Description><![CDATA[The posted status for one of your lines doesn't match the information at batch or journal level.]]></Description>
    <IsSystem>0</IsSystem>
    <IsSecureContent>1</IsSecureContent>
    <Patterns>
        <DBPattern dateTimeField="entrytime" dateTimeColumns="entrytime">
        <SQLQuery>
            <![CDATA[select 'ME$EBS_FIN_GL_JE_DIFF_STATUS' sensor, to_timestamp(to_char(sysdate, 'YYYY-MM-DD hh24:mi:ss'), 'YYYY-MM-DD hh24:mi:ss') entrytime, 'batch_name:' || s.batch_name || ', batch_status:' || s.batch_status || ', header_status:' || s.header_status || ', line_status:' || s.line_status || ', header_ledger_id:' || s.header_ledger_id || ', header_period_name:' || s.header_period_name key_data FROM (SELECT DISTINCT      b_name batch_name,    b_status batch_status,    h_status header_status,    l_status line_status,    h_ledger_id header_ledger_id,    h_period_name  header_period_name  FROM    ( WITH ledger AS    (SELECT UNIQUE gpm.period_name,      gps.closing_status,      led.*    FROM gl_ledgers led,      GL.GL_DATE_PERIOD_MAP gpm,      gl_period_statuses gps    WHERE extract(YEAR FROM gpm.accounting_date)= extract(YEAR FROM sysdate )    AND gpm.period_set_name                     =led.period_set_name    AND gpm.period_type                         =led.accounted_period_type    AND led.complete_flag                       ='Y'    AND led.FIRST_LEDGER_PERIOD_NAME           IS NOT NULL    AND gps.ledger_id                           =led.ledger_id    AND gpm.period_name                         =gps.period_name    AND gps.application_id                      =101    AND gps.closing_status                     IN ('C', 'O','P', 'F')    )  SELECT jeb.je_batch_id ,    jeb.name b_name,    jel.je_header_id,    jeh.name h_name,    jeh.ledger_id h_ledger_id,    jeh.period_name h_period_name,    jeb.status b_status,    jeh.status h_status,    jel.status l_status  FROM gl_je_lines jel,    gl_je_headers jeh,    gl_je_batches jeb,    ledger led  WHERE jeh.ledger_id                     =led.ledger_id  AND jeh.je_header_id                    = jel.je_header_id  AND jeb.je_batch_id                     = jeh.je_batch_id  AND jel.period_name                     =led.period_name  AND (DECODE(jeh.status, 'P', 'P', 'U') != DECODE(jel.status, 'P', 'P', 'U')  OR (DECODE(jeb.status, 'P', 'P', 'U')  != DECODE(jel.status, 'P', 'P', 'U')) )    ) WHERE rownum < 2) s]]>
        </SQLQuery>
        <IsInclude>1</IsInclude>
            <InUse>1</InUse>
            <DBQueryFieldList>
                <DBPatternSeqField>entrytime</DBPatternSeqField>
                <DBPatternField>
                    <DBQueryColName>sensor</DBQueryColName>
                    <FieldName>udfs1</FieldName>
                </DBPatternField>
                <DBPatternField>
                    <DBQueryColName>entrytime</DBQueryColName>
                    <FieldName>time</FieldName>
                </DBPatternField>
                <DBPatternField>
                                        <DBQueryColName>key_data</DBQueryColName>
                                        <FieldName>data</FieldName>
                                   </DBPatternField>
            </DBQueryFieldList>
            <IsSystem>0</IsSystem>
            <IsEnabled>1</IsEnabled>
            </DBPattern>
    </Patterns>
        <TagConditions>
            <TagCondition operator="CONTAINS_REGEX" field="udfs1" alertRuleVisible="0">
                <ConditionValues>
                    <ConditionValue>%</ConditionValue>
                </ConditionValues>
                <ConditionTags tagField="mtag">
                    <ConditionTag>#medium_severity_sensor</ConditionTag>
                </ConditionTags>
                <IsSystem>0</IsSystem>
                <IsEnabled>1</IsEnabled>
            </TagCondition>
        </TagConditions>
        <IsHidden>0</IsHidden>
        <IsSMAEnabled>0</IsSMAEnabled>
    </Source>
    <FieldNameMaps>
        <FieldNameMap>
            <Name>udfs1</Name>
            <DisplayName>sensor</DisplayName>
        </FieldNameMap>
        
    </FieldNameMaps>
</LoganContent>