<?xml version="1.0" encoding="UTF-8"?>
<LoganContent oms_version="2.50.2.0.0" name="content_ocid1.tenancy.oc1..aaaaaaaa5s2vdjjrydixjulorcwozffbpna37w5a35p3jhgpyshlkmio6oiq_1650039506307" content_version="2.50.2.0.0" xmlns="http://www.oracle.com/DataCenter/LogAnalyticsStd">
    <Field oms_version="2.50.2.0.0">
        <DisplayName>sensor</DisplayName>
        <FieldType>1</FieldType>
        <IsSystem>0</IsSystem>
        <IsPrimary>1</IsPrimary>
        <DataType>STRING</DataType>
        <IsMetricKeyEligible>0</IsMetricKeyEligible>
        <IsMetricValueEligible>0</IsMetricValueEligible>
        <FacetEligible>1</FacetEligible>
        <RangeFacetEligible>0</RangeFacetEligible>
        <TableEligible>1</TableEligible>
        <FacetPriority>1</FacetPriority>
        <Summarizable>1</Summarizable>
        <HighCardinality>1</HighCardinality>
        <LargeData>0</LargeData>
        <MultiValued>0</MultiValued>
        <SMAEnabledSetting>0</SMAEnabledSetting>
    </Field>
    
    <Tag>
<Name>#medium_severity_sensor</Name>
<DisplayName>Medium Severity Sensor</DisplayName>
<IsSystem>0</IsSystem>
<ProblemPriority>MEDIUM</ProblemPriority>
</Tag>
    <Source name="EBS Sensor: MFG INV Duplicate Sales Order Transactions Exist - Weekly" oms_version="2.50.2.0.0" configWarningSettings="0">
    <SourceType>database_sql</SourceType>
    <TargetTypes>
        <TargetType>omc_oracle_db_instance</TargetType>
        <TargetType>omc_oracle_pdb</TargetType>
    </TargetTypes>
    <DisplayName>EBS Sensor: MFG INV Duplicate Sales Order Transactions Exist - Weekly</DisplayName>
    <Description><![CDATA[Duplicate sales order transactions between the inventory transaction tables MTI, MMTT, and MMT.]]></Description>
    <IsSystem>0</IsSystem>
    <IsSecureContent>1</IsSecureContent>
    <Patterns>
        <DBPattern dateTimeField="entrytime" dateTimeColumns="entrytime">
        <SQLQuery>
            <![CDATA[select 'ME$EBS_MFG_INV_DUPES_MTI_MMTT_MMT' sensor, to_timestamp(to_char(sysdate, 'YYYY-MM-DD hh24:mi:ss'), 'YYYY-MM-DD hh24:mi:ss') entrytime, 'Duplicate_Count:' || s.Duplicate_Count || ', organization_id:' || s.organization_id key_data FROM (select Duplicate_Count Duplicate_Count,  organization_id organization_id  from  (select 'MMT(1) vs. MTI(2)' Duplicate_Count, b.transaction_id id1, a.transaction_interface_id id2, a.inventory_item_id, a.organization_id organization_id, a.picking_line_id, a.trx_source_line_id, b.transaction_type_id, b.transaction_source_type_id   from apps.mtl_material_transactions b, apps.mtl_transactions_interface a  where a.picking_line_id = b.picking_line_id  and a.trx_source_line_id = b.trx_source_line_id  and a.inventory_item_id = b.inventory_item_id  and b.transaction_type_id = a.transaction_type_id  and b.transaction_source_type_id in (2,8)  and b.picking_line_id is not null  and rownum < 10  UNION  select 'MMTT(1) vs. MTI(2)' Duplicate_Count, b.transaction_temp_id id1, a.transaction_interface_id id2, a.inventory_item_id, a.organization_id organization_id, a.picking_line_id, a.trx_source_line_id, b.transaction_type_id, b.transaction_source_type_id  from apps.mtl_material_transactions_temp b, apps.mtl_transactions_interface a  where a.picking_line_id = b.picking_line_id  and a.trx_source_line_id = b.trx_source_line_id  and a.inventory_item_id = b.inventory_item_id  and b.transaction_type_id = a.transaction_type_id  and b.transaction_source_type_id in (2,8)  and b.picking_line_id is not null  and rownum < 10  UNION   select 'MMT(1) vs. MMTT(2)' Duplicate_Count, b.transaction_id id1, a.transaction_temp_id id2, a.inventory_item_id, a.organization_id organization_id, a.picking_line_id, a.trx_source_line_id, b.transaction_type_id, b.transaction_source_type_id  from apps.mtl_material_transactions b, apps.mtl_material_transactions_temp a  where a.picking_line_id = b.picking_line_id  and a.trx_source_line_id = b.trx_source_line_id  and a.inventory_item_id = b.inventory_item_id  and b.transaction_type_id = a.transaction_type_id  and b.transaction_source_type_id in ( 2,8)  and b.picking_line_id is not null  and rownum < 10)) s]]>
        </SQLQuery>
        <IsInclude>1</IsInclude>
            <InUse>1</InUse>
            <DBQueryFieldList>
                <DBPatternSeqField>entrytime</DBPatternSeqField>
                <DBPatternField>
                    <DBQueryColName>sensor</DBQueryColName>
                    <FieldName>udfs1</FieldName>
                </DBPatternField>
                <DBPatternField>
                    <DBQueryColName>entrytime</DBQueryColName>
                    <FieldName>time</FieldName>
                </DBPatternField>
                <DBPatternField>
                                        <DBQueryColName>key_data</DBQueryColName>
                                        <FieldName>data</FieldName>
                                   </DBPatternField>
            </DBQueryFieldList>
            <IsSystem>0</IsSystem>
            <IsEnabled>1</IsEnabled>
            </DBPattern>
    </Patterns>
        <TagConditions>
            <TagCondition operator="CONTAINS_REGEX" field="udfs1" alertRuleVisible="0">
                <ConditionValues>
                    <ConditionValue>%</ConditionValue>
                </ConditionValues>
                <ConditionTags tagField="mtag">
                    <ConditionTag>#medium_severity_sensor</ConditionTag>
                </ConditionTags>
                <IsSystem>0</IsSystem>
                <IsEnabled>1</IsEnabled>
            </TagCondition>
        </TagConditions>
        <IsHidden>0</IsHidden>
        <IsSMAEnabled>0</IsSMAEnabled>
    </Source>
    <FieldNameMaps>
        <FieldNameMap>
            <Name>udfs1</Name>
            <DisplayName>sensor</DisplayName>
        </FieldNameMap>
        
    </FieldNameMaps>
</LoganContent>