<?xml version="1.0" encoding="UTF-8"?>
<LoganContent oms_version="2.50.2.0.0" name="content_ocid1.tenancy.oc1..aaaaaaaa5s2vdjjrydixjulorcwozffbpna37w5a35p3jhgpyshlkmio6oiq_1650039506307" content_version="2.50.2.0.0" xmlns="http://www.oracle.com/DataCenter/LogAnalyticsStd">
    <Field oms_version="2.50.2.0.0">
        <DisplayName>sensor</DisplayName>
        <FieldType>1</FieldType>
        <IsSystem>0</IsSystem>
        <IsPrimary>1</IsPrimary>
        <DataType>STRING</DataType>
        <IsMetricKeyEligible>0</IsMetricKeyEligible>
        <IsMetricValueEligible>0</IsMetricValueEligible>
        <FacetEligible>1</FacetEligible>
        <RangeFacetEligible>0</RangeFacetEligible>
        <TableEligible>1</TableEligible>
        <FacetPriority>1</FacetPriority>
        <Summarizable>1</Summarizable>
        <HighCardinality>1</HighCardinality>
        <LargeData>0</LargeData>
        <MultiValued>0</MultiValued>
        <SMAEnabledSetting>0</SMAEnabledSetting>
    </Field>
    
    <Tag>
<Name>#medium_severity_sensor</Name>
<DisplayName>Medium Severity Sensor</DisplayName>
<IsSystem>0</IsSystem>
<ProblemPriority>MEDIUM</ProblemPriority>
</Tag>
    <Source name="EBS Sensor: FIN AP Values of Match Type and Dist Match Type are not in sync - Weekly" oms_version="2.50.2.0.0" configWarningSettings="0">
    <SourceType>database_sql</SourceType>
    <TargetTypes>
        <TargetType>omc_oracle_db_instance</TargetType>
        <TargetType>omc_oracle_pdb</TargetType>
    </TargetTypes>
    <DisplayName>EBS Sensor: FIN AP Values of Match Type and Dist Match Type are not in sync - Weekly</DisplayName>
    <Description><![CDATA[Match_type and dist_match_type are not in sync causing incorrect results when matching.]]></Description>
    <IsSystem>0</IsSystem>
    <IsSecureContent>1</IsSecureContent>
    <Patterns>
        <DBPattern dateTimeField="entrytime" dateTimeColumns="entrytime">
        <SQLQuery>
            <![CDATA[select 'ME$EBS_FIN_AP_SYNC_MATCH_TYPE' sensor, to_timestamp(to_char(sysdate, 'YYYY-MM-DD hh24:mi:ss'), 'YYYY-MM-DD hh24:mi:ss') entrytime, 'invoice_id:' || s.invoice_id key_data FROM (SELECT      invoice_id invoice_id  FROM      (          WITH invs AS (              SELECT /*+ materialize */ DISTINCT                  invoice_id              FROM                  apps.ap_invoice_distributions_all              WHERE                  accounting_date BETWEEN ( trunc(sysdate) - 7 ) AND ( trunc(sysdate) + 3 )          )  /*SPLIT_HERE*/          SELECT              ai.invoice_id          FROM              invs,              apps.ap_invoices_all              ai,              apps.ap_invoice_lines_all         ail,              apps.ap_invoice_distributions_all aid,              apps.po_line_locations_all        pll          WHERE                  ai.invoice_id = invs.invoice_id              AND ail.invoice_id = ai.invoice_id              AND aid.invoice_id = ail.invoice_id              AND aid.invoice_line_number = ail.line_number              AND ail.corrected_inv_id IS NULL              AND ail.corrected_line_number IS NULL              AND ail.po_line_location_id IS NOT NULL              AND ail.po_line_location_id = pll.line_location_id              AND ( nvl(ail.match_type, 'NOT_MATCHED') <> nvl(aid.dist_match_type, 'NOT_MATCHED')                    OR nvl(ail.match_type, 'NOT_MATCHED') = 'NOT_MATCHED' )              AND ail.line_type_lookup_code IN ( 'ITEM', 'FREIGHT', 'MISCELLANEOUS' )              AND ( ( aid.line_type_lookup_code IN ( 'ITEM', 'ACCRUAL', 'FREIGHT', 'MISCELLANEOUS' )                      AND nvl(ail.match_type, 'NOT_MATCHED') <> nvl(aid.dist_match_type, 'NOT_MATCHED') )                    OR nvl(ail.match_type, 'XXX') <> (                  CASE                      WHEN ( ail.rcv_transaction_id IS NOT NULL                             AND pll.matching_basis = 'QUANTITY'                             AND ail.line_type_lookup_code = 'ITEM' ) THEN                          'ITEM_TO_RECEIPT'                      WHEN ( ail.rcv_transaction_id IS NOT NULL                             AND pll.matching_basis = 'AMOUNT'                             AND ail.line_type_lookup_code = 'ITEM' ) THEN                          'ITEM_TO_SERVICE_RECEIPT'                      WHEN ( ail.rcv_transaction_id IS NOT NULL                             AND ail.line_type_lookup_code IN ( 'FREIGHT', 'MISCELLANEOUS' ) ) THEN                          'OTHER_TO_RECEIPT'                      WHEN ( ail.rcv_transaction_id IS NULL                             AND ail.po_line_location_id IS NOT NULL                             AND pll.matching_basis = 'QUANTITY'                             AND ail.line_type_lookup_code = 'ITEM' ) THEN                          'ITEM_TO_PO'                      WHEN ( ail.rcv_transaction_id IS NULL                             AND ail.po_line_location_id IS NOT NULL                             AND pll.matching_basis = 'AMOUNT'                             AND ail.line_type_lookup_code = 'ITEM' ) THEN                          'ITEM_TO_SERVICE_PO'                      WHEN ( ail.rcv_transaction_id IS NULL                             AND ail.po_line_location_id IS NULL ) THEN                          'NOT_MATCHED'                  END              ) )          UNION          SELECT              ai.invoice_id          FROM              invs,              apps.ap_invoices_all              ai,              apps.ap_invoice_lines_all         ail,              apps.ap_invoice_distributions_all aid          WHERE                  ai.invoice_id = invs.invoice_id              AND ai.invoice_id = ail.invoice_id              AND ail.invoice_id = aid.invoice_id              AND aid.invoice_line_number = ail.line_number              AND ail.match_type IN ( 'ITEM_TO_PO', 'ITEM_TO_RECEIPT' )              AND nvl(ail.discarded_flag, 'N') <> 'Y'              AND nvl(ail.cancelled_flag, 'N') <> 'Y'              AND ail.po_header_id IS NULL              AND ail.po_line_id IS NULL              AND ail.po_line_location_id IS NULL              AND ail.po_distribution_id IS NULL              AND ail.rcv_transaction_id IS NULL              AND ail.corrected_inv_id IS NULL              AND ail.corrected_line_number IS NULL          UNION          SELECT              ai.invoice_id          FROM              invs,              apps.ap_invoices_all              ai,              apps.ap_invoice_lines_all         ail,              apps.ap_invoice_distributions_all aid          WHERE                  ai.invoice_id = invs.invoice_id              AND ai.invoice_id = ail.invoice_id              AND ail.invoice_id = aid.invoice_id              AND aid.invoice_line_number = ail.line_number              AND aid.line_type_lookup_code IN ( 'ITEM', 'FREIGHT', 'MISCELLANEOUS' )              AND aid.po_distribution_id IS NULL              AND aid.rcv_transaction_id IS NULL              AND aid.dist_match_type IS NULL              AND ail.line_source IN ( 'MANUAL LINE ENTRY', 'IMPORTED' )              AND ail.po_header_id IS NULL              AND ail.po_line_id IS NULL              AND ail.po_line_location_id IS NULL  /*SPLIT_HERE*/      )  WHERE      ROWNUM < 11  ORDER BY      invoice_id) s]]>
        </SQLQuery>
        <IsInclude>1</IsInclude>
            <InUse>1</InUse>
            <DBQueryFieldList>
                <DBPatternSeqField>entrytime</DBPatternSeqField>
                <DBPatternField>
                    <DBQueryColName>sensor</DBQueryColName>
                    <FieldName>udfs1</FieldName>
                </DBPatternField>
                <DBPatternField>
                    <DBQueryColName>entrytime</DBQueryColName>
                    <FieldName>time</FieldName>
                </DBPatternField>
                <DBPatternField>
                                        <DBQueryColName>key_data</DBQueryColName>
                                        <FieldName>data</FieldName>
                                   </DBPatternField>
            </DBQueryFieldList>
            <IsSystem>0</IsSystem>
            <IsEnabled>1</IsEnabled>
            </DBPattern>
    </Patterns>
        <TagConditions>
            <TagCondition operator="CONTAINS_REGEX" field="udfs1" alertRuleVisible="0">
                <ConditionValues>
                    <ConditionValue>%</ConditionValue>
                </ConditionValues>
                <ConditionTags tagField="mtag">
                    <ConditionTag>#medium_severity_sensor</ConditionTag>
                </ConditionTags>
                <IsSystem>0</IsSystem>
                <IsEnabled>1</IsEnabled>
            </TagCondition>
        </TagConditions>
        <IsHidden>0</IsHidden>
        <IsSMAEnabled>0</IsSMAEnabled>
    </Source>
    <FieldNameMaps>
        <FieldNameMap>
            <Name>udfs1</Name>
            <DisplayName>sensor</DisplayName>
        </FieldNameMap>
        
    </FieldNameMaps>
</LoganContent>