<?xml version="1.0" encoding="UTF-8"?>
<LoganContent oms_version="2.50.2.0.0" name="content_ocid1.tenancy.oc1..aaaaaaaa5s2vdjjrydixjulorcwozffbpna37w5a35p3jhgpyshlkmio6oiq_1650039506307" content_version="2.50.2.0.0" xmlns="http://www.oracle.com/DataCenter/LogAnalyticsStd">
    <Field oms_version="2.50.2.0.0">
        <DisplayName>sensor</DisplayName>
        <FieldType>1</FieldType>
        <IsSystem>0</IsSystem>
        <IsPrimary>1</IsPrimary>
        <DataType>STRING</DataType>
        <IsMetricKeyEligible>0</IsMetricKeyEligible>
        <IsMetricValueEligible>0</IsMetricValueEligible>
        <FacetEligible>1</FacetEligible>
        <RangeFacetEligible>0</RangeFacetEligible>
        <TableEligible>1</TableEligible>
        <FacetPriority>1</FacetPriority>
        <Summarizable>1</Summarizable>
        <HighCardinality>1</HighCardinality>
        <LargeData>0</LargeData>
        <MultiValued>0</MultiValued>
        <SMAEnabledSetting>0</SMAEnabledSetting>
    </Field>
    
    <Tag>
<Name>#medium_severity_sensor</Name>
<DisplayName>Medium Severity Sensor</DisplayName>
<IsSystem>0</IsSystem>
<ProblemPriority>MEDIUM</ProblemPriority>
</Tag>
    <Source name="EBS Sensor: MFG PO Oracle Text Intermedia search index is out of sync for some items in iProcurement Catalog - Weekly" oms_version="2.50.2.0.0" configWarningSettings="0">
    <SourceType>database_sql</SourceType>
    <TargetTypes>
        <TargetType>omc_oracle_db_instance</TargetType>
        <TargetType>omc_oracle_pdb</TargetType>
    </TargetTypes>
    <DisplayName>EBS Sensor: MFG PO Oracle Text Intermedia search index is out of sync for some items in iProcurement Catalog - Weekly</DisplayName>
    <Description><![CDATA[Oracle Text (previously Intermedia) search index is out of sync for some items, and will result in search by Item Number sometimes not returning results]]></Description>
    <IsSystem>0</IsSystem>
    <IsSecureContent>1</IsSecureContent>
    <Patterns>
        <DBPattern dateTimeField="entrytime" dateTimeColumns="entrytime">
        <SQLQuery>
            <![CDATA[select 'ME$EBS_MFG_PO_IP_INTERMEDIA_ORACLE_TEXT_SEARCH_ISSUES' sensor, to_timestamp(to_char(sysdate, 'YYYY-MM-DD hh24:mi:ss'), 'YYYY-MM-DD hh24:mi:ss') entrytime, 'Operating_Unit_Id:' || s.Operating_Unit_Id || ', Item_Number:' || s.Item_Number || ', Description:' || s.Description || ', Last_Update_Date:' || s.Last_Update_Date || ', Inventory_Item_Id:' || s.Inventory_Item_Id || ', Item_Type:' || s.Item_Type key_data FROM (SELECT RecentItems.org_id Operating_Unit_Id, RecentItems.segment1 Item_Number, RecentItems.description Description, last_update_date Last_Update_Date, RecentItems.inventory_item_id Inventory_Item_Id, RecentItems.item_type Item_Type  FROM  (SELECT icicht.creation_date, icicht.last_update_date, icicht.org_id, msib.segment1, msib.description, icicht.inventory_item_id,   icicht.unit_price, icicht.ip_category_name, icicht.po_category_id, icicht.item_type, contains(icicht.ctx_desc, msib.segment1)  FROM apps.icx_cat_items_ctx_hdrs_tlp icicht, mtl_system_items_b msib, (  select inventory_item_id from (  select inventory_item_id from apps.icx_cat_items_ctx_hdrs_tlp icicht  where icicht.last_update_date > sysdate - 365  AND icicht.source_type = 'MASTER_ITEM'  order by last_update_date desc)  WHERE rownum < 1000  ) RecentUpdatedOrCreatedIcxItem  WHERE NOT EXISTS     (select 1 from apps.icx_cat_items_ctx_hdrs_tlp icichtb      where contains(icichtb.ctx_desc, msib.segment1) > 0      )  AND msib.organization_id = icicht.org_id  AND msib.inventory_item_id = icicht.inventory_item_id  and icicht.source_type = 'MASTER_ITEM'  and icicht.inventory_item_id = RecentUpdatedOrCreatedIcxItem.inventory_item_id  and rownum <= 1000  order by icicht.org_id, icicht.last_update_date desc) RecentItems  where rownum <=5) s]]>
        </SQLQuery>
        <IsInclude>1</IsInclude>
            <InUse>1</InUse>
            <DBQueryFieldList>
                <DBPatternSeqField>entrytime</DBPatternSeqField>
                <DBPatternField>
                    <DBQueryColName>sensor</DBQueryColName>
                    <FieldName>udfs1</FieldName>
                </DBPatternField>
                <DBPatternField>
                    <DBQueryColName>entrytime</DBQueryColName>
                    <FieldName>time</FieldName>
                </DBPatternField>
                <DBPatternField>
                                        <DBQueryColName>key_data</DBQueryColName>
                                        <FieldName>data</FieldName>
                                   </DBPatternField>
            </DBQueryFieldList>
            <IsSystem>0</IsSystem>
            <IsEnabled>1</IsEnabled>
            </DBPattern>
    </Patterns>
        <TagConditions>
            <TagCondition operator="CONTAINS_REGEX" field="udfs1" alertRuleVisible="0">
                <ConditionValues>
                    <ConditionValue>%</ConditionValue>
                </ConditionValues>
                <ConditionTags tagField="mtag">
                    <ConditionTag>#medium_severity_sensor</ConditionTag>
                </ConditionTags>
                <IsSystem>0</IsSystem>
                <IsEnabled>1</IsEnabled>
            </TagCondition>
        </TagConditions>
        <IsHidden>0</IsHidden>
        <IsSMAEnabled>0</IsSMAEnabled>
    </Source>
    <FieldNameMaps>
        <FieldNameMap>
            <Name>udfs1</Name>
            <DisplayName>sensor</DisplayName>
        </FieldNameMap>
        
    </FieldNameMaps>
</LoganContent>