<?xml version="1.0" encoding="UTF-8"?>
<LoganContent oms_version="2.50.2.0.0" name="content_ocid1.tenancy.oc1..aaaaaaaa5s2vdjjrydixjulorcwozffbpna37w5a35p3jhgpyshlkmio6oiq_1650039506307" content_version="2.50.2.0.0" xmlns="http://www.oracle.com/DataCenter/LogAnalyticsStd">
    <Field oms_version="2.50.2.0.0">
        <DisplayName>sensor</DisplayName>
        <FieldType>1</FieldType>
        <IsSystem>0</IsSystem>
        <IsPrimary>1</IsPrimary>
        <DataType>STRING</DataType>
        <IsMetricKeyEligible>0</IsMetricKeyEligible>
        <IsMetricValueEligible>0</IsMetricValueEligible>
        <FacetEligible>1</FacetEligible>
        <RangeFacetEligible>0</RangeFacetEligible>
        <TableEligible>1</TableEligible>
        <FacetPriority>1</FacetPriority>
        <Summarizable>1</Summarizable>
        <HighCardinality>1</HighCardinality>
        <LargeData>0</LargeData>
        <MultiValued>0</MultiValued>
        <SMAEnabledSetting>0</SMAEnabledSetting>
    </Field>
    
    <Tag>
<Name>#medium_severity_sensor</Name>
<DisplayName>Medium Severity Sensor</DisplayName>
<IsSystem>0</IsSystem>
<ProblemPriority>MEDIUM</ProblemPriority>
</Tag>
    <Source name="EBS Sensor: FIN AP AMOUNT APPLICABLE TO DISCOUNT is wrong on AP INVOICES ALL - Weekly" oms_version="2.50.2.0.0" configWarningSettings="0">
    <SourceType>database_sql</SourceType>
    <TargetTypes>
        <TargetType>omc_oracle_db_instance</TargetType>
        <TargetType>omc_oracle_pdb</TargetType>
    </TargetTypes>
    <DisplayName>EBS Sensor: FIN AP AMOUNT APPLICABLE TO DISCOUNT is wrong on AP INVOICES ALL - Weekly</DisplayName>
    <Description><![CDATA[The AMOUNT_APPLICABLE_TO_DISCOUNT was incorrectly updated causing incorrect discounts in AP_PAYMENT_SCHEDULES_ALL and over payment to suppliers.]]></Description>
    <IsSystem>0</IsSystem>
    <IsSecureContent>1</IsSecureContent>
    <Patterns>
        <DBPattern dateTimeField="entrytime" dateTimeColumns="entrytime">
        <SQLQuery>
            <![CDATA[select 'ME$EBS_FIN_AP_AMT_APPLIED_TO_DISCOUNT' sensor, to_timestamp(to_char(sysdate, 'YYYY-MM-DD hh24:mi:ss'), 'YYYY-MM-DD hh24:mi:ss') entrytime, 'invoice_id:' || s.invoice_id key_data FROM (SELECT ai.invoice_id invoice_id       FROM ap_invoices_all ai,            ap_terms_lines atl,            ( SELECT DISTINCT invoice_id FROM ap_invoice_distributions_all WHERE accounting_date BETWEEN (trunc(sysdate) - 7) AND (trunc(sysdate) + 3) ) invs       WHERE atl.term_id = ai.terms_id       AND   ai.invoice_amount <> 0       AND   ai.historical_flag is null       AND   ai.cancelled_date is null       AND   ai.invoice_type_lookup_code NOT IN ('INTEREST')       AND   nvl(ai.amount_applicable_to_discount, 0) <>               (ai.invoice_amount -                 (CASE                    WHEN nvl(ai.exclude_freight_from_discount, 'N') = 'Y' THEN                      nvl(ap_invoices_utility_pkg.get_freight_total(                            ai.invoice_id,                            ai.org_id),0)                    ELSE 0                  END) -                 (CASE                    WHEN nvl(ai.net_of_retainage_flag, 'N') = 'N' THEN                      nvl(abs(ap_invoices_utility_pkg.get_retained_total(                                ai.invoice_id,                                ai.org_id))                        ,0)                    ELSE 0                  END) -                 (CASE                    WHEN nvl(ai.disc_is_inv_less_tax_flag, 'N') = 'Y' THEN                      nvl(ai.total_tax_amount, 0)                    ELSE 0                  END) -    	     (nvl((                    SELECT (0 - sum(nvl(amount,0)))                    FROM ap_invoice_distributions_all aid_awt                    WHERE aid_awt.invoice_id = ai.invoice_id                    AND   line_type_lookup_code = 'AWT')                  , 0)) -                 (CASE                    WHEN nvl(ai.exclude_freight_from_discount, 'N') = 'Y' THEN    	          nvl((                        SELECT nvl(sum(aid_awt.Amount),0)                        FROM ap_invoice_distributions_all aid_fre,                             ap_invoice_distributions_all aid_awt                        WHERE aid_fre.invoice_id = ai.invoice_id                        AND   aid_fre.invoice_id = aid_awt.invoice_id                        AND   aid_fre.line_type_lookup_code = 'FREIGHT'                        AND   aid_awt.line_type_lookup_code = 'AWT'                        AND   aid_fre.invoice_distribution_id = aid_awt.awt_related_id)                      ,0)                    ELSE 0                  END))                       AND   ai.invoice_id = invs.invoice_id                       AND COALESCE(atl.discount_percent,                      atl.discount_percent_2,                        atl.discount_percent_3) is not null  order by invoice_id) s]]>
        </SQLQuery>
        <IsInclude>1</IsInclude>
            <InUse>1</InUse>
            <DBQueryFieldList>
                <DBPatternSeqField>entrytime</DBPatternSeqField>
                <DBPatternField>
                    <DBQueryColName>sensor</DBQueryColName>
                    <FieldName>udfs1</FieldName>
                </DBPatternField>
                <DBPatternField>
                    <DBQueryColName>entrytime</DBQueryColName>
                    <FieldName>time</FieldName>
                </DBPatternField>
                <DBPatternField>
                                        <DBQueryColName>key_data</DBQueryColName>
                                        <FieldName>data</FieldName>
                                   </DBPatternField>
            </DBQueryFieldList>
            <IsSystem>0</IsSystem>
            <IsEnabled>1</IsEnabled>
            </DBPattern>
    </Patterns>
        <TagConditions>
            <TagCondition operator="CONTAINS_REGEX" field="udfs1" alertRuleVisible="0">
                <ConditionValues>
                    <ConditionValue>%</ConditionValue>
                </ConditionValues>
                <ConditionTags tagField="mtag">
                    <ConditionTag>#medium_severity_sensor</ConditionTag>
                </ConditionTags>
                <IsSystem>0</IsSystem>
                <IsEnabled>1</IsEnabled>
            </TagCondition>
        </TagConditions>
        <IsHidden>0</IsHidden>
        <IsSMAEnabled>0</IsSMAEnabled>
    </Source>
    <FieldNameMaps>
        <FieldNameMap>
            <Name>udfs1</Name>
            <DisplayName>sensor</DisplayName>
        </FieldNameMap>
        
    </FieldNameMaps>
</LoganContent>