<?xml version="1.0" encoding="UTF-8"?>
<LoganContent oms_version="2.50.2.0.0" name="content_ocid1.tenancy.oc1..aaaaaaaa5s2vdjjrydixjulorcwozffbpna37w5a35p3jhgpyshlkmio6oiq_1650039506307" content_version="2.50.2.0.0" xmlns="http://www.oracle.com/DataCenter/LogAnalyticsStd">
    <Field oms_version="2.50.2.0.0">
        <DisplayName>sensor</DisplayName>
        <FieldType>1</FieldType>
        <IsSystem>0</IsSystem>
        <IsPrimary>1</IsPrimary>
        <DataType>STRING</DataType>
        <IsMetricKeyEligible>0</IsMetricKeyEligible>
        <IsMetricValueEligible>0</IsMetricValueEligible>
        <FacetEligible>1</FacetEligible>
        <RangeFacetEligible>0</RangeFacetEligible>
        <TableEligible>1</TableEligible>
        <FacetPriority>1</FacetPriority>
        <Summarizable>1</Summarizable>
        <HighCardinality>1</HighCardinality>
        <LargeData>0</LargeData>
        <MultiValued>0</MultiValued>
        <SMAEnabledSetting>0</SMAEnabledSetting>
    </Field>
    
    <Tag>
<Name>#medium_severity_sensor</Name>
<DisplayName>Medium Severity Sensor</DisplayName>
<IsSystem>0</IsSystem>
<ProblemPriority>MEDIUM</ProblemPriority>
</Tag>
    <Source name="EBS Sensor: MFG PO Missing Accounting in RCV RECEIVING SUB LEDGER and View Receiving Accounting Form - Weekly" oms_version="2.50.2.0.0" configWarningSettings="0">
    <SourceType>database_sql</SourceType>
    <TargetTypes>
        <TargetType>omc_oracle_db_instance</TargetType>
        <TargetType>omc_oracle_pdb</TargetType>
    </TargetTypes>
    <DisplayName>EBS Sensor: MFG PO Missing Accounting in RCV RECEIVING SUB LEDGER and View Receiving Accounting Form - Weekly</DisplayName>
    <Description><![CDATA[Receiving Transaction Summary > Tools > View Accounting doesn't show any accounting entries for expense destination PO set to Accrue at Receipt]]></Description>
    <IsSystem>0</IsSystem>
    <IsSecureContent>1</IsSecureContent>
    <Patterns>
        <DBPattern dateTimeField="entrytime" dateTimeColumns="entrytime">
        <SQLQuery>
            <![CDATA[select 'ME$EBS_MFG_PO_MISSING_ACCOUNTING_RECEIVE_TRANSACTIONS' sensor, to_timestamp(to_char(sysdate, 'YYYY-MM-DD hh24:mi:ss'), 'YYYY-MM-DD hh24:mi:ss') entrytime, 'rcv_transaction_id:' || s.rcv_transaction_id || ', rcv_transaction_date:' || s.rcv_transaction_date || ', rcv_transaction_type:' || s.rcv_transaction_type || ', Quantity_Received:' || s.Quantity_Received || ', receipt_line_id:' || s.receipt_line_id || ', PO_Line_location:' || s.PO_Line_location key_data FROM (SELECT   T1.transaction_id rcv_transaction_id,  T1.transaction_date rcv_transaction_date,  T1.transaction_type rcv_transaction_type,   T1.Quantity Quantity_Received,  T1.shipment_line_id receipt_line_id,  T1.po_line_location_id PO_Line_location  FROM RCV_TRANSACTIONS T1,  MTL_PARAMETERS mp   WHERE t1.organization_id = mp.ORGANIZATION_ID    AND  NVL(mp.process_enabled_flag, 'N') <> 'Y'    AND t1.transaction_type in ('RECEIVE','RETURN TO VENDOR','CORRECT')    AND NOT (t1.transaction_type = 'CORRECT' and t1.destination_type_code = 'INVENTORY')    AND NOT (t1.transaction_type = 'CORRECT' and t1.destination_type_code = 'EXPENSE')    AND NOT (t1.transaction_type = 'CORRECT' and t1.destination_type_code = 'SHOP FLOOR')    AND EXISTS          (SELECT 1             FROM PO_LINE_LOCATIONS_ALL poll            WHERE ACCRUE_ON_RECEIPT_FLAG='Y'              AND POLL.LINE_LOCATION_ID =T1.PO_LINE_LOCATION_ID)     AND NVL(COMMENTS,'!') NOT IN ('OPM RECEIPT','OPM Receipt Correction')     AND NOT EXISTS             (SELECT 1                FROM RCV_RECEIVING_SUB_LEDGER T2               WHERE T2.RCV_TRANSACTION_ID=T1.TRANSACTION_ID)     AND EXISTS ( SELECT 'GL and PO has OPEN PERIOD for the transaction_date'             FROM gl_period_statuses GL_PER,              gl_period_statuses PO_PER,          financials_system_params_all FSP        WHERE    GL_PER.application_id = 101          AND    PO_PER.application_id = 201              AND    PO_PER.set_of_books_id    = FSP.set_of_books_id              AND    trunc(PO_PER.start_date)       <=  t1.transaction_date              AND    trunc(PO_PER.end_date)+0.99999 >= t1.transaction_date              AND    PO_PER.closing_status     = 'O'              AND    PO_PER.period_name        = GL_PER.period_name              AND    GL_PER.set_of_books_id    = FSP.set_of_books_id              AND    trunc(GL_PER.start_date)       <=  t1.transaction_date              AND    trunc(GL_PER.end_date)+0.99999 >=  t1.transaction_date              AND    GL_PER.closing_status in ('O', 'F')               )  ) s]]>
        </SQLQuery>
        <IsInclude>1</IsInclude>
            <InUse>1</InUse>
            <DBQueryFieldList>
                <DBPatternSeqField>entrytime</DBPatternSeqField>
                <DBPatternField>
                    <DBQueryColName>sensor</DBQueryColName>
                    <FieldName>udfs1</FieldName>
                </DBPatternField>
                <DBPatternField>
                    <DBQueryColName>entrytime</DBQueryColName>
                    <FieldName>time</FieldName>
                </DBPatternField>
                <DBPatternField>
                                        <DBQueryColName>key_data</DBQueryColName>
                                        <FieldName>data</FieldName>
                                   </DBPatternField>
            </DBQueryFieldList>
            <IsSystem>0</IsSystem>
            <IsEnabled>1</IsEnabled>
            </DBPattern><DBPattern dateTimeField="entrytime" dateTimeColumns="entrytime">
        <SQLQuery>
            <![CDATA[select 'ME$EBS_MFG_PO_MISSING_ACCOUNTING_RECEIVE_TRANSACTIONS' sensor, to_timestamp(to_char(sysdate, 'YYYY-MM-DD hh24:mi:ss'), 'YYYY-MM-DD hh24:mi:ss') entrytime, 'rcv_transaction_id:' || s.rcv_transaction_id || ', rcv_transaction_date:' || s.rcv_transaction_date || ', rcv_transaction_type:' || s.rcv_transaction_type || ', Quantity_Received:' || s.Quantity_Received || ', receipt_line_id:' || s.receipt_line_id || ', PO_Line_location:' || s.PO_Line_location key_data FROM (  SELECT   T1.transaction_id rcv_transaction_id,  T1.transaction_date rcv_transaction_date,  T1.transaction_type rcv_transaction_type,   T1.Quantity Quantity_Received,  T1.shipment_line_id receipt_line_id,  T1.po_line_location_id PO_Line_location  FROM RCV_TRANSACTIONS T1,         po_distributions_all POD,         MTL_PARAMETERS mp   WHERE t1.organization_id = mp.ORGANIZATION_ID    AND  NVL(mp.process_enabled_flag, 'N') <> 'Y'    AND T1.transaction_type in ('DELIVER','RETURN TO RECEIVING','CORRECT')     AND NOT (T1.transaction_type = 'CORRECT' AND T1.destination_type_code = 'RECEIVING')     AND T1.po_distribution_id = POD.po_distribution_id     AND pod.accrue_on_receipt_flag = 'Y'     AND pod.destination_type_code = 'EXPENSE'     AND EXISTS          (SELECT 1             FROM PO_LINE_LOCATIONS_ALL poll            WHERE ACCRUE_ON_RECEIPT_FLAG='Y'              AND POLL.LINE_LOCATION_ID =T1.PO_LINE_LOCATION_ID)     AND NVL(COMMENTS,'!') NOT IN ('OPM RECEIPT','OPM Receipt Correction')     AND NOT EXISTS             (SELECT 1                FROM RCV_RECEIVING_SUB_LEDGER T2               WHERE T2.RCV_TRANSACTION_ID=T1.TRANSACTION_ID)     AND EXISTS ( SELECT 'GL and PO has OPEN PERIOD for the transaction_date'             FROM gl_period_statuses GL_PER,              gl_period_statuses PO_PER,          financials_system_params_all FSP        WHERE    GL_PER.application_id = 101          AND    PO_PER.application_id = 201              AND    PO_PER.set_of_books_id    = FSP.set_of_books_id              AND    trunc(PO_PER.start_date)       <=  t1.transaction_date              AND    trunc(PO_PER.end_date)+0.99999 >= t1.transaction_date              AND    PO_PER.closing_status     = 'O'              AND    PO_PER.period_name        = GL_PER.period_name              AND    GL_PER.set_of_books_id    = FSP.set_of_books_id              AND    trunc(GL_PER.start_date)       <=  t1.transaction_date              AND    trunc(GL_PER.end_date)+0.99999 >=  t1.transaction_date              AND    GL_PER.closing_status in ('O', 'F')              )  and rownum < 1000  order by rcv_transaction_id desc) s]]>
        </SQLQuery>
        <IsInclude>1</IsInclude>
            <InUse>1</InUse>
            <DBQueryFieldList>
                <DBPatternSeqField>entrytime</DBPatternSeqField>
                <DBPatternField>
                    <DBQueryColName>sensor</DBQueryColName>
                    <FieldName>udfs1</FieldName>
                </DBPatternField>
                <DBPatternField>
                    <DBQueryColName>entrytime</DBQueryColName>
                    <FieldName>time</FieldName>
                </DBPatternField>
                <DBPatternField>
                                        <DBQueryColName>key_data</DBQueryColName>
                                        <FieldName>data</FieldName>
                                   </DBPatternField>
            </DBQueryFieldList>
            <IsSystem>0</IsSystem>
            <IsEnabled>1</IsEnabled>
            </DBPattern>
    </Patterns>
        <TagConditions>
            <TagCondition operator="CONTAINS_REGEX" field="udfs1" alertRuleVisible="0">
                <ConditionValues>
                    <ConditionValue>%</ConditionValue>
                </ConditionValues>
                <ConditionTags tagField="mtag">
                    <ConditionTag>#medium_severity_sensor</ConditionTag>
                </ConditionTags>
                <IsSystem>0</IsSystem>
                <IsEnabled>1</IsEnabled>
            </TagCondition>
        </TagConditions>
        <IsHidden>0</IsHidden>
        <IsSMAEnabled>0</IsSMAEnabled>
    </Source>
    <FieldNameMaps>
        <FieldNameMap>
            <Name>udfs1</Name>
            <DisplayName>sensor</DisplayName>
        </FieldNameMap>
        
    </FieldNameMaps>
</LoganContent>