<?xml version="1.0" encoding="UTF-8"?>
<LoganContent oms_version="2.50.2.0.0" name="content_ocid1.tenancy.oc1..aaaaaaaa5s2vdjjrydixjulorcwozffbpna37w5a35p3jhgpyshlkmio6oiq_1650039506307" content_version="2.50.2.0.0" xmlns="http://www.oracle.com/DataCenter/LogAnalyticsStd">
    <Field oms_version="2.50.2.0.0">
        <DisplayName>sensor</DisplayName>
        <FieldType>1</FieldType>
        <IsSystem>0</IsSystem>
        <IsPrimary>1</IsPrimary>
        <DataType>STRING</DataType>
        <IsMetricKeyEligible>0</IsMetricKeyEligible>
        <IsMetricValueEligible>0</IsMetricValueEligible>
        <FacetEligible>1</FacetEligible>
        <RangeFacetEligible>0</RangeFacetEligible>
        <TableEligible>1</TableEligible>
        <FacetPriority>1</FacetPriority>
        <Summarizable>1</Summarizable>
        <HighCardinality>1</HighCardinality>
        <LargeData>0</LargeData>
        <MultiValued>0</MultiValued>
        <SMAEnabledSetting>0</SMAEnabledSetting>
    </Field>
    
    <Tag>
<Name>#medium_severity_sensor</Name>
<DisplayName>Medium Severity Sensor</DisplayName>
<IsSystem>0</IsSystem>
<ProblemPriority>MEDIUM</ProblemPriority>
</Tag>
    <Source name="EBS Sensor: MFG INV A mismatch exists between transaction quantity and primary quantity for lot controlled items - Monthly" oms_version="2.50.2.0.0" configWarningSettings="0">
    <SourceType>database_sql</SourceType>
    <TargetTypes>
        <TargetType>omc_oracle_db_instance</TargetType>
        <TargetType>omc_oracle_pdb</TargetType>
    </TargetTypes>
    <DisplayName>EBS Sensor: MFG INV A mismatch exists between transaction quantity and primary quantity for lot controlled items - Monthly</DisplayName>
    <Description><![CDATA[A mismatch has been identified between transaction quantity in MTL_MATERIAL_TRANSACTIONS and primary quantity in MTL_TRANSACTION_LOT_NUMBERS for lot items.]]></Description>
    <IsSystem>0</IsSystem>
    <IsSecureContent>1</IsSecureContent>
    <Patterns>
        <DBPattern dateTimeField="entrytime" dateTimeColumns="entrytime">
        <SQLQuery>
            <![CDATA[select 'ME$EBS_MFG_INV_TRANS_MMT_LOT_QUANTITY_MISMATCH' sensor, to_timestamp(to_char(sysdate, 'YYYY-MM-DD hh24:mi:ss'), 'YYYY-MM-DD hh24:mi:ss') entrytime, 'ITEM_ID:' || s.ITEM_ID || ', ORG_ID:' || s.ORG_ID || ', MMT_TRANSACTION_QUANTITY:' || s.MMT_TRANSACTION_QUANTITY || ', MMT_PRIMARY_QUANTITY:' || s.MMT_PRIMARY_QUANTITY || ', MTLN_PRIMARY_QUANTITY:' || s.MTLN_PRIMARY_QUANTITY || ', LOT_NUMBER:' || s.LOT_NUMBER key_data FROM (SELECT mmt.inventory_item_id ITEM_ID,   mmt.organization_id ORG_ID,   mmt.TRANSACTION_QUANTITY MMT_TRANSACTION_QUANTITY,   mmt.PRIMARY_QUANTITY MMT_PRIMARY_QUANTITY,   mtln.PRIMARY_QUANTITY MTLN_PRIMARY_QUANTITY,   mtln.LOT_NUMBER LOT_NUMBER  FROM mtl_material_transactions mmt, mtl_transaction_lot_numbers mtln  WHERE mmt.transaction_id = mtln.transaction_id    AND mmt.TRANSACTION_QUANTITY = mmt.PRIMARY_QUANTITY    AND mmt.TRANSACTION_QUANTITY = mtln.TRANSACTION_QUANTITY    AND mtln.TRANSACTION_QUANTITY != mtln.PRIMARY_QUANTITY) s]]>
        </SQLQuery>
        <IsInclude>1</IsInclude>
            <InUse>1</InUse>
            <DBQueryFieldList>
                <DBPatternSeqField>entrytime</DBPatternSeqField>
                <DBPatternField>
                    <DBQueryColName>sensor</DBQueryColName>
                    <FieldName>udfs1</FieldName>
                </DBPatternField>
                <DBPatternField>
                    <DBQueryColName>entrytime</DBQueryColName>
                    <FieldName>time</FieldName>
                </DBPatternField>
                <DBPatternField>
                                        <DBQueryColName>key_data</DBQueryColName>
                                        <FieldName>data</FieldName>
                                   </DBPatternField>
            </DBQueryFieldList>
            <IsSystem>0</IsSystem>
            <IsEnabled>1</IsEnabled>
            </DBPattern>
    </Patterns>
        <TagConditions>
            <TagCondition operator="CONTAINS_REGEX" field="udfs1" alertRuleVisible="0">
                <ConditionValues>
                    <ConditionValue>%</ConditionValue>
                </ConditionValues>
                <ConditionTags tagField="mtag">
                    <ConditionTag>#medium_severity_sensor</ConditionTag>
                </ConditionTags>
                <IsSystem>0</IsSystem>
                <IsEnabled>1</IsEnabled>
            </TagCondition>
        </TagConditions>
        <IsHidden>0</IsHidden>
        <IsSMAEnabled>0</IsSMAEnabled>
    </Source>
    <FieldNameMaps>
        <FieldNameMap>
            <Name>udfs1</Name>
            <DisplayName>sensor</DisplayName>
        </FieldNameMap>
        
    </FieldNameMaps>
</LoganContent>