<?xml version="1.0" encoding="UTF-8"?>
<LoganContent oms_version="2.50.2.0.0" name="content_ocid1.tenancy.oc1..aaaaaaaa5s2vdjjrydixjulorcwozffbpna37w5a35p3jhgpyshlkmio6oiq_1650039506307" content_version="2.50.2.0.0" xmlns="http://www.oracle.com/DataCenter/LogAnalyticsStd">
    <Field oms_version="2.50.2.0.0">
        <DisplayName>sensor</DisplayName>
        <FieldType>1</FieldType>
        <IsSystem>0</IsSystem>
        <IsPrimary>1</IsPrimary>
        <DataType>STRING</DataType>
        <IsMetricKeyEligible>0</IsMetricKeyEligible>
        <IsMetricValueEligible>0</IsMetricValueEligible>
        <FacetEligible>1</FacetEligible>
        <RangeFacetEligible>0</RangeFacetEligible>
        <TableEligible>1</TableEligible>
        <FacetPriority>1</FacetPriority>
        <Summarizable>1</Summarizable>
        <HighCardinality>1</HighCardinality>
        <LargeData>0</LargeData>
        <MultiValued>0</MultiValued>
        <SMAEnabledSetting>0</SMAEnabledSetting>
    </Field>
    
    <Tag>
<Name>#medium_severity_sensor</Name>
<DisplayName>Medium Severity Sensor</DisplayName>
<IsSystem>0</IsSystem>
<ProblemPriority>MEDIUM</ProblemPriority>
</Tag>
    <Source name="EBS Sensor: FIN PA Burden distributions missing for expendiutre items flagged as cost burden distributed - Weekly" oms_version="2.50.2.0.0" configWarningSettings="0">
    <SourceType>database_sql</SourceType>
    <TargetTypes>
        <TargetType>omc_oracle_db_instance</TargetType>
        <TargetType>omc_oracle_pdb</TargetType>
    </TargetTypes>
    <DisplayName>EBS Sensor: FIN PA Burden distributions missing for expendiutre items flagged as cost burden distributed - Weekly</DisplayName>
    <Description><![CDATA[Burden Credit and Debit cost distribution lines are not generated for some expenditure items even though they are flagged as burden cost distributed]]></Description>
    <IsSystem>0</IsSystem>
    <IsSecureContent>1</IsSecureContent>
    <Patterns>
        <DBPattern dateTimeField="entrytime" dateTimeColumns="entrytime">
        <SQLQuery>
            <![CDATA[select 'ME$EBS_FIN_PA_BURD_NO_CDL_FOR_COST_BUDERN_ENABLED_EI' sensor, to_timestamp(to_char(sysdate, 'YYYY-MM-DD hh24:mi:ss'), 'YYYY-MM-DD hh24:mi:ss') entrytime, 'expenditure_item_id:' || s.expenditure_item_id || ', cost_distributed_flag:' || s.cost_distributed_flag || ', cost_burden_distributed_flag:' || s.cost_burden_distributed_flag || ', project_number:' || s.project_number || ', task_number:' || s.task_number || ', ind_cost_dist_rejection_code:' || s.ind_cost_dist_rejection_code key_data FROM (SELECT expenditure_item_id expenditure_item_id,         cost_distributed_flag cost_distributed_flag,         cost_burden_distributed_flag cost_burden_distributed_flag,         segment1 project_number,         task_number task_number,         ind_cost_dist_rejection_code ind_cost_dist_rejection_code  FROM (    SELECT ei.expenditure_item_id,           ei.cost_distributed_flag,           ei.cost_burden_distributed_flag,           pa.segment1,           t.task_number,           ei.ind_cost_dist_rejection_code    FROM pa_expenditure_items_all ei,         pa_projects_all pa,         pa_project_types_all pta,         pa_tasks t    WHERE cost_burden_distributed_flag = 'Y'    AND   ei.project_id = pa.project_id    AND   pa.project_type = pta.project_type    AND   pta.total_burden_flag = 'Y'    AND   pa.org_id = pta.org_id    AND   ei.task_id = t.task_id    AND   pa.project_id = t.project_id    AND   ei.system_linkage_function <> 'BTC'    AND   NOT EXISTS (            SELECT 1 FROM pa_cost_distribution_lines_all cdl            WHERE cdl.expenditure_item_id = ei.expenditure_item_id            AND   cdl.project_id = ei.project_id            AND   cdl.task_id = ei.task_id            AND   line_type IN ('C', 'D'))    AND   ei.creation_date > = SYSDATE - 7    AND   rownum <= 6    )) s]]>
        </SQLQuery>
        <IsInclude>1</IsInclude>
            <InUse>1</InUse>
            <DBQueryFieldList>
                <DBPatternSeqField>entrytime</DBPatternSeqField>
                <DBPatternField>
                    <DBQueryColName>sensor</DBQueryColName>
                    <FieldName>udfs1</FieldName>
                </DBPatternField>
                <DBPatternField>
                    <DBQueryColName>entrytime</DBQueryColName>
                    <FieldName>time</FieldName>
                </DBPatternField>
                <DBPatternField>
                                        <DBQueryColName>key_data</DBQueryColName>
                                        <FieldName>data</FieldName>
                                   </DBPatternField>
            </DBQueryFieldList>
            <IsSystem>0</IsSystem>
            <IsEnabled>1</IsEnabled>
            </DBPattern>
    </Patterns>
        <TagConditions>
            <TagCondition operator="CONTAINS_REGEX" field="udfs1" alertRuleVisible="0">
                <ConditionValues>
                    <ConditionValue>%</ConditionValue>
                </ConditionValues>
                <ConditionTags tagField="mtag">
                    <ConditionTag>#medium_severity_sensor</ConditionTag>
                </ConditionTags>
                <IsSystem>0</IsSystem>
                <IsEnabled>1</IsEnabled>
            </TagCondition>
        </TagConditions>
        <IsHidden>0</IsHidden>
        <IsSMAEnabled>0</IsSMAEnabled>
    </Source>
    <FieldNameMaps>
        <FieldNameMap>
            <Name>udfs1</Name>
            <DisplayName>sensor</DisplayName>
        </FieldNameMap>
        
    </FieldNameMaps>
</LoganContent>