<?xml version="1.0" encoding="UTF-8"?>
<LoganContent oms_version="2.50.2.0.0" name="content_ocid1.tenancy.oc1..aaaaaaaa5s2vdjjrydixjulorcwozffbpna37w5a35p3jhgpyshlkmio6oiq_1650039506307" content_version="2.50.2.0.0" xmlns="http://www.oracle.com/DataCenter/LogAnalyticsStd">
    <Field oms_version="2.50.2.0.0">
        <DisplayName>sensor</DisplayName>
        <FieldType>1</FieldType>
        <IsSystem>0</IsSystem>
        <IsPrimary>1</IsPrimary>
        <DataType>STRING</DataType>
        <IsMetricKeyEligible>0</IsMetricKeyEligible>
        <IsMetricValueEligible>0</IsMetricValueEligible>
        <FacetEligible>1</FacetEligible>
        <RangeFacetEligible>0</RangeFacetEligible>
        <TableEligible>1</TableEligible>
        <FacetPriority>1</FacetPriority>
        <Summarizable>1</Summarizable>
        <HighCardinality>1</HighCardinality>
        <LargeData>0</LargeData>
        <MultiValued>0</MultiValued>
        <SMAEnabledSetting>0</SMAEnabledSetting>
    </Field>
    
    <Tag>
<Name>#medium_severity_sensor</Name>
<DisplayName>Medium Severity Sensor</DisplayName>
<IsSystem>0</IsSystem>
<ProblemPriority>MEDIUM</ProblemPriority>
</Tag>
    <Source name="EBS Sensor: FIN AR Adjustment Events in error - Weekly" oms_version="2.50.2.0.0" configWarningSettings="0">
    <SourceType>database_sql</SourceType>
    <TargetTypes>
        <TargetType>omc_oracle_db_instance</TargetType>
        <TargetType>omc_oracle_pdb</TargetType>
    </TargetTypes>
    <DisplayName>EBS Sensor: FIN AR Adjustment Events in error - Weekly</DisplayName>
    <Description><![CDATA[Identified adjustment events in error.]]></Description>
    <IsSystem>0</IsSystem>
    <IsSecureContent>1</IsSecureContent>
    <Patterns>
        <DBPattern dateTimeField="entrytime" dateTimeColumns="entrytime">
        <SQLQuery>
            <![CDATA[select 'ME$EBS_FIN_AR_ADJ_EVENTS_IN_ERROR_0' sensor, to_timestamp(to_char(sysdate, 'YYYY-MM-DD hh24:mi:ss'), 'YYYY-MM-DD hh24:mi:ss') entrytime, 'USER_RESP:' || s.USER_RESP || ', ORG_ID:' || s.ORG_ID || ', ADJUSTMENT_NUMBER:' || s.ADJUSTMENT_NUMBER || ', ADJUSTMENT_ID:' || s.ADJUSTMENT_ID || ', GL_DATE:' || s.GL_DATE || ', ERROR_MESSAGE:' || s.ERROR_MESSAGE key_data FROM (select user_resp USER_RESP,  org_id ORG_ID,  adjustment_number ADJUSTMENT_NUMBER,  adjustment_id ADJUSTMENT_ID,  gl_date GL_DATE,  error_message ERROR_MESSAGE  from  (select 'User Name=' || users.user_name || ', Responsibility ID=' ||  (SELECT min(responsibility_id)  FROM fnd_responsibility resp  WHERE application_id = 222) user_resp,  xlt.SECURITY_ID_INT_1 ORG_ID,  xlt.transaction_number ADJUSTMENT_NUMBER,  xlt.source_id_int_1 ADJUSTMENT_ID,  trunc(xe.event_date) GL_DATE,  xae.encoded_msg ERROR_MESSAGE  from xla_accounting_errors xae,  xla_transaction_entities_upg xlt,  xla_events xe,  fnd_user users  where xe.created_by = users.user_id  and xe.application_id = 222  and xae.application_id = 222  and xe.process_status_code = 'I'  and xae.message_number = 0  and xae.event_id = xe.event_id  and xlt.entity_id = xe.entity_id  and xlt.entity_code = 'ADJUSTMENTS'  and xe.event_date between sysdate-365 and sysdate  and rownum<= 5  )  ) s]]>
        </SQLQuery>
        <IsInclude>1</IsInclude>
            <InUse>1</InUse>
            <DBQueryFieldList>
                <DBPatternSeqField>entrytime</DBPatternSeqField>
                <DBPatternField>
                    <DBQueryColName>sensor</DBQueryColName>
                    <FieldName>udfs1</FieldName>
                </DBPatternField>
                <DBPatternField>
                    <DBQueryColName>entrytime</DBQueryColName>
                    <FieldName>time</FieldName>
                </DBPatternField>
                <DBPatternField>
                                        <DBQueryColName>key_data</DBQueryColName>
                                        <FieldName>data</FieldName>
                                   </DBPatternField>
            </DBQueryFieldList>
            <IsSystem>0</IsSystem>
            <IsEnabled>1</IsEnabled>
            </DBPattern>
    </Patterns>
        <TagConditions>
            <TagCondition operator="CONTAINS_REGEX" field="udfs1" alertRuleVisible="0">
                <ConditionValues>
                    <ConditionValue>%</ConditionValue>
                </ConditionValues>
                <ConditionTags tagField="mtag">
                    <ConditionTag>#medium_severity_sensor</ConditionTag>
                </ConditionTags>
                <IsSystem>0</IsSystem>
                <IsEnabled>1</IsEnabled>
            </TagCondition>
        </TagConditions>
        <IsHidden>0</IsHidden>
        <IsSMAEnabled>0</IsSMAEnabled>
    </Source>
    <FieldNameMaps>
        <FieldNameMap>
            <Name>udfs1</Name>
            <DisplayName>sensor</DisplayName>
        </FieldNameMap>
        
    </FieldNameMaps>
</LoganContent>