<?xml version="1.0" encoding="UTF-8"?>
<LoganContent oms_version="2.50.2.0.0" name="content_ocid1.tenancy.oc1..aaaaaaaa5s2vdjjrydixjulorcwozffbpna37w5a35p3jhgpyshlkmio6oiq_1650039506307" content_version="2.50.2.0.0" xmlns="http://www.oracle.com/DataCenter/LogAnalyticsStd">
    <Field oms_version="2.50.2.0.0">
        <DisplayName>sensor</DisplayName>
        <FieldType>1</FieldType>
        <IsSystem>0</IsSystem>
        <IsPrimary>1</IsPrimary>
        <DataType>STRING</DataType>
        <IsMetricKeyEligible>0</IsMetricKeyEligible>
        <IsMetricValueEligible>0</IsMetricValueEligible>
        <FacetEligible>1</FacetEligible>
        <RangeFacetEligible>0</RangeFacetEligible>
        <TableEligible>1</TableEligible>
        <FacetPriority>1</FacetPriority>
        <Summarizable>1</Summarizable>
        <HighCardinality>1</HighCardinality>
        <LargeData>0</LargeData>
        <MultiValued>0</MultiValued>
        <SMAEnabledSetting>0</SMAEnabledSetting>
    </Field>
    
    <Tag>
<Name>#medium_severity_sensor</Name>
<DisplayName>Medium Severity Sensor</DisplayName>
<IsSystem>0</IsSystem>
<ProblemPriority>MEDIUM</ProblemPriority>
</Tag>
    <Source name="EBS Sensor: FIN PA Distribute Process Error ORA-01400 Cannot Insert NULL Into PA COST DISTRIBUTION LINES ALL - Weekly" oms_version="2.50.2.0.0" configWarningSettings="0">
    <SourceType>database_sql</SourceType>
    <TargetTypes>
        <TargetType>omc_oracle_db_instance</TargetType>
        <TargetType>omc_oracle_pdb</TargetType>
    </TargetTypes>
    <DisplayName>EBS Sensor: FIN PA Distribute Process Error ORA-01400 Cannot Insert NULL Into PA COST DISTRIBUTION LINES ALL - Weekly</DisplayName>
    <Description><![CDATA[Distribute  process completed with below error
 ORA-01400: cannot insert NULL into ("PA"."PA_COST_DISTRIBUTION_LINES_ALL"."AMOUNT1")]]></Description>
    <IsSystem>0</IsSystem>
    <IsSecureContent>1</IsSecureContent>
    <Patterns>
        <DBPattern dateTimeField="entrytime" dateTimeColumns="entrytime">
        <SQLQuery>
            <![CDATA[select 'ME$EBS_FIN_PA_PA_EXP_DISTRIBUTE_ERROR_AMOUNT' sensor, to_timestamp(to_char(sysdate, 'YYYY-MM-DD hh24:mi:ss'), 'YYYY-MM-DD hh24:mi:ss') entrytime, 'project_id:' || s.project_id || ', task_id:' || s.task_id || ', expenditure_item_id:' || s.expenditure_item_id || ', expenditure_item_date:' || s.expenditure_item_date || ', rejection_code:' || s.rejection_code key_data FROM (SELECT      project_id project_id,      task_id task_id,      expenditure_item_id expenditure_item_id,      expenditure_item_date expenditure_item_date,      cost_dist_rejection_code rejection_code  FROM      (          SELECT              project_id,              task_id,              expenditure_item_id,              expenditure_item_date,              cost_dist_rejection_code          FROM              apps.pa_expenditure_items_all ei          WHERE cost_distributed_flag = 'N'              AND ( raw_cost IS NOT NULL                    OR denom_raw_cost IS NOT NULL                    OR burden_cost IS NOT NULL                    OR denom_burdened_cost IS NOT NULL                    OR acct_raw_cost IS NOT NULL                    OR acct_burdened_cost IS NOT NULL                    OR project_raw_cost IS NOT NULL                    OR project_burdened_cost IS NOT NULL )              AND NOT EXISTS      (SELECT 1     FROM apps.PA_COST_DISTRIBUTION_LINES_ALL CDL     WHERE CDL.expenditure_item_id = ei.expenditure_item_id    )              AND creation_date>=sysdate-7              AND rownum <= 6 )) s]]>
        </SQLQuery>
        <IsInclude>1</IsInclude>
            <InUse>1</InUse>
            <DBQueryFieldList>
                <DBPatternSeqField>entrytime</DBPatternSeqField>
                <DBPatternField>
                    <DBQueryColName>sensor</DBQueryColName>
                    <FieldName>udfs1</FieldName>
                </DBPatternField>
                <DBPatternField>
                    <DBQueryColName>entrytime</DBQueryColName>
                    <FieldName>time</FieldName>
                </DBPatternField>
                <DBPatternField>
                                        <DBQueryColName>key_data</DBQueryColName>
                                        <FieldName>data</FieldName>
                                   </DBPatternField>
            </DBQueryFieldList>
            <IsSystem>0</IsSystem>
            <IsEnabled>1</IsEnabled>
            </DBPattern>
    </Patterns>
        <TagConditions>
            <TagCondition operator="CONTAINS_REGEX" field="udfs1" alertRuleVisible="0">
                <ConditionValues>
                    <ConditionValue>%</ConditionValue>
                </ConditionValues>
                <ConditionTags tagField="mtag">
                    <ConditionTag>#medium_severity_sensor</ConditionTag>
                </ConditionTags>
                <IsSystem>0</IsSystem>
                <IsEnabled>1</IsEnabled>
            </TagCondition>
        </TagConditions>
        <IsHidden>0</IsHidden>
        <IsSMAEnabled>0</IsSMAEnabled>
    </Source>
    <FieldNameMaps>
        <FieldNameMap>
            <Name>udfs1</Name>
            <DisplayName>sensor</DisplayName>
        </FieldNameMap>
        
    </FieldNameMaps>
</LoganContent>