<?xml version="1.0" encoding="UTF-8"?>
<LoganContent oms_version="2.50.2.0.0" name="content_ocid1.tenancy.oc1..aaaaaaaa5s2vdjjrydixjulorcwozffbpna37w5a35p3jhgpyshlkmio6oiq_1650039506307" content_version="2.50.2.0.0" xmlns="http://www.oracle.com/DataCenter/LogAnalyticsStd">
    <Field oms_version="2.50.2.0.0">
        <DisplayName>sensor</DisplayName>
        <FieldType>1</FieldType>
        <IsSystem>0</IsSystem>
        <IsPrimary>1</IsPrimary>
        <DataType>STRING</DataType>
        <IsMetricKeyEligible>0</IsMetricKeyEligible>
        <IsMetricValueEligible>0</IsMetricValueEligible>
        <FacetEligible>1</FacetEligible>
        <RangeFacetEligible>0</RangeFacetEligible>
        <TableEligible>1</TableEligible>
        <FacetPriority>1</FacetPriority>
        <Summarizable>1</Summarizable>
        <HighCardinality>1</HighCardinality>
        <LargeData>0</LargeData>
        <MultiValued>0</MultiValued>
        <SMAEnabledSetting>0</SMAEnabledSetting>
    </Field>
    
    <Tag>
<Name>#medium_severity_sensor</Name>
<DisplayName>Medium Severity Sensor</DisplayName>
<IsSystem>0</IsSystem>
<ProblemPriority>MEDIUM</ProblemPriority>
</Tag>
    <Source name="EBS Sensor: FIN AP Duplicate bank account in IBY EXT BANK ACCOUNTS - Weekly" oms_version="2.50.2.0.0" configWarningSettings="0">
    <SourceType>database_sql</SourceType>
    <TargetTypes>
        <TargetType>omc_oracle_db_instance</TargetType>
        <TargetType>omc_oracle_pdb</TargetType>
    </TargetTypes>
    <DisplayName>EBS Sensor: FIN AP Duplicate bank account in IBY EXT BANK ACCOUNTS - Weekly</DisplayName>
    <Description><![CDATA[Duplicate bank accounts created by the upgrade.]]></Description>
    <IsSystem>0</IsSystem>
    <IsSecureContent>1</IsSecureContent>
    <Patterns>
        <DBPattern dateTimeField="entrytime" dateTimeColumns="entrytime">
        <SQLQuery>
            <![CDATA[select 'ME$EBS_FIN_AP_DUPLICATE_BANK_ACCOUNTS' sensor, to_timestamp(to_char(sysdate, 'YYYY-MM-DD hh24:mi:ss'), 'YYYY-MM-DD hh24:mi:ss') entrytime, 'ext_bank_account_id:' || s.ext_bank_account_id key_data FROM (SELECT      ext_bank_account_id ext_bank_account_id  FROM      (          SELECT              ext_bank_account_id ext_bank_account_id          FROM              apps.iby_ext_bank_accounts          WHERE              ( bank_account_num, nvl(bank_id, - 99), nvl(branch_id, - 99), nvl(currency_code, 'XX'), country_code, nvl(bank_account_num_hash1, -              1), nvl(bank_account_num_hash2, - 1) ) IN (                  SELECT                      bank_account_num, nvl(bank_id, - 99), nvl(branch_id, - 99), nvl(currency_code, 'XX'), country_code, nvl(bank_account_num_hash1, -                      1), nvl(bank_account_num_hash2, - 1)                  FROM                      apps.iby_ext_bank_accounts                  WHERE                          country_code <> 'JP'                      AND country_code <> 'NZ'                  GROUP BY                      bank_account_num, bank_id, branch_id, currency_code, country_code,                      bank_account_num_hash1, bank_account_num_hash2                  HAVING                      COUNT(*) > 1              )              AND ROWNUM < 11          UNION ALL          SELECT              ext_bank_account_id          FROM              apps.iby_ext_bank_accounts          WHERE              ( bank_account_num, nvl(bank_id, - 99), nvl(branch_id, - 99), nvl(currency_code, 'XX'), country_code, nvl(bank_account_num_hash1, -              1), nvl(bank_account_num_hash2, - 1), nvl(bank_account_type, 'XX') ) IN (                  SELECT                      bank_account_num, nvl(bank_id, - 99), nvl(branch_id, - 99), nvl(currency_code, 'XX'), country_code, nvl(bank_account_num_hash1, -                      1), nvl(bank_account_num_hash2, - 1), nvl(bank_account_type, 'XX')                  FROM                      apps.iby_ext_bank_accounts                  WHERE                      country_code = 'JP'                  GROUP BY                      bank_account_num, bank_id, branch_id, currency_code, country_code,                      bank_account_num_hash1, bank_account_num_hash2, bank_account_type                  HAVING                      COUNT(*) > 1              )              AND ROWNUM < 11          UNION ALL          SELECT              ext_bank_account_id          FROM              apps.iby_ext_bank_accounts          WHERE              ( bank_account_num, nvl(bank_id, - 99), nvl(branch_id, - 99), nvl(currency_code, 'XX'), country_code, nvl(bank_account_num_hash1, -              1), nvl(bank_account_num_hash2, - 1), nvl(account_suffix, 'XX') ) IN (                  SELECT                      bank_account_num, nvl(bank_id, - 99), nvl(branch_id, - 99), nvl(currency_code, 'XX'), country_code, nvl(bank_account_num_hash1, -                      1), nvl(bank_account_num_hash2, - 1), nvl(account_suffix, 'XX')                  FROM                      apps.iby_ext_bank_accounts                  WHERE                      country_code = 'NZ'                  GROUP BY                      bank_account_num, bank_id, branch_id, currency_code, country_code,                      bank_account_num_hash1, bank_account_num_hash2, account_suffix                  HAVING                      COUNT(*) > 1              )              AND ROWNUM < 11      )  ORDER BY      ext_bank_account_id) s]]>
        </SQLQuery>
        <IsInclude>1</IsInclude>
            <InUse>1</InUse>
            <DBQueryFieldList>
                <DBPatternSeqField>entrytime</DBPatternSeqField>
                <DBPatternField>
                    <DBQueryColName>sensor</DBQueryColName>
                    <FieldName>udfs1</FieldName>
                </DBPatternField>
                <DBPatternField>
                    <DBQueryColName>entrytime</DBQueryColName>
                    <FieldName>time</FieldName>
                </DBPatternField>
                <DBPatternField>
                                        <DBQueryColName>key_data</DBQueryColName>
                                        <FieldName>data</FieldName>
                                   </DBPatternField>
            </DBQueryFieldList>
            <IsSystem>0</IsSystem>
            <IsEnabled>1</IsEnabled>
            </DBPattern>
    </Patterns>
        <TagConditions>
            <TagCondition operator="CONTAINS_REGEX" field="udfs1" alertRuleVisible="0">
                <ConditionValues>
                    <ConditionValue>%</ConditionValue>
                </ConditionValues>
                <ConditionTags tagField="mtag">
                    <ConditionTag>#medium_severity_sensor</ConditionTag>
                </ConditionTags>
                <IsSystem>0</IsSystem>
                <IsEnabled>1</IsEnabled>
            </TagCondition>
        </TagConditions>
        <IsHidden>0</IsHidden>
        <IsSMAEnabled>0</IsSMAEnabled>
    </Source>
    <FieldNameMaps>
        <FieldNameMap>
            <Name>udfs1</Name>
            <DisplayName>sensor</DisplayName>
        </FieldNameMap>
        
    </FieldNameMaps>
</LoganContent>