<?xml version="1.0" encoding="UTF-8"?>
<LoganContent oms_version="2.50.2.0.0" name="content_ocid1.tenancy.oc1..aaaaaaaa5s2vdjjrydixjulorcwozffbpna37w5a35p3jhgpyshlkmio6oiq_1650039506307" content_version="2.50.2.0.0" xmlns="http://www.oracle.com/DataCenter/LogAnalyticsStd">
    <Field oms_version="2.50.2.0.0">
        <DisplayName>sensor</DisplayName>
        <FieldType>1</FieldType>
        <IsSystem>0</IsSystem>
        <IsPrimary>1</IsPrimary>
        <DataType>STRING</DataType>
        <IsMetricKeyEligible>0</IsMetricKeyEligible>
        <IsMetricValueEligible>0</IsMetricValueEligible>
        <FacetEligible>1</FacetEligible>
        <RangeFacetEligible>0</RangeFacetEligible>
        <TableEligible>1</TableEligible>
        <FacetPriority>1</FacetPriority>
        <Summarizable>1</Summarizable>
        <HighCardinality>1</HighCardinality>
        <LargeData>0</LargeData>
        <MultiValued>0</MultiValued>
        <SMAEnabledSetting>0</SMAEnabledSetting>
    </Field>
    
    <Tag>
<Name>#medium_severity_sensor</Name>
<DisplayName>Medium Severity Sensor</DisplayName>
<IsSystem>0</IsSystem>
<ProblemPriority>MEDIUM</ProblemPriority>
</Tag>
    <Source name="EBS Sensor: MFG PO Requisitions sourced to Blanket or Contract with issue - Daily" oms_version="2.50.2.0.0" configWarningSettings="0">
    <SourceType>database_sql</SourceType>
    <TargetTypes>
        <TargetType>omc_oracle_db_instance</TargetType>
        <TargetType>omc_oracle_pdb</TargetType>
    </TargetTypes>
    <DisplayName>EBS Sensor: MFG PO Requisitions sourced to Blanket or Contract with issue - Daily</DisplayName>
    <Description><![CDATA[Requisitions sourced to blankets or contract purchase order that have an issue with the blanket header or line.]]></Description>
    <IsSystem>0</IsSystem>
    <IsSecureContent>1</IsSecureContent>
    <Patterns>
        <DBPattern dateTimeField="entrytime" dateTimeColumns="entrytime">
        <SQLQuery>
            <![CDATA[select 'ME$EBS_MFG_PO_REQS_SOURCED_BLANKET_CONTRACT_HEADER_LINE_ERROR' sensor, to_timestamp(to_char(sysdate, 'YYYY-MM-DD hh24:mi:ss'), 'YYYY-MM-DD hh24:mi:ss') entrytime, 'req_num:' || s.req_num || ', req_line_num:' || s.req_line_num || ', SRC_PO_num:' || s.SRC_PO_num || ', SRC_Po_Line_num:' || s.SRC_Po_Line_num key_data FROM (SELECT prha.segment1 req_num  , prla.line_num req_line_num  , poh.segment1 SRC_PO_num  , pol.line_num SRC_Po_Line_num  FROM apps.po_requisition_headers prha  , apps.po_requisition_lines prla  , apps.po_headers poh  , apps.po_lines pol  , apps.PER_PEOPLE_F buyer  , apps.po_agents poa  , apps.per_people_f reqstr  WHERE prha.requisition_header_id = prla.requisition_header_id  and poh.po_header_id = prla.blanket_po_header_id   and PRLA.blanket_po_header_id = pol.po_header_id (+)   AND PRLA.BLANKET_PO_LINE_NUM = POL.LINE_NUM (+)   AND prha.authorization_status = 'APPROVED'   /* AND nvl(prla.reqs_in_pool_flag,'N') = 'Y'  */  AND prla.line_location_id IS NULL   AND nvl(prla.closed_code, 'OPEN') <> 'FINALLY CLOSED'   AND nvl(prla.cancel_flag, 'N') <> 'Y'   and prla.blanket_po_header_id is not null   and poh.agent_id = poa.agent_id  and poa.agent_id = buyer.person_id   and prha.Preparer_ID = reqstr.person_id   and (  ( nvl(poh.end_date,sysdate) < sysdate + 30 and poh.end_date is not null)   or nvl(poh.cancel_flag,'N') = 'Y'   or poh.authorization_status <> 'APPROVED'   or (nvl(pol.expiration_date,sysdate) < sysdate + 30 and pol.expiration_date is not null )   or nvl(pol.cancel_flag,'N') = 'Y'   or pol.MIN_RELEASE_AMOUNT > (prla.quantity * PRLA.UNIT_PRICE)   )  and rownum < 1000  order by 1,2,3  ) s]]>
        </SQLQuery>
        <IsInclude>1</IsInclude>
            <InUse>1</InUse>
            <DBQueryFieldList>
                <DBPatternSeqField>entrytime</DBPatternSeqField>
                <DBPatternField>
                    <DBQueryColName>sensor</DBQueryColName>
                    <FieldName>udfs1</FieldName>
                </DBPatternField>
                <DBPatternField>
                    <DBQueryColName>entrytime</DBQueryColName>
                    <FieldName>time</FieldName>
                </DBPatternField>
                <DBPatternField>
                                        <DBQueryColName>key_data</DBQueryColName>
                                        <FieldName>data</FieldName>
                                   </DBPatternField>
            </DBQueryFieldList>
            <IsSystem>0</IsSystem>
            <IsEnabled>1</IsEnabled>
            </DBPattern>
    </Patterns>
        <TagConditions>
            <TagCondition operator="CONTAINS_REGEX" field="udfs1" alertRuleVisible="0">
                <ConditionValues>
                    <ConditionValue>%</ConditionValue>
                </ConditionValues>
                <ConditionTags tagField="mtag">
                    <ConditionTag>#medium_severity_sensor</ConditionTag>
                </ConditionTags>
                <IsSystem>0</IsSystem>
                <IsEnabled>1</IsEnabled>
            </TagCondition>
        </TagConditions>
        <IsHidden>0</IsHidden>
        <IsSMAEnabled>0</IsSMAEnabled>
    </Source>
    <FieldNameMaps>
        <FieldNameMap>
            <Name>udfs1</Name>
            <DisplayName>sensor</DisplayName>
        </FieldNameMap>
        
    </FieldNameMaps>
</LoganContent>