<?xml version="1.0" encoding="UTF-8"?>
<LoganContent oms_version="2.50.2.0.0" name="content_ocid1.tenancy.oc1..aaaaaaaa5s2vdjjrydixjulorcwozffbpna37w5a35p3jhgpyshlkmio6oiq_1650039506307" content_version="2.50.2.0.0" xmlns="http://www.oracle.com/DataCenter/LogAnalyticsStd">
    <Field oms_version="2.50.2.0.0">
        <DisplayName>sensor</DisplayName>
        <FieldType>1</FieldType>
        <IsSystem>0</IsSystem>
        <IsPrimary>1</IsPrimary>
        <DataType>STRING</DataType>
        <IsMetricKeyEligible>0</IsMetricKeyEligible>
        <IsMetricValueEligible>0</IsMetricValueEligible>
        <FacetEligible>1</FacetEligible>
        <RangeFacetEligible>0</RangeFacetEligible>
        <TableEligible>1</TableEligible>
        <FacetPriority>1</FacetPriority>
        <Summarizable>1</Summarizable>
        <HighCardinality>1</HighCardinality>
        <LargeData>0</LargeData>
        <MultiValued>0</MultiValued>
        <SMAEnabledSetting>0</SMAEnabledSetting>
    </Field>
    
    <Tag>
<Name>#medium_severity_sensor</Name>
<DisplayName>Medium Severity Sensor</DisplayName>
<IsSystem>0</IsSystem>
<ProblemPriority>MEDIUM</ProblemPriority>
</Tag>
    <Source name="EBS Sensor: FIN PA Tasks missing in work plan tables for fully shared work plan versioning enabled projects - Weekly" oms_version="2.50.2.0.0" configWarningSettings="0">
    <SourceType>database_sql</SourceType>
    <TargetTypes>
        <TargetType>omc_oracle_db_instance</TargetType>
        <TargetType>omc_oracle_pdb</TargetType>
    </TargetTypes>
    <DisplayName>EBS Sensor: FIN PA Tasks missing in work plan tables for fully shared work plan versioning enabled projects - Weekly</DisplayName>
    <Description><![CDATA[Not able to publish the workplan , unable to enter the actual and not able to monitor the progress]]></Description>
    <IsSystem>0</IsSystem>
    <IsSecureContent>1</IsSecureContent>
    <Patterns>
        <DBPattern dateTimeField="entrytime" dateTimeColumns="entrytime">
        <SQLQuery>
            <![CDATA[select 'ME$EBS_FIN_PA_WP_TASK_MIS_SHARE_VERE' sensor, to_timestamp(to_char(sysdate, 'YYYY-MM-DD hh24:mi:ss'), 'YYYY-MM-DD hh24:mi:ss') entrytime, 'project_id:' || s.project_id || ', project_number:' || s.project_number || ', task_id:' || s.task_id || ', task_number:' || s.task_number || ', structure_version_id:' || s.structure_version_id key_data FROM (SELECT project_id project_id,         segment1 project_number,         task_id task_id,         task_number task_number,         str_version_id structure_version_id  FROM (    SELECT p.project_id,           p.segment1,           t.task_id,           t.task_number,           pa_project_structure_utils.get_latest_fin_struc_ver_id(p.project_id)             str_version_id    FROM apps.pa_projects_all p,         apps.pa_tasks t,         apps.pa_project_statuses ps    WHERE p.project_status_code = ps.project_status_code    AND   ps.project_system_status_code != 'CLOSED'    AND   ps.status_type = 'PROJECT'    AND   trunc(SYSDATE) BETWEEN            ps.start_date_active AND nvl(ps.end_date_active, trunc(SYSDATE))    AND   p.structure_sharing_code = 'SHARE_FULL'    AND   pa_workplan_attr_utils.check_wp_versioning_enabled(p.project_id) = 'Y'    AND   t.project_id = p.project_id    AND   (NOT EXISTS (             SELECT 1 FROM apps.pa_proj_element_versions pev             WHERE  pev.parent_structure_version_id =                      pa_project_structure_utils.get_latest_fin_struc_ver_id(p.project_id)             AND    pev.project_id = t.project_id             AND    pev.proj_element_id = t.task_id) OR           NOT EXISTS (             SELECT 1 FROM apps.pa_proj_elements pe             WHERE pe.project_id = t.project_id             AND   pe.proj_element_id = t.task_id))    AND   t.last_update_date >= SYSDATE - 7    )  WHERE rownum <= 6  ) s]]>
        </SQLQuery>
        <IsInclude>1</IsInclude>
            <InUse>1</InUse>
            <DBQueryFieldList>
                <DBPatternSeqField>entrytime</DBPatternSeqField>
                <DBPatternField>
                    <DBQueryColName>sensor</DBQueryColName>
                    <FieldName>udfs1</FieldName>
                </DBPatternField>
                <DBPatternField>
                    <DBQueryColName>entrytime</DBQueryColName>
                    <FieldName>time</FieldName>
                </DBPatternField>
                <DBPatternField>
                                        <DBQueryColName>key_data</DBQueryColName>
                                        <FieldName>data</FieldName>
                                   </DBPatternField>
            </DBQueryFieldList>
            <IsSystem>0</IsSystem>
            <IsEnabled>1</IsEnabled>
            </DBPattern>
    </Patterns>
        <TagConditions>
            <TagCondition operator="CONTAINS_REGEX" field="udfs1" alertRuleVisible="0">
                <ConditionValues>
                    <ConditionValue>%</ConditionValue>
                </ConditionValues>
                <ConditionTags tagField="mtag">
                    <ConditionTag>#medium_severity_sensor</ConditionTag>
                </ConditionTags>
                <IsSystem>0</IsSystem>
                <IsEnabled>1</IsEnabled>
            </TagCondition>
        </TagConditions>
        <IsHidden>0</IsHidden>
        <IsSMAEnabled>0</IsSMAEnabled>
    </Source>
    <FieldNameMaps>
        <FieldNameMap>
            <Name>udfs1</Name>
            <DisplayName>sensor</DisplayName>
        </FieldNameMap>
        
    </FieldNameMaps>
</LoganContent>