<?xml version="1.0" encoding="UTF-8"?>
<LoganContent oms_version="2.50.2.0.0" name="content_ocid1.tenancy.oc1..aaaaaaaa5s2vdjjrydixjulorcwozffbpna37w5a35p3jhgpyshlkmio6oiq_1650039506307" content_version="2.50.2.0.0" xmlns="http://www.oracle.com/DataCenter/LogAnalyticsStd">
    <Field oms_version="2.50.2.0.0">
        <DisplayName>sensor</DisplayName>
        <FieldType>1</FieldType>
        <IsSystem>0</IsSystem>
        <IsPrimary>1</IsPrimary>
        <DataType>STRING</DataType>
        <IsMetricKeyEligible>0</IsMetricKeyEligible>
        <IsMetricValueEligible>0</IsMetricValueEligible>
        <FacetEligible>1</FacetEligible>
        <RangeFacetEligible>0</RangeFacetEligible>
        <TableEligible>1</TableEligible>
        <FacetPriority>1</FacetPriority>
        <Summarizable>1</Summarizable>
        <HighCardinality>1</HighCardinality>
        <LargeData>0</LargeData>
        <MultiValued>0</MultiValued>
        <SMAEnabledSetting>0</SMAEnabledSetting>
    </Field>
    
    <Tag>
<Name>#medium_severity_sensor</Name>
<DisplayName>Medium Severity Sensor</DisplayName>
<IsSystem>0</IsSystem>
<ProblemPriority>MEDIUM</ProblemPriority>
</Tag>
    <Source name="EBS Sensor: FIN AP Payment accounting events with incorrect accounting hold status - Weekly" oms_version="2.50.2.0.0" configWarningSettings="0">
    <SourceType>database_sql</SourceType>
    <TargetTypes>
        <TargetType>omc_oracle_db_instance</TargetType>
        <TargetType>omc_oracle_pdb</TargetType>
    </TargetTypes>
    <DisplayName>EBS Sensor: FIN AP Payment accounting events with incorrect accounting hold status - Weekly</DisplayName>
    <Description><![CDATA[Payment accounting event(s) with incorrect accounting hold status.  All holds are released, distributions validated, exchange rate data popoulated.]]></Description>
    <IsSystem>0</IsSystem>
    <IsSecureContent>1</IsSecureContent>
    <Patterns>
        <DBPattern dateTimeField="entrytime" dateTimeColumns="entrytime">
        <SQLQuery>
            <![CDATA[select 'ME$EBS_FIN_AP_ACCOUNTINGEVENTS_MARKEDASINCOMPLETE' sensor, to_timestamp(to_char(sysdate, 'YYYY-MM-DD hh24:mi:ss'), 'YYYY-MM-DD hh24:mi:ss') entrytime, 'check_id:' || s.check_id key_data FROM (SELECT      ac.check_id check_id  FROM      apps.xla_events                   xe,      apps.xla_transaction_entities_upg xte,      apps.ap_checks_all                ac,      apps.ap_system_parameters_all     asp,      (          SELECT DISTINCT              ph.check_id          FROM              apps.ap_payment_history_all ph          WHERE              ph.accounting_date BETWEEN ( trunc(sysdate) - 7 ) AND ( trunc(sysdate) + 3 )      )                            chks  WHERE          xte.entity_id = xe.entity_id      AND xte.application_id = 200      AND xe.application_id = 200      AND xe.event_status_code = 'I'      AND xte.entity_code = 'AP_PAYMENTS'      AND NOT EXISTS (          SELECT              1          FROM              apps.ap_holds_all ah          WHERE              invoice_id IN (                  SELECT                      invoice_id                  FROM                      apps.ap_invoice_payments_all aip                  WHERE                          aip.check_id = xte.source_id_int_1                      AND ah.release_lookup_code IS NULL                      AND xte.entity_code = 'AP_PAYMENTS'              )      )      AND NOT EXISTS (          SELECT              1          FROM              apps.ap_payment_history_all   aph,              apps.ap_system_parameters_all asp          WHERE                  asp.org_id = aph.org_id              AND aph.pmt_currency_code <> asp.base_currency_code              AND aph.pmt_to_base_xrate IS NULL              AND aph.check_id = xte.source_id_int_1              AND xte.entity_code = 'AP_PAYMENTS'      )      AND xte.ledger_id = asp.set_of_books_id      AND asp.org_id = ac.org_id      AND nvl(xte.source_id_int_1, - 99) = ac.check_id      AND ac.check_id = chks.check_id      AND ROWNUM < 11  ORDER BY      check_id) s]]>
        </SQLQuery>
        <IsInclude>1</IsInclude>
            <InUse>1</InUse>
            <DBQueryFieldList>
                <DBPatternSeqField>entrytime</DBPatternSeqField>
                <DBPatternField>
                    <DBQueryColName>sensor</DBQueryColName>
                    <FieldName>udfs1</FieldName>
                </DBPatternField>
                <DBPatternField>
                    <DBQueryColName>entrytime</DBQueryColName>
                    <FieldName>time</FieldName>
                </DBPatternField>
                <DBPatternField>
                                        <DBQueryColName>key_data</DBQueryColName>
                                        <FieldName>data</FieldName>
                                   </DBPatternField>
            </DBQueryFieldList>
            <IsSystem>0</IsSystem>
            <IsEnabled>1</IsEnabled>
            </DBPattern>
    </Patterns>
        <TagConditions>
            <TagCondition operator="CONTAINS_REGEX" field="udfs1" alertRuleVisible="0">
                <ConditionValues>
                    <ConditionValue>%</ConditionValue>
                </ConditionValues>
                <ConditionTags tagField="mtag">
                    <ConditionTag>#medium_severity_sensor</ConditionTag>
                </ConditionTags>
                <IsSystem>0</IsSystem>
                <IsEnabled>1</IsEnabled>
            </TagCondition>
        </TagConditions>
        <IsHidden>0</IsHidden>
        <IsSMAEnabled>0</IsSMAEnabled>
    </Source>
    <FieldNameMaps>
        <FieldNameMap>
            <Name>udfs1</Name>
            <DisplayName>sensor</DisplayName>
        </FieldNameMap>
        
    </FieldNameMaps>
</LoganContent>