<?xml version="1.0" encoding="UTF-8"?>
<LoganContent oms_version="2.50.2.0.0" name="content_ocid1.tenancy.oc1..aaaaaaaa5s2vdjjrydixjulorcwozffbpna37w5a35p3jhgpyshlkmio6oiq_1650039506307" content_version="2.50.2.0.0" xmlns="http://www.oracle.com/DataCenter/LogAnalyticsStd">
    <Field oms_version="2.50.2.0.0">
        <DisplayName>sensor</DisplayName>
        <FieldType>1</FieldType>
        <IsSystem>0</IsSystem>
        <IsPrimary>1</IsPrimary>
        <DataType>STRING</DataType>
        <IsMetricKeyEligible>0</IsMetricKeyEligible>
        <IsMetricValueEligible>0</IsMetricValueEligible>
        <FacetEligible>1</FacetEligible>
        <RangeFacetEligible>0</RangeFacetEligible>
        <TableEligible>1</TableEligible>
        <FacetPriority>1</FacetPriority>
        <Summarizable>1</Summarizable>
        <HighCardinality>1</HighCardinality>
        <LargeData>0</LargeData>
        <MultiValued>0</MultiValued>
        <SMAEnabledSetting>0</SMAEnabledSetting>
    </Field>
    
    <Tag>
<Name>#medium_severity_sensor</Name>
<DisplayName>Medium Severity Sensor</DisplayName>
<IsSystem>0</IsSystem>
<ProblemPriority>MEDIUM</ProblemPriority>
</Tag>
    <Source name="EBS Sensor: FIN PA Variance transactions from Payables causing duplicate costs in Projects - Weekly" oms_version="2.50.2.0.0" configWarningSettings="0">
    <SourceType>database_sql</SourceType>
    <TargetTypes>
        <TargetType>omc_oracle_db_instance</TargetType>
        <TargetType>omc_oracle_pdb</TargetType>
    </TargetTypes>
    <DisplayName>EBS Sensor: FIN PA Variance transactions from Payables causing duplicate costs in Projects - Weekly</DisplayName>
    <Description><![CDATA[Duplicate costs are being created in Projects for some variance transactions.]]></Description>
    <IsSystem>0</IsSystem>
    <IsSecureContent>1</IsSecureContent>
    <Patterns>
        <DBPattern dateTimeField="entrytime" dateTimeColumns="entrytime">
        <SQLQuery>
            <![CDATA[select 'ME$EBS_FIN_PA_P2P_DUPL_ACTUALS_VARIANCE' sensor, to_timestamp(to_char(sysdate, 'YYYY-MM-DD hh24:mi:ss'), 'YYYY-MM-DD hh24:mi:ss') entrytime, 'project_number:' || s.project_number || ', invoice_number:' || s.invoice_number || ', invoice_distribution_id:' || s.invoice_distribution_id || ', expenditure_item_id:' || s.expenditure_item_id || ', amount:' || s.amount || ', rejection_reason:' || s.rejection_reason key_data FROM (SELECT p.segment1 project_number,         aud.invoice_num invoice_number,         aud.invoice_distribution_id invoice_distribution_id,         aud.expenditure_item_id expenditure_item_id,         aud.amount amount,         rej_reason rejection_reason  FROM apps.pa_projects_all p,       ( SELECT ppa.project_id, ppa.segment1, ap.invoice_num, apdist.invoice_id, apdist.invoice_distribution_id, cdl.amount, cdl.system_reference2, cdl.system_reference3, cdl.system_reference4, ei.expenditure_item_id,        'Case 11 ::  Transactions causing duplicate actuals in Projects '||         'from Variances' AS rej_reason         FROM apps.pa_expenditure_items_all ei, apps.pa_cost_distribution_lines_all cdl, apps.ap_invoices_all ap, apps.ap_invoice_distributions_all apdist, apps.pa_projects_all ppa         WHERE ei.transaction_source IN ('AP VARIANCE','AP NRTAX','AP ERV')         AND ei.expenditure_Item_id = cdl.expenditure_Item_id         AND cdl.transfer_status_code = 'V'         AND cdl.line_type = 'R'         AND nvl(ei.net_zero_Adjustment_Flag,'N') = 'N'         AND cdl.line_num = 1         AND ei.project_id = cdl.project_id         AND ppa.project_id = ei.project_id         AND cdl.system_reference2 is not null         AND cdl.system_reference3 is not null         AND cdl.system_reference4 is not null         AND cdl.system_reference4 IN ('ERV','TRV','IPV','TIPV','TERV')         AND ap.invoice_id = apdist.invoice_id         AND apdist.invoice_id = to_number(cdl.system_reference2)         AND apdist.invoice_line_number = to_number(cdl.system_reference3)         AND apdist.line_type_lookup_code  IN ('ERV','TRV','IPV','TIPV','TERV')         AND ei.org_id = cdl.org_id         AND ei.org_id = apdist.org_id         AND apdist.org_id = ap.org_id         AND EXISTS (           SELECT 1 FROM ( SELECT ei.document_header_id, ei.document_distribution_id, ei.document_distribution_type, cdl.amount, cdl.org_id, cdl.line_type, ei.transaction_source           FROM apps.pa_cost_distribution_lines_all cdl, apps.pa_expenditure_items_all ei, apps.pa_projects_all ppa           WHERE ei.transaction_source IN ('AP VARIANCE','AP NRTAX','AP ERV')           AND cdl.transfer_status_code = 'V'           AND cdl.line_type = 'R'           AND cdl.expenditure_item_id = ei.expenditure_item_id           AND cdl.line_num = 1           AND nvl(ei.net_zero_Adjustment_Flag,'N') = 'N'           AND ppa.project_id = ei.project_id           AND ei.project_id = cdl.project_id           AND trunc(ei.creation_date) >= sysdate-7           AND cdl.system_reference4 is not null           AND cdl.system_reference4 IN ('ERV','TRV','IPV','TIPV','TERV')           AND nvl(ei.historical_flag,'N') = 'N'           AND ei.org_id = cdl.org_id           AND ei.document_header_id is not null           AND ei.document_distribution_id is not null           AND ei.document_distribution_type is not null           GROUP BY ei.document_header_id, ei.document_distribution_id,ei.document_distribution_type, cdl.amount, cdl.org_id,cdl.line_type, ei.transaction_source           HAVING COUNT(1) >1           ) doc           WHERE ei.document_header_id = doc.document_header_id           AND ei.document_distribution_id = doc.document_distribution_id           AND ei.document_distribution_type = doc.document_distribution_type           AND cdl.amount = doc.amount           AND cdl.org_id = doc.org_id           AND cdl.line_type = doc.line_type           AND ei.transaction_source = doc.transaction_source)       ) aud  WHERE p.project_id = aud.project_id  and rownum <=5) s]]>
        </SQLQuery>
        <IsInclude>1</IsInclude>
            <InUse>1</InUse>
            <DBQueryFieldList>
                <DBPatternSeqField>entrytime</DBPatternSeqField>
                <DBPatternField>
                    <DBQueryColName>sensor</DBQueryColName>
                    <FieldName>udfs1</FieldName>
                </DBPatternField>
                <DBPatternField>
                    <DBQueryColName>entrytime</DBQueryColName>
                    <FieldName>time</FieldName>
                </DBPatternField>
                <DBPatternField>
                                        <DBQueryColName>key_data</DBQueryColName>
                                        <FieldName>data</FieldName>
                                   </DBPatternField>
            </DBQueryFieldList>
            <IsSystem>0</IsSystem>
            <IsEnabled>1</IsEnabled>
            </DBPattern>
    </Patterns>
        <TagConditions>
            <TagCondition operator="CONTAINS_REGEX" field="udfs1" alertRuleVisible="0">
                <ConditionValues>
                    <ConditionValue>%</ConditionValue>
                </ConditionValues>
                <ConditionTags tagField="mtag">
                    <ConditionTag>#medium_severity_sensor</ConditionTag>
                </ConditionTags>
                <IsSystem>0</IsSystem>
                <IsEnabled>1</IsEnabled>
            </TagCondition>
        </TagConditions>
        <IsHidden>0</IsHidden>
        <IsSMAEnabled>0</IsSMAEnabled>
    </Source>
    <FieldNameMaps>
        <FieldNameMap>
            <Name>udfs1</Name>
            <DisplayName>sensor</DisplayName>
        </FieldNameMap>
        
    </FieldNameMaps>
</LoganContent>