<?xml version="1.0" encoding="UTF-8"?>
<LoganContent oms_version="2.50.2.0.0" name="content_ocid1.tenancy.oc1..aaaaaaaa5s2vdjjrydixjulorcwozffbpna37w5a35p3jhgpyshlkmio6oiq_1650039506307" content_version="2.50.2.0.0" xmlns="http://www.oracle.com/DataCenter/LogAnalyticsStd">
    <Field oms_version="2.50.2.0.0">
        <DisplayName>sensor</DisplayName>
        <FieldType>1</FieldType>
        <IsSystem>0</IsSystem>
        <IsPrimary>1</IsPrimary>
        <DataType>STRING</DataType>
        <IsMetricKeyEligible>0</IsMetricKeyEligible>
        <IsMetricValueEligible>0</IsMetricValueEligible>
        <FacetEligible>1</FacetEligible>
        <RangeFacetEligible>0</RangeFacetEligible>
        <TableEligible>1</TableEligible>
        <FacetPriority>1</FacetPriority>
        <Summarizable>1</Summarizable>
        <HighCardinality>1</HighCardinality>
        <LargeData>0</LargeData>
        <MultiValued>0</MultiValued>
        <SMAEnabledSetting>0</SMAEnabledSetting>
    </Field>
    
    <Tag>
<Name>#low_severity_sensor</Name>
<DisplayName>Low Severity Sensor</DisplayName>
<IsSystem>0</IsSystem>
<ProblemPriority>LOW</ProblemPriority>
</Tag>
    <Source name="EBS Sensor: FIN GL Journal Posting Failed With Error28 - Weekly" oms_version="2.50.2.0.0" configWarningSettings="0">
    <SourceType>database_sql</SourceType>
    <TargetTypes>
        <TargetType>omc_oracle_db_instance</TargetType>
        <TargetType>omc_oracle_pdb</TargetType>
    </TargetTypes>
    <DisplayName>EBS Sensor: FIN GL Journal Posting Failed With Error28 - Weekly</DisplayName>
    <Description><![CDATA[Identified journal lines with invalid balancing and management segment value which causing Error28 while posting.]]></Description>
    <IsSystem>0</IsSystem>
    <IsSecureContent>1</IsSecureContent>
    <Patterns>
        <DBPattern dateTimeField="entrytime" dateTimeColumns="entrytime">
        <SQLQuery>
            <![CDATA[select 'ME$EBS_FIN_GL_BATCH_STATUS_ERROR28' sensor, to_timestamp(to_char(sysdate, 'YYYY-MM-DD hh24:mi:ss'), 'YYYY-MM-DD hh24:mi:ss') entrytime, 'ledger_id:' || s.ledger_id || ', ledger_name:' || s.ledger_name || ', segment_type_code:' || s.segment_type_code || ', segment_value:' || s.segment_value || ', error_message:' || s.error_message || ', record_id:' || s.record_id key_data FROM (SELECT      ledger_id ledger_id,      ledger_name ledger_name,      segment_type_code segment_type_code,      segment_value segment_value,      error_message error_message,      record_id record_id  FROM      (          ( SELECT              gl.ledger_id ledger_id,              gl.name ledger_name,              segment_type_code segment_type_code,              segment_value segment_value,              'Value Missing in gl_ledger_norm_seg_vals' error_message,              parent_record_id record_id          FROM              gl_ledger_segment_values glsv,              gl_ledgers gl          WHERE              gl.ledger_id = glsv.ledger_id          MINUS SELECT              gl.ledger_id,              gl.name ledger_name,              segment_type_code segment_type_code,              segment_value segment_value,              'Value Missing in gl_ledger_norm_seg_vals' error_message,              record_id record_id          FROM              gl_ledger_norm_seg_vals glsv,              gl_ledgers gl          WHERE              gl.ledger_id = glsv.ledger_id          ) UNION ( SELECT              gl.ledger_id ledger_id,              gl.name ledger_name,              segment_type_code segment_type_code,              segment_value segment_value,              'Value Missing in gl_ledger_segment_values' error_message,              record_id record_id          FROM              gl_ledger_norm_seg_vals glsv,              gl_ledgers gl          WHERE              gl.ledger_id = glsv.ledger_id          MINUS SELECT              gl.ledger_id ledger_id,              gl.name ledger_name,              segment_type_code segment_type_code,              segment_value segment_value,              'Value Missing in gl_ledger_segment_values' error_message,              parent_record_id record_id          FROM              gl_ledger_segment_values glsv,              gl_ledgers gl          WHERE              gl.ledger_id = glsv.ledger_id          )      )      where rownum<2  ORDER BY      1,      3,      5 ASC) s]]>
        </SQLQuery>
        <IsInclude>1</IsInclude>
            <InUse>1</InUse>
            <DBQueryFieldList>
                <DBPatternSeqField>entrytime</DBPatternSeqField>
                <DBPatternField>
                    <DBQueryColName>sensor</DBQueryColName>
                    <FieldName>udfs1</FieldName>
                </DBPatternField>
                <DBPatternField>
                    <DBQueryColName>entrytime</DBQueryColName>
                    <FieldName>time</FieldName>
                </DBPatternField>
                <DBPatternField>
                                        <DBQueryColName>key_data</DBQueryColName>
                                        <FieldName>data</FieldName>
                                   </DBPatternField>
            </DBQueryFieldList>
            <IsSystem>0</IsSystem>
            <IsEnabled>1</IsEnabled>
            </DBPattern>
    </Patterns>
        <TagConditions>
            <TagCondition operator="CONTAINS_REGEX" field="udfs1" alertRuleVisible="0">
                <ConditionValues>
                    <ConditionValue>%</ConditionValue>
                </ConditionValues>
                <ConditionTags tagField="mtag">
                    <ConditionTag>#low_severity_sensor</ConditionTag>
                </ConditionTags>
                <IsSystem>0</IsSystem>
                <IsEnabled>1</IsEnabled>
            </TagCondition>
        </TagConditions>
        <IsHidden>0</IsHidden>
        <IsSMAEnabled>0</IsSMAEnabled>
    </Source>
    <FieldNameMaps>
        <FieldNameMap>
            <Name>udfs1</Name>
            <DisplayName>sensor</DisplayName>
        </FieldNameMap>
        
    </FieldNameMaps>
</LoganContent>