<?xml version="1.0" encoding="UTF-8"?>
<LoganContent oms_version="2.50.2.0.0" name="content_ocid1.tenancy.oc1..aaaaaaaa5s2vdjjrydixjulorcwozffbpna37w5a35p3jhgpyshlkmio6oiq_1650039506307" content_version="2.50.2.0.0" xmlns="http://www.oracle.com/DataCenter/LogAnalyticsStd">
    <Field oms_version="2.50.2.0.0">
        <DisplayName>sensor</DisplayName>
        <FieldType>1</FieldType>
        <IsSystem>0</IsSystem>
        <IsPrimary>1</IsPrimary>
        <DataType>STRING</DataType>
        <IsMetricKeyEligible>0</IsMetricKeyEligible>
        <IsMetricValueEligible>0</IsMetricValueEligible>
        <FacetEligible>1</FacetEligible>
        <RangeFacetEligible>0</RangeFacetEligible>
        <TableEligible>1</TableEligible>
        <FacetPriority>1</FacetPriority>
        <Summarizable>1</Summarizable>
        <HighCardinality>1</HighCardinality>
        <LargeData>0</LargeData>
        <MultiValued>0</MultiValued>
        <SMAEnabledSetting>0</SMAEnabledSetting>
    </Field>
    
    <Tag>
<Name>#medium_severity_sensor</Name>
<DisplayName>Medium Severity Sensor</DisplayName>
<IsSystem>0</IsSystem>
<ProblemPriority>MEDIUM</ProblemPriority>
</Tag>
    <Source name="EBS Sensor: FIN PA Burden cost amounts or rates are populated on uncosted expenditure items - Weekly" oms_version="2.50.2.0.0" configWarningSettings="0">
    <SourceType>database_sql</SourceType>
    <TargetTypes>
        <TargetType>omc_oracle_db_instance</TargetType>
        <TargetType>omc_oracle_pdb</TargetType>
    </TargetTypes>
    <DisplayName>EBS Sensor: FIN PA Burden cost amounts or rates are populated on uncosted expenditure items - Weekly</DisplayName>
    <Description><![CDATA[Due to this issue, Distributing Costs will fail with ORA-01400]]></Description>
    <IsSystem>0</IsSystem>
    <IsSecureContent>1</IsSecureContent>
    <Patterns>
        <DBPattern dateTimeField="entrytime" dateTimeColumns="entrytime">
        <SQLQuery>
            <![CDATA[select 'ME$EBS_FIN_PA_COST_RATE_POPULATED_ON_UNCOSTED_ITEMS_BUR' sensor, to_timestamp(to_char(sysdate, 'YYYY-MM-DD hh24:mi:ss'), 'YYYY-MM-DD hh24:mi:ss') entrytime, 'expenditure_item_id:' || s.expenditure_item_id || ', denom_burdened_cost:' || s.denom_burdened_cost || ', acct_burdened_cost:' || s.acct_burdened_cost || ', burden_cost_rate:' || s.burden_cost_rate || ', burden_cost:' || s.burden_cost || ', project_burdened_cost:' || s.project_burdened_cost key_data FROM (SELECT ei.expenditure_item_id expenditure_item_id,         ei.denom_burdened_cost denom_burdened_cost,         ei.acct_burdened_cost acct_burdened_cost,         ei.burden_cost_rate burden_cost_rate,         ei.burden_cost burden_cost,         ei.project_burdened_cost project_burdened_cost  FROM pa_expenditure_items_all ei,       pa_transaction_sources txs  WHERE ei.cost_distributed_flag = 'N'  AND   ei.transaction_source = txs.transaction_source(+)  AND   ei.system_linkage_function <> 'BTC'  AND   (ei.denom_burdened_cost <>           decode(nvl(txs.allow_burden_flag, 'N'),             'N',NULL,              ei.denom_burdened_cost) OR         ei.acct_burdened_cost is not null OR         ei.burden_cost_rate is not null OR         ei.burden_cost is not null OR         ei.project_burdened_cost is not null)  AND   ei.creation_date > sysdate -7  AND   rownum <= 5  ORDER BY ei.expenditure_item_id) s]]>
        </SQLQuery>
        <IsInclude>1</IsInclude>
            <InUse>1</InUse>
            <DBQueryFieldList>
                <DBPatternSeqField>entrytime</DBPatternSeqField>
                <DBPatternField>
                    <DBQueryColName>sensor</DBQueryColName>
                    <FieldName>udfs1</FieldName>
                </DBPatternField>
                <DBPatternField>
                    <DBQueryColName>entrytime</DBQueryColName>
                    <FieldName>time</FieldName>
                </DBPatternField>
                <DBPatternField>
                                        <DBQueryColName>key_data</DBQueryColName>
                                        <FieldName>data</FieldName>
                                   </DBPatternField>
            </DBQueryFieldList>
            <IsSystem>0</IsSystem>
            <IsEnabled>1</IsEnabled>
            </DBPattern>
    </Patterns>
        <TagConditions>
            <TagCondition operator="CONTAINS_REGEX" field="udfs1" alertRuleVisible="0">
                <ConditionValues>
                    <ConditionValue>%</ConditionValue>
                </ConditionValues>
                <ConditionTags tagField="mtag">
                    <ConditionTag>#medium_severity_sensor</ConditionTag>
                </ConditionTags>
                <IsSystem>0</IsSystem>
                <IsEnabled>1</IsEnabled>
            </TagCondition>
        </TagConditions>
        <IsHidden>0</IsHidden>
        <IsSMAEnabled>0</IsSMAEnabled>
    </Source>
    <FieldNameMaps>
        <FieldNameMap>
            <Name>udfs1</Name>
            <DisplayName>sensor</DisplayName>
        </FieldNameMap>
        
    </FieldNameMaps>
</LoganContent>