<?xml version="1.0" encoding="UTF-8"?>
<LoganContent oms_version="2.50.2.0.0" name="content_ocid1.tenancy.oc1..aaaaaaaa5s2vdjjrydixjulorcwozffbpna37w5a35p3jhgpyshlkmio6oiq_1650039506307" content_version="2.50.2.0.0" xmlns="http://www.oracle.com/DataCenter/LogAnalyticsStd">
    <Field oms_version="2.50.2.0.0">
        <DisplayName>sensor</DisplayName>
        <FieldType>1</FieldType>
        <IsSystem>0</IsSystem>
        <IsPrimary>1</IsPrimary>
        <DataType>STRING</DataType>
        <IsMetricKeyEligible>0</IsMetricKeyEligible>
        <IsMetricValueEligible>0</IsMetricValueEligible>
        <FacetEligible>1</FacetEligible>
        <RangeFacetEligible>0</RangeFacetEligible>
        <TableEligible>1</TableEligible>
        <FacetPriority>1</FacetPriority>
        <Summarizable>1</Summarizable>
        <HighCardinality>1</HighCardinality>
        <LargeData>0</LargeData>
        <MultiValued>0</MultiValued>
        <SMAEnabledSetting>0</SMAEnabledSetting>
    </Field>
    
    <Tag>
<Name>#medium_severity_sensor</Name>
<DisplayName>Medium Severity Sensor</DisplayName>
<IsSystem>0</IsSystem>
<ProblemPriority>MEDIUM</ProblemPriority>
</Tag>
    <Source name="EBS Sensor: FIN PA Asset Lines Have Transferred Status But Are Missing In FA - Weekly" oms_version="2.50.2.0.0" configWarningSettings="0">
    <SourceType>database_sql</SourceType>
    <TargetTypes>
        <TargetType>omc_oracle_db_instance</TargetType>
        <TargetType>omc_oracle_pdb</TargetType>
    </TargetTypes>
    <DisplayName>EBS Sensor: FIN PA Asset Lines Have Transferred Status But Are Missing In FA - Weekly</DisplayName>
    <Description><![CDATA[Assets costs are not interfacing to FA due to asset lines with transferred status in PA but missing in FA.]]></Description>
    <IsSystem>0</IsSystem>
    <IsSecureContent>1</IsSecureContent>
    <Patterns>
        <DBPattern dateTimeField="entrytime" dateTimeColumns="entrytime">
        <SQLQuery>
            <![CDATA[select 'ME$EBS_FIN_PA_CAP_ASSET_LINES_MISSING_FA' sensor, to_timestamp(to_char(sysdate, 'YYYY-MM-DD hh24:mi:ss'), 'YYYY-MM-DD hh24:mi:ss') entrytime, 'project_id:' || s.project_id || ', project_asset_line_id:' || s.project_asset_line_id || ', project_asset_line_detail_id:' || s.project_asset_line_detail_id || ', project_asset_id:' || s.project_asset_id || ', task_id:' || s.task_id key_data FROM (SELECT p.project_id project_id,  l.project_asset_line_id project_asset_line_id,  l.project_asset_line_detail_id project_asset_line_detail_id,  l.project_asset_id project_asset_id,  l.task_id task_id  FROM apps.pa_project_asset_lines_all l,  apps.pa_projects_all p,  apps.pa_project_types_all pt,  apps.pa_project_statuses ps  WHERE l.project_id = p.project_id  AND trunc(l.creation_date) > SYSDATE - 7  AND l.transfer_status_code = 'T'  AND p.project_type = pt.project_type    AND p.org_id = pt.org_id   AND pt.project_type_class_code = 'CAPITAL'  AND p.project_status_code = ps.project_status_code    AND ps.project_system_status_code <> 'CLOSED'     AND l.transfer_rejection_reason = 'ASSET_NOT_POSTED'  AND NOT EXISTS (  SELECT 1 FROM apps.fa_mass_additions ma  WHERE ma.project_id = l.project_id  AND ma.project_asset_line_id = l.project_asset_line_id  AND ma.task_id = l.task_id  UNION  SELECT 1  FROM apps.fa_additions a,  apps.fa_asset_invoices ai  WHERE a.asset_id = ai.asset_id  AND ai.project_asset_line_id = l.project_asset_line_id  AND ai.project_id = l.project_id)  AND rownum <= 6) s]]>
        </SQLQuery>
        <IsInclude>1</IsInclude>
            <InUse>1</InUse>
            <DBQueryFieldList>
                <DBPatternSeqField>entrytime</DBPatternSeqField>
                <DBPatternField>
                    <DBQueryColName>sensor</DBQueryColName>
                    <FieldName>udfs1</FieldName>
                </DBPatternField>
                <DBPatternField>
                    <DBQueryColName>entrytime</DBQueryColName>
                    <FieldName>time</FieldName>
                </DBPatternField>
                <DBPatternField>
                                        <DBQueryColName>key_data</DBQueryColName>
                                        <FieldName>data</FieldName>
                                   </DBPatternField>
            </DBQueryFieldList>
            <IsSystem>0</IsSystem>
            <IsEnabled>1</IsEnabled>
            </DBPattern>
    </Patterns>
        <TagConditions>
            <TagCondition operator="CONTAINS_REGEX" field="udfs1" alertRuleVisible="0">
                <ConditionValues>
                    <ConditionValue>%</ConditionValue>
                </ConditionValues>
                <ConditionTags tagField="mtag">
                    <ConditionTag>#medium_severity_sensor</ConditionTag>
                </ConditionTags>
                <IsSystem>0</IsSystem>
                <IsEnabled>1</IsEnabled>
            </TagCondition>
        </TagConditions>
        <IsHidden>0</IsHidden>
        <IsSMAEnabled>0</IsSMAEnabled>
    </Source>
    <FieldNameMaps>
        <FieldNameMap>
            <Name>udfs1</Name>
            <DisplayName>sensor</DisplayName>
        </FieldNameMap>
        
    </FieldNameMaps>
</LoganContent>