<?xml version="1.0" encoding="UTF-8"?>
<LoganContent oms_version="2.50.2.0.0" name="content_ocid1.tenancy.oc1..aaaaaaaa5s2vdjjrydixjulorcwozffbpna37w5a35p3jhgpyshlkmio6oiq_1650039506307" content_version="2.50.2.0.0" xmlns="http://www.oracle.com/DataCenter/LogAnalyticsStd">
    <Field oms_version="2.50.2.0.0">
        <DisplayName>sensor</DisplayName>
        <FieldType>1</FieldType>
        <IsSystem>0</IsSystem>
        <IsPrimary>1</IsPrimary>
        <DataType>STRING</DataType>
        <IsMetricKeyEligible>0</IsMetricKeyEligible>
        <IsMetricValueEligible>0</IsMetricValueEligible>
        <FacetEligible>1</FacetEligible>
        <RangeFacetEligible>0</RangeFacetEligible>
        <TableEligible>1</TableEligible>
        <FacetPriority>1</FacetPriority>
        <Summarizable>1</Summarizable>
        <HighCardinality>1</HighCardinality>
        <LargeData>0</LargeData>
        <MultiValued>0</MultiValued>
        <SMAEnabledSetting>0</SMAEnabledSetting>
    </Field>
    
    <Tag>
<Name>#low_severity_sensor</Name>
<DisplayName>Low Severity Sensor</DisplayName>
<IsSystem>0</IsSystem>
<ProblemPriority>LOW</ProblemPriority>
</Tag>
    <Source name="EBS Sensor: HCM HR Shared HR Profiles DateTrac Enabled HR Enable DTW4 not allowed to be active in shared HR - Monthly" oms_version="2.50.2.0.0" configWarningSettings="0">
    <SourceType>database_sql</SourceType>
    <TargetTypes>
        <TargetType>omc_oracle_db_instance</TargetType>
        <TargetType>omc_oracle_pdb</TargetType>
    </TargetTypes>
    <DisplayName>EBS Sensor: HCM HR Shared HR Profiles DateTrac Enabled HR Enable DTW4 not allowed to be active in shared HR - Monthly</DisplayName>
    <Description><![CDATA[These profiles are only allowed to be active and used within fully installed Oracle Human Resources environments.]]></Description>
    <IsSystem>0</IsSystem>
    <IsSecureContent>1</IsSecureContent>
    <Patterns>
        <DBPattern dateTimeField="entrytime" dateTimeColumns="entrytime">
        <SQLQuery>
            <![CDATA[select 'ME$EBS_HCM_HR_INCORRECT_PROFILE_SHARED' sensor, to_timestamp(to_char(sysdate, 'YYYY-MM-DD hh24:mi:ss'), 'YYYY-MM-DD hh24:mi:ss') entrytime, 'Profile_name:' || s.Profile_name || ', Context_profile:' || s.Context_profile || ', Level_profile:' || s.Level_profile || ', Value_profile:' || s.Value_profile key_data FROM (select PROFILE_OPTION_NAME Profile_name, Context_profile Context_profile,Level_profile Level_profile,Value_profile Value_profile from  (   Select fpotl.PROFILE_OPTION_NAME,  decode(to_char(fpov.level_id),  '10001', 'Site',  '10002', 'Application') Context_profile,  fpo.APPLICATION_ID,  fpov.LEVEL_VALUE,  decode(to_char(fpov.level_id),  '10001', 'Site',  '10002', nvl(app.application_short_name,to_char(fpov.level_value))) Level_profile,  DECODE(fpov.PROFILE_OPTION_VALUE,'Y','Yes',  DECODE(fpov.PROFILE_OPTION_VALUE,'N','No',  fpov.PROFILE_OPTION_VALUE)) Value_profile  from apps.FND_PROFILE_OPTIONS fpo,  apps.FND_PROFILE_OPTIONS_TL fpotl,  apps.FND_PROFILE_OPTION_VALUES fpov,  apps.FND_APPLICATION app  where fpotl.PROFILE_OPTION_NAME = fpo.PROFILE_OPTION_NAME  and app.application_id (+) = fpov.level_value  and fpo.PROFILE_OPTION_ID = fpov.PROFILE_OPTION_ID  and fpotl.LANGUAGE = 'US'  and  ((fpo.PROFILE_OPTION_NAME like 'DATETRACK:ENABLED'  and fpotl.PROFILE_OPTION_NAME like 'DATETRACK:ENABLED'  and fpov.PROFILE_OPTION_ID = 1208  and fpov.LEVEL_ID IN (10001,10002)  and fpov.LEVEL_VALUE != '804')  or  (fpotl.PROFILE_OPTION_NAME = 'PER_ENABLE_DTW4'  and fpo.PROFILE_OPTION_NAME = 'PER_ENABLE_DTW4'  and fpov.LEVEL_ID IN (10001,10002)  and fpo.APPLICATION_ID = 800)  )  AND exists (select 1 from FND_PRODUCT_INSTALLATIONS where APPLICATION_ID = 800 and status='S')  )) s]]>
        </SQLQuery>
        <IsInclude>1</IsInclude>
            <InUse>1</InUse>
            <DBQueryFieldList>
                <DBPatternSeqField>entrytime</DBPatternSeqField>
                <DBPatternField>
                    <DBQueryColName>sensor</DBQueryColName>
                    <FieldName>udfs1</FieldName>
                </DBPatternField>
                <DBPatternField>
                    <DBQueryColName>entrytime</DBQueryColName>
                    <FieldName>time</FieldName>
                </DBPatternField>
                <DBPatternField>
                                        <DBQueryColName>key_data</DBQueryColName>
                                        <FieldName>data</FieldName>
                                   </DBPatternField>
            </DBQueryFieldList>
            <IsSystem>0</IsSystem>
            <IsEnabled>1</IsEnabled>
            </DBPattern>
    </Patterns>
        <TagConditions>
            <TagCondition operator="CONTAINS_REGEX" field="udfs1" alertRuleVisible="0">
                <ConditionValues>
                    <ConditionValue>%</ConditionValue>
                </ConditionValues>
                <ConditionTags tagField="mtag">
                    <ConditionTag>#low_severity_sensor</ConditionTag>
                </ConditionTags>
                <IsSystem>0</IsSystem>
                <IsEnabled>1</IsEnabled>
            </TagCondition>
        </TagConditions>
        <IsHidden>0</IsHidden>
        <IsSMAEnabled>0</IsSMAEnabled>
    </Source>
    <FieldNameMaps>
        <FieldNameMap>
            <Name>udfs1</Name>
            <DisplayName>sensor</DisplayName>
        </FieldNameMap>
        
    </FieldNameMaps>
</LoganContent>