<?xml version="1.0" encoding="UTF-8"?>
<LoganContent oms_version="2.50.2.0.0" name="content_ocid1.tenancy.oc1..aaaaaaaa5s2vdjjrydixjulorcwozffbpna37w5a35p3jhgpyshlkmio6oiq_1650039506307" content_version="2.50.2.0.0" xmlns="http://www.oracle.com/DataCenter/LogAnalyticsStd">
    <Field oms_version="2.50.2.0.0">
        <DisplayName>sensor</DisplayName>
        <FieldType>1</FieldType>
        <IsSystem>0</IsSystem>
        <IsPrimary>1</IsPrimary>
        <DataType>STRING</DataType>
        <IsMetricKeyEligible>0</IsMetricKeyEligible>
        <IsMetricValueEligible>0</IsMetricValueEligible>
        <FacetEligible>1</FacetEligible>
        <RangeFacetEligible>0</RangeFacetEligible>
        <TableEligible>1</TableEligible>
        <FacetPriority>1</FacetPriority>
        <Summarizable>1</Summarizable>
        <HighCardinality>1</HighCardinality>
        <LargeData>0</LargeData>
        <MultiValued>0</MultiValued>
        <SMAEnabledSetting>0</SMAEnabledSetting>
    </Field>
    
    <Tag>
<Name>#medium_severity_sensor</Name>
<DisplayName>Medium Severity Sensor</DisplayName>
<IsSystem>0</IsSystem>
<ProblemPriority>MEDIUM</ProblemPriority>
</Tag>
    <Source name="EBS Sensor: MFG PO Items from GBPA or BPA not translated in iProcurement - Weekly" oms_version="2.50.2.0.0" configWarningSettings="0">
    <SourceType>database_sql</SourceType>
    <TargetTypes>
        <TargetType>omc_oracle_db_instance</TargetType>
        <TargetType>omc_oracle_pdb</TargetType>
    </TargetTypes>
    <DisplayName>EBS Sensor: MFG PO Items from GBPA or BPA not translated in iProcurement - Weekly</DisplayName>
    <Description><![CDATA[Items from GBPA/BPA not translated in iProcurement are not available in the catalog to create requisitions if the language is being used.]]></Description>
    <IsSystem>0</IsSystem>
    <IsSecureContent>1</IsSecureContent>
    <Patterns>
        <DBPattern dateTimeField="entrytime" dateTimeColumns="entrytime">
        <SQLQuery>
            <![CDATA[select 'ME$EBS_MFG_PO_PRC_ICX_BPA_ITEMSNOTTRANSLATED' sensor, to_timestamp(to_char(sysdate, 'YYYY-MM-DD hh24:mi:ss'), 'YYYY-MM-DD hh24:mi:ss') entrytime, 'po_header_id:' || s.po_header_id || ', po_line_id:' || s.po_line_id || ', po_number:' || s.po_number || ', item_id:' || s.item_id || ', po_category_id:' || s.po_category_id || ', ip_category_id:' || s.ip_category_id key_data FROM (select line.po_header_id po_header_id,         line.po_line_id po_line_id,         head.segment1 po_number,         line.item_id item_id,         line.category_id po_category_id,         line.ip_category_id ip_category_id    from apps.po_headers_all head,  	   apps.po_lines_all line,         apps.po_line_types_b pltb   where head.type_lookup_code = 'BLANKET'      and line.CREATION_DATE > sysdate - 7     And Head.Po_Header_Id = Line.Po_Header_Id     And Head.Authorization_Status = 'APPROVED'     AND head.approved_date is not null     /* And ICX_CAT_UTIL_PVT.is_blanket_valid(line.po_line_id, line.org_id) = 1 , performance issue  */     AND NVL(head.user_hold_flag, 'N') <> 'Y'     AND NVL(head.cancel_flag, 'N') <> 'Y'      AND NVL(head.frozen_flag, 'N') <> 'Y'      AND NVL(head.closed_code, 'OPEN') NOT IN ('CLOSED', 'FINALLY CLOSED')     AND NVL(line.closed_code, 'OPEN') NOT IN ('CLOSED', 'FINALLY CLOSED')      AND NVL(line.cancel_flag, 'N') <> 'Y'     AND TRUNC(SYSDATE) BETWEEN NVL(TRUNC(head.start_date), TRUNC( SYSDATE - 1))                             AND NVL(TRUNC(head.end_date), TRUNC( SYSDATE + 1))     And Trunc(Sysdate) <= Nvl(Trunc(line.Expiration_Date), Trunc( Sysdate+1))     AND line.line_type_id = pltb.line_type_id     AND NVL(pltb.purchase_basis, 'NULL') <> 'TEMP LABOR'     AND NVL(pltb.outside_operation_flag, 'N') = 'N'                     AND (           (Line.Item_Id Is Null            and nvl(fnd_profile.value('POR_LOAD_ONETIME_ITEM_ALL_LANG'), 'N') = 'Y'            and (                   (select count(1)   		            from apps.po_attribute_values_tlp                     Where Line.Po_Line_Id = Po_Line_Id)  < (select count(*) from apps.FND_LANGUAGES where installed_flag IN ('B', 'I'))                     OR                     (select count(1)                        from apps.icx_cat_items_ctx_hdrs_tlp                       where line.po_line_id = po_line_id                     ) < (select count(*) from apps.FND_LANGUAGES where installed_flag IN ('B', 'I'))                )                    )  		OR  		   (Line.Item_Id Is not Null  		     and (                   (select count(1)   		            from apps.po_attribute_values_tlp                     Where Line.Po_Line_Id = Po_Line_Id) <                    (Select Count(1)                       From apps.MTL_SYSTEM_ITEMS_TL msi,                            financials_system_params_all fsp                     Where Inventory_Item_Id = Line.Item_Id                       and line.org_id = fsp.ORG_ID                       And Msi.Organization_Id = Fsp.Inventory_Organization_Id                      and language = source_lang  			       )                  or                   (select count(1)                      from apps.icx_cat_items_ctx_hdrs_tlp                     where line.po_line_id = po_line_id                   ) < (Select Count(1)                           From apps.MTL_SYSTEM_ITEMS_TL msi,                               financials_system_params_all fsp                         Where Inventory_Item_Id = Line.Item_Id                           and line.org_id = fsp.ORG_ID                           And Msi.Organization_Id = Fsp.Inventory_Organization_Id                          and language = source_lang  			          )               )  		  )  	)  and rownum < 1000  order by po_header_id desc  ) s]]>
        </SQLQuery>
        <IsInclude>1</IsInclude>
            <InUse>1</InUse>
            <DBQueryFieldList>
                <DBPatternSeqField>entrytime</DBPatternSeqField>
                <DBPatternField>
                    <DBQueryColName>sensor</DBQueryColName>
                    <FieldName>udfs1</FieldName>
                </DBPatternField>
                <DBPatternField>
                    <DBQueryColName>entrytime</DBQueryColName>
                    <FieldName>time</FieldName>
                </DBPatternField>
                <DBPatternField>
                                        <DBQueryColName>key_data</DBQueryColName>
                                        <FieldName>data</FieldName>
                                   </DBPatternField>
            </DBQueryFieldList>
            <IsSystem>0</IsSystem>
            <IsEnabled>1</IsEnabled>
            </DBPattern>
    </Patterns>
        <TagConditions>
            <TagCondition operator="CONTAINS_REGEX" field="udfs1" alertRuleVisible="0">
                <ConditionValues>
                    <ConditionValue>%</ConditionValue>
                </ConditionValues>
                <ConditionTags tagField="mtag">
                    <ConditionTag>#medium_severity_sensor</ConditionTag>
                </ConditionTags>
                <IsSystem>0</IsSystem>
                <IsEnabled>1</IsEnabled>
            </TagCondition>
        </TagConditions>
        <IsHidden>0</IsHidden>
        <IsSMAEnabled>0</IsSMAEnabled>
    </Source>
    <FieldNameMaps>
        <FieldNameMap>
            <Name>udfs1</Name>
            <DisplayName>sensor</DisplayName>
        </FieldNameMap>
        
    </FieldNameMaps>
</LoganContent>