<?xml version="1.0" encoding="UTF-8"?>
<LoganContent oms_version="2.50.2.0.0" name="content_ocid1.tenancy.oc1..aaaaaaaa5s2vdjjrydixjulorcwozffbpna37w5a35p3jhgpyshlkmio6oiq_1650039506307" content_version="2.50.2.0.0" xmlns="http://www.oracle.com/DataCenter/LogAnalyticsStd">
    <Field oms_version="2.50.2.0.0">
        <DisplayName>sensor</DisplayName>
        <FieldType>1</FieldType>
        <IsSystem>0</IsSystem>
        <IsPrimary>1</IsPrimary>
        <DataType>STRING</DataType>
        <IsMetricKeyEligible>0</IsMetricKeyEligible>
        <IsMetricValueEligible>0</IsMetricValueEligible>
        <FacetEligible>1</FacetEligible>
        <RangeFacetEligible>0</RangeFacetEligible>
        <TableEligible>1</TableEligible>
        <FacetPriority>1</FacetPriority>
        <Summarizable>1</Summarizable>
        <HighCardinality>1</HighCardinality>
        <LargeData>0</LargeData>
        <MultiValued>0</MultiValued>
        <SMAEnabledSetting>0</SMAEnabledSetting>
    </Field>
    
    <Tag>
<Name>#medium_severity_sensor</Name>
<DisplayName>Medium Severity Sensor</DisplayName>
<IsSystem>0</IsSystem>
<ProblemPriority>MEDIUM</ProblemPriority>
</Tag>
    <Source name="EBS Sensor: FIN AP Posted Flags are Incorrect for Accounted Payments - Weekly" oms_version="2.50.2.0.0" configWarningSettings="0">
    <SourceType>database_sql</SourceType>
    <TargetTypes>
        <TargetType>omc_oracle_db_instance</TargetType>
        <TargetType>omc_oracle_pdb</TargetType>
    </TargetTypes>
    <DisplayName>EBS Sensor: FIN AP Posted Flags are Incorrect for Accounted Payments - Weekly</DisplayName>
    <Description><![CDATA[Transaction posted flags is not updated properly though the accounting is perfect.]]></Description>
    <IsSystem>0</IsSystem>
    <IsSecureContent>1</IsSecureContent>
    <Patterns>
        <DBPattern dateTimeField="entrytime" dateTimeColumns="entrytime">
        <SQLQuery>
            <![CDATA[select 'ME$EBS_FIN_AP_PAYMENTS_POSTINGSTATUSOUTOFSYNCH_W_ACCTGEVENTS' sensor, to_timestamp(to_char(sysdate, 'YYYY-MM-DD hh24:mi:ss'), 'YYYY-MM-DD hh24:mi:ss') entrytime, 'check_id:' || s.check_id key_data FROM (SELECT DISTINCT      check_id check_id  FROM      (          WITH chks AS (              SELECT /*+ materialize */ DISTINCT                  ph.check_id              FROM                  apps.ap_payment_history_all ph              WHERE                  ph.accounting_date BETWEEN ( trunc(sysdate) - 7 ) AND ( trunc(sysdate) + 3 )          )          SELECT              ac.check_id,              ac.check_number,              ac.org_id,              'AP_INVOICE_PAYMENTS_ALL' trx_table,              aip.invoice_payment_id    trx_id,              aip.posted_flag,              aip.accrual_posted_flag,              aip.cash_posted_flag,              xe.event_id,              xte.ledger_id             ledger_id          FROM              chks,              apps.ap_checks_all                ac,              apps.ap_invoice_payments_all      aip,              apps.xla_events                   xe,              apps.xla_transaction_entities_upg xte,              apps.gl_ledgers                   gl          WHERE              ( aip.posted_flag = 'N'                OR ( aip.accrual_posted_flag = 'N'                     AND nvl(gl.sla_ledger_cash_basis_flag, 'N') <> 'Y' ) )              AND aip.set_of_books_id = gl.ledger_id              AND xe.process_status_code = 'P'              AND xe.event_status_code IN ( 'N', 'P' )              AND ac.check_id = aip.check_id              AND xe.event_id = aip.accounting_event_id              AND xte.security_id_int_1 = ac.org_id              AND xe.entity_id = xte.entity_id              AND xe.application_id = xte.application_id              AND xe.application_id = 200              AND ac.check_id = chks.check_id          UNION ALL          SELECT              ac.check_id,              ac.check_number,              ac.org_id,              'AP_PAYMENT_HISTORY_ALL' trx_table,              aph.payment_history_id   trx_id,              aph.posted_flag,              NULL,              NULL,              xe.event_id,              xte.ledger_id            ledger_id          FROM              chks,              apps.ap_checks_all                ac,              apps.ap_payment_history_all       aph,              apps.xla_events                   xe,              apps.xla_transaction_entities_upg xte          WHERE                  aph.posted_flag <> 'Y'              AND xe.process_status_code = 'P'              AND xe.event_status_code IN ( 'N', 'P' )              AND xte.security_id_int_1 = aph.org_id              AND xe.event_id = aph.accounting_event_id              AND ac.check_id = aph.check_id              AND xe.entity_id = xte.entity_id              AND xe.application_id = 200              AND xte.application_id = 200              AND ac.check_id = chks.check_id              AND ROWNUM < 11      )  ORDER BY      check_id) s]]>
        </SQLQuery>
        <IsInclude>1</IsInclude>
            <InUse>1</InUse>
            <DBQueryFieldList>
                <DBPatternSeqField>entrytime</DBPatternSeqField>
                <DBPatternField>
                    <DBQueryColName>sensor</DBQueryColName>
                    <FieldName>udfs1</FieldName>
                </DBPatternField>
                <DBPatternField>
                    <DBQueryColName>entrytime</DBQueryColName>
                    <FieldName>time</FieldName>
                </DBPatternField>
                <DBPatternField>
                                        <DBQueryColName>key_data</DBQueryColName>
                                        <FieldName>data</FieldName>
                                   </DBPatternField>
            </DBQueryFieldList>
            <IsSystem>0</IsSystem>
            <IsEnabled>1</IsEnabled>
            </DBPattern>
    </Patterns>
        <TagConditions>
            <TagCondition operator="CONTAINS_REGEX" field="udfs1" alertRuleVisible="0">
                <ConditionValues>
                    <ConditionValue>%</ConditionValue>
                </ConditionValues>
                <ConditionTags tagField="mtag">
                    <ConditionTag>#medium_severity_sensor</ConditionTag>
                </ConditionTags>
                <IsSystem>0</IsSystem>
                <IsEnabled>1</IsEnabled>
            </TagCondition>
        </TagConditions>
        <IsHidden>0</IsHidden>
        <IsSMAEnabled>0</IsSMAEnabled>
    </Source>
    <FieldNameMaps>
        <FieldNameMap>
            <Name>udfs1</Name>
            <DisplayName>sensor</DisplayName>
        </FieldNameMap>
        
    </FieldNameMaps>
</LoganContent>