<?xml version="1.0" encoding="UTF-8"?>
<LoganContent oms_version="2.50.2.0.0" name="content_ocid1.tenancy.oc1..aaaaaaaa5s2vdjjrydixjulorcwozffbpna37w5a35p3jhgpyshlkmio6oiq_1650039506307" content_version="2.50.2.0.0" xmlns="http://www.oracle.com/DataCenter/LogAnalyticsStd">
    <Field oms_version="2.50.2.0.0">
        <DisplayName>sensor</DisplayName>
        <FieldType>1</FieldType>
        <IsSystem>0</IsSystem>
        <IsPrimary>1</IsPrimary>
        <DataType>STRING</DataType>
        <IsMetricKeyEligible>0</IsMetricKeyEligible>
        <IsMetricValueEligible>0</IsMetricValueEligible>
        <FacetEligible>1</FacetEligible>
        <RangeFacetEligible>0</RangeFacetEligible>
        <TableEligible>1</TableEligible>
        <FacetPriority>1</FacetPriority>
        <Summarizable>1</Summarizable>
        <HighCardinality>1</HighCardinality>
        <LargeData>0</LargeData>
        <MultiValued>0</MultiValued>
        <SMAEnabledSetting>0</SMAEnabledSetting>
    </Field>
    
    <Tag>
<Name>#medium_severity_sensor</Name>
<DisplayName>Medium Severity Sensor</DisplayName>
<IsSystem>0</IsSystem>
<ProblemPriority>MEDIUM</ProblemPriority>
</Tag>
    <Source name="EBS Sensor: FIN AP Upgraded payments with missing records in XLA DISTRIBUTION LINKS - Weekly" oms_version="2.50.2.0.0" configWarningSettings="0">
    <SourceType>database_sql</SourceType>
    <TargetTypes>
        <TargetType>omc_oracle_db_instance</TargetType>
        <TargetType>omc_oracle_pdb</TargetType>
    </TargetTypes>
    <DisplayName>EBS Sensor: FIN AP Upgraded payments with missing records in XLA DISTRIBUTION LINKS - Weekly</DisplayName>
    <Description><![CDATA[SLA Hot Patch failed to populate the XLA distribution links for some transactions due to which the accounting for the downstream event fails.]]></Description>
    <IsSystem>0</IsSystem>
    <IsSecureContent>1</IsSecureContent>
    <Patterns>
        <DBPattern dateTimeField="entrytime" dateTimeColumns="entrytime">
        <SQLQuery>
            <![CDATA[select 'ME$EBS_FIN_AP_MISSING_XDL_MIGRATED_PAYMENTS' sensor, to_timestamp(to_char(sysdate, 'YYYY-MM-DD hh24:mi:ss'), 'YYYY-MM-DD hh24:mi:ss') entrytime, 'check_id:' || s.check_id key_data FROM (SELECT      ac.check_id check_id  FROM      apps.xla_events                   xe,      apps.xla_transaction_entities_upg xte,      apps.ap_checks_all                ac,      apps.gl_period_statuses           upg,      apps.ap_system_parameters_all     asp,      apps.xla_ae_headers               xah,      apps.xla_ae_lines                 xal,      (          SELECT DISTINCT              ph.check_id          FROM              apps.ap_payment_history_all ph          WHERE              ph.accounting_date BETWEEN ( trunc(sysdate) - 7 ) AND ( trunc(sysdate) + 3 )      )                            chks  WHERE          xe.application_id = 200      AND xe.event_status_code = 'P'      AND xe.upg_batch_id IS NOT NULL      AND xe.upg_batch_id <> - 9999      AND xah.application_id = 200      AND xal.application_id = 200      AND xah.event_id = xe.event_id      AND xah.ae_header_id = xal.ae_header_id      AND xah.upg_batch_id IS NOT NULL      AND xte.application_id = 200      AND xte.ledger_id = xah.ledger_id      AND xte.entity_code = 'AP_PAYMENTS'      AND xte.entity_id = xe.entity_id      AND ac.check_id = nvl(xte.source_id_int_1, - 99)      AND upg.application_id = xte.application_id      AND upg.ledger_id = xte.ledger_id      AND upg.set_of_books_id = asp.set_of_books_id      AND asp.set_of_books_id = xte.ledger_id      AND asp.org_id = ac.org_id      AND ac.check_date BETWEEN upg.start_date AND upg.end_date      AND upg.migration_status_code = 'U'      AND upg.closing_status IN ( 'O', 'C', 'P' )      AND trunc(upg.start_date) < (          SELECT              MIN(trunc(creation_date))          FROM              apps.ad_applied_patches          WHERE                  patch_type = 'MAINTENANCE-PACK'              AND maint_pack_level LIKE '12.%'      )      AND EXISTS (          SELECT              1          FROM              apps.ap_invoice_payments_all aip          WHERE              aip.check_id = ac.check_id      )      AND NOT EXISTS (          SELECT              1          FROM              apps.xla_distribution_links xdl          WHERE                  xdl.application_id = 200              AND xdl.ae_header_id = xah.ae_header_id              AND xdl.ae_line_num = xal.ae_line_num      )      AND ac.check_id = chks.check_id      AND ROWNUM < 11  ORDER BY      check_id) s]]>
        </SQLQuery>
        <IsInclude>1</IsInclude>
            <InUse>1</InUse>
            <DBQueryFieldList>
                <DBPatternSeqField>entrytime</DBPatternSeqField>
                <DBPatternField>
                    <DBQueryColName>sensor</DBQueryColName>
                    <FieldName>udfs1</FieldName>
                </DBPatternField>
                <DBPatternField>
                    <DBQueryColName>entrytime</DBQueryColName>
                    <FieldName>time</FieldName>
                </DBPatternField>
                <DBPatternField>
                                        <DBQueryColName>key_data</DBQueryColName>
                                        <FieldName>data</FieldName>
                                   </DBPatternField>
            </DBQueryFieldList>
            <IsSystem>0</IsSystem>
            <IsEnabled>1</IsEnabled>
            </DBPattern>
    </Patterns>
        <TagConditions>
            <TagCondition operator="CONTAINS_REGEX" field="udfs1" alertRuleVisible="0">
                <ConditionValues>
                    <ConditionValue>%</ConditionValue>
                </ConditionValues>
                <ConditionTags tagField="mtag">
                    <ConditionTag>#medium_severity_sensor</ConditionTag>
                </ConditionTags>
                <IsSystem>0</IsSystem>
                <IsEnabled>1</IsEnabled>
            </TagCondition>
        </TagConditions>
        <IsHidden>0</IsHidden>
        <IsSMAEnabled>0</IsSMAEnabled>
    </Source>
    <FieldNameMaps>
        <FieldNameMap>
            <Name>udfs1</Name>
            <DisplayName>sensor</DisplayName>
        </FieldNameMap>
        
    </FieldNameMaps>
</LoganContent>