<?xml version="1.0" encoding="UTF-8"?>
<LoganContent oms_version="2.50.2.0.0" name="content_ocid1.tenancy.oc1..aaaaaaaa5s2vdjjrydixjulorcwozffbpna37w5a35p3jhgpyshlkmio6oiq_1650039506307" content_version="2.50.2.0.0" xmlns="http://www.oracle.com/DataCenter/LogAnalyticsStd">
    <Field oms_version="2.50.2.0.0">
        <DisplayName>sensor</DisplayName>
        <FieldType>1</FieldType>
        <IsSystem>0</IsSystem>
        <IsPrimary>1</IsPrimary>
        <DataType>STRING</DataType>
        <IsMetricKeyEligible>0</IsMetricKeyEligible>
        <IsMetricValueEligible>0</IsMetricValueEligible>
        <FacetEligible>1</FacetEligible>
        <RangeFacetEligible>0</RangeFacetEligible>
        <TableEligible>1</TableEligible>
        <FacetPriority>1</FacetPriority>
        <Summarizable>1</Summarizable>
        <HighCardinality>1</HighCardinality>
        <LargeData>0</LargeData>
        <MultiValued>0</MultiValued>
        <SMAEnabledSetting>0</SMAEnabledSetting>
    </Field>
    
    <Tag>
<Name>#medium_severity_sensor</Name>
<DisplayName>Medium Severity Sensor</DisplayName>
<IsSystem>0</IsSystem>
<ProblemPriority>MEDIUM</ProblemPriority>
</Tag>
    <Source name="EBS Sensor: FIN AP Prepayment Accounted for Multiple Times the Prepayment amount - Weekly" oms_version="2.50.2.0.0" configWarningSettings="0">
    <SourceType>database_sql</SourceType>
    <TargetTypes>
        <TargetType>omc_oracle_db_instance</TargetType>
        <TargetType>omc_oracle_pdb</TargetType>
    </TargetTypes>
    <DisplayName>EBS Sensor: FIN AP Prepayment Accounted for Multiple Times the Prepayment amount - Weekly</DisplayName>
    <Description><![CDATA[Prepayment application/unapplication resulting in accounted amounts which are multiples of the actual prepayment application amount.]]></Description>
    <IsSystem>0</IsSystem>
    <IsSecureContent>1</IsSecureContent>
    <Patterns>
        <DBPattern dateTimeField="entrytime" dateTimeColumns="entrytime">
        <SQLQuery>
            <![CDATA[select 'ME$EBS_FIN_AP_PREPAY_TRIPLICATE' sensor, to_timestamp(to_char(sysdate, 'YYYY-MM-DD hh24:mi:ss'), 'YYYY-MM-DD hh24:mi:ss') entrytime, 'invoice_id:' || s.invoice_id key_data FROM (SELECT      ai.invoice_id invoice_id  FROM      apps.xla_events                   xe,      apps.xla_transaction_entities_upg xte,      apps.ap_prepay_history_all        apph,      apps.ap_invoices_all              ai,      apps.ap_invoices_all              ai_prepay,      (          SELECT              decode(SUM(aid.amount), 0, 1, SUM(aid.amount)) amt,              aid.accounting_event_id          FROM              apps.ap_invoice_distributions_all aid          WHERE              aid.line_type_lookup_code IN ( 'PREPAY', 'REC_TAX', 'NONREC_TAX' )              AND aid.prepay_distribution_id IS NOT NULL          GROUP BY              aid.accounting_event_id      )                            dist_sum,      (          SELECT              SUM(nvl(xal.entered_cr, 0) - nvl(xal.entered_dr, 0)) amt,              xe.event_id,              xah.ledger_id          FROM              apps.xla_ae_lines                 xal,              apps.xla_ae_headers               xah,              apps.xla_events                   xe,              apps.xla_transaction_entities_upg xte          WHERE                  xal.application_id = 200              AND xah.application_id = 200              AND xe.application_id = 200              AND xal.ae_header_id = xah.ae_header_id              AND xah.event_id = xe.event_id              AND xe.entity_id = xte.entity_id              AND xte.entity_code = 'AP_INVOICES'              AND xte.ledger_id = xah.ledger_id              AND xal.accounting_class_code = 'PREPAID_EXPENSE'              AND xe.event_type_code IN ( 'PREPAYMENT APPLIED', 'PREPAYMENT UNAPPLIED' )          GROUP BY              xe.event_id,              xah.ledger_id      )                            acct_sum,      (          SELECT DISTINCT              invoice_id          FROM              apps.ap_invoice_distributions_all          WHERE              accounting_date BETWEEN ( trunc(sysdate) - 7 ) AND ( trunc(sysdate) + 3 )      )                            invs  WHERE          xe.application_id = 200      AND xe.event_type_code IN ( 'PREPAYMENT APPLIED', 'PREPAYMENT UNAPPLIED' )      AND xe.event_status_code = 'P'      AND xe.event_id = dist_sum.accounting_event_id      AND xe.event_id = acct_sum.event_id      AND abs(abs(acct_sum.amt) / abs(dist_sum.amt)) > 2      AND xe.event_id = apph.accounting_event_id      AND apph.prepay_invoice_id = ai_prepay.invoice_id      AND xte.application_id = 200      AND xe.entity_id = xte.entity_id      AND xte.ledger_id = ai.set_of_books_id      AND xte.entity_code = 'AP_INVOICES'      AND nvl(xte.source_id_int_1, - 99) = ai.invoice_id      AND ai.invoice_id = invs.invoice_id      AND ROWNUM < 11  ORDER BY      invoice_id) s]]>
        </SQLQuery>
        <IsInclude>1</IsInclude>
            <InUse>1</InUse>
            <DBQueryFieldList>
                <DBPatternSeqField>entrytime</DBPatternSeqField>
                <DBPatternField>
                    <DBQueryColName>sensor</DBQueryColName>
                    <FieldName>udfs1</FieldName>
                </DBPatternField>
                <DBPatternField>
                    <DBQueryColName>entrytime</DBQueryColName>
                    <FieldName>time</FieldName>
                </DBPatternField>
                <DBPatternField>
                                        <DBQueryColName>key_data</DBQueryColName>
                                        <FieldName>data</FieldName>
                                   </DBPatternField>
            </DBQueryFieldList>
            <IsSystem>0</IsSystem>
            <IsEnabled>1</IsEnabled>
            </DBPattern>
    </Patterns>
        <TagConditions>
            <TagCondition operator="CONTAINS_REGEX" field="udfs1" alertRuleVisible="0">
                <ConditionValues>
                    <ConditionValue>%</ConditionValue>
                </ConditionValues>
                <ConditionTags tagField="mtag">
                    <ConditionTag>#medium_severity_sensor</ConditionTag>
                </ConditionTags>
                <IsSystem>0</IsSystem>
                <IsEnabled>1</IsEnabled>
            </TagCondition>
        </TagConditions>
        <IsHidden>0</IsHidden>
        <IsSMAEnabled>0</IsSMAEnabled>
    </Source>
    <FieldNameMaps>
        <FieldNameMap>
            <Name>udfs1</Name>
            <DisplayName>sensor</DisplayName>
        </FieldNameMap>
        
    </FieldNameMaps>
</LoganContent>