<?xml version="1.0" encoding="UTF-8"?>
<LoganContent oms_version="2.50.2.0.0" name="content_ocid1.tenancy.oc1..aaaaaaaa5s2vdjjrydixjulorcwozffbpna37w5a35p3jhgpyshlkmio6oiq_1650039506307" content_version="2.50.2.0.0" xmlns="http://www.oracle.com/DataCenter/LogAnalyticsStd">
    <Field oms_version="2.50.2.0.0">
        <DisplayName>sensor</DisplayName>
        <FieldType>1</FieldType>
        <IsSystem>0</IsSystem>
        <IsPrimary>1</IsPrimary>
        <DataType>STRING</DataType>
        <IsMetricKeyEligible>0</IsMetricKeyEligible>
        <IsMetricValueEligible>0</IsMetricValueEligible>
        <FacetEligible>1</FacetEligible>
        <RangeFacetEligible>0</RangeFacetEligible>
        <TableEligible>1</TableEligible>
        <FacetPriority>1</FacetPriority>
        <Summarizable>1</Summarizable>
        <HighCardinality>1</HighCardinality>
        <LargeData>0</LargeData>
        <MultiValued>0</MultiValued>
        <SMAEnabledSetting>0</SMAEnabledSetting>
    </Field>
    
    <Tag>
<Name>#medium_severity_sensor</Name>
<DisplayName>Medium Severity Sensor</DisplayName>
<IsSystem>0</IsSystem>
<ProblemPriority>MEDIUM</ProblemPriority>
</Tag>
    <Source name="EBS Sensor: FIN AP Prepayment application or unapplication accounting events to remain unaccounted - Weekly" oms_version="2.50.2.0.0" configWarningSettings="0">
    <SourceType>database_sql</SourceType>
    <TargetTypes>
        <TargetType>omc_oracle_db_instance</TargetType>
        <TargetType>omc_oracle_pdb</TargetType>
    </TargetTypes>
    <DisplayName>EBS Sensor: FIN AP Prepayment application or unapplication accounting events to remain unaccounted - Weekly</DisplayName>
    <Description><![CDATA[Checking for unaccounted prepayment  application or unapplication accounting events]]></Description>
    <IsSystem>0</IsSystem>
    <IsSecureContent>1</IsSecureContent>
    <Patterns>
        <DBPattern dateTimeField="entrytime" dateTimeColumns="entrytime">
        <SQLQuery>
            <![CDATA[select 'ME$EBS_FIN_AP_UNACCOUNTED_PREPAY_APPL_UNAPPL' sensor, to_timestamp(to_char(sysdate, 'YYYY-MM-DD hh24:mi:ss'), 'YYYY-MM-DD hh24:mi:ss') entrytime, 'invoice_id:' || s.invoice_id key_data FROM (SELECT    distinct  invoice_id invoice_id  FROM      (          WITH invs AS (              SELECT /*+ materialize */ DISTINCT                  invoice_id              FROM                  apps.ap_invoice_distributions_all              WHERE                  accounting_date BETWEEN ( trunc(sysdate) - 7 ) AND ( trunc(sysdate) + 3 )          )          SELECT /*+ ordered use_nl(ai, aid, xe) */            ai.invoice_id,            ai.invoice_num,            ai.invoice_date,            ai.org_id,            aid.invoice_line_number,            aid.distribution_line_number,            aid.invoice_distribution_id,            aid.line_type_lookup_code,            aid.accounting_event_id,            aid.bc_event_id,            aid.posted_flag,            aid.prepay_distribution_id     FROM  invs,          apps.ap_invoices_all ai,          apps.ap_invoice_distributions_all aid,          apps.financials_system_params_all fsp,          apps.xla_events xe     WHERE ai.invoice_id = aid.invoice_id     AND   aid.accounting_event_id is not null     AND   aid.org_id = fsp.org_id     AND   ((aid.match_status_flag = 'A' AND             fsp.purch_encumbrance_flag = 'Y') OR            (aid.match_status_flag IN ('A','T') AND             nvl(fsp.purch_encumbrance_flag, 'N') = 'N'))     AND   nvl(aid.historical_flag, 'N') = 'N'     AND   aid.line_type_lookup_code IN ('PREPAY', 'REC_TAX', 'NONREC_TAX')     AND   aid.prepay_distribution_id is not null     AND   aid.posted_flag IN ('N', 'S')     AND   xe.event_id = aid.accounting_event_id     AND   xe.event_status_code IN ('I','U')     AND   xe.application_id = 200     AND   NOT EXISTS (             SELECT /*+ no_unnest */ 1 FROM apps.ap_prepay_app_dists apad             WHERE apad.prepay_app_distribution_id = aid.invoice_distribution_id             AND   apad.accounting_event_id = aid.accounting_event_id)        )  WHERE      ROWNUM < 11  ORDER BY      invoice_id) s]]>
        </SQLQuery>
        <IsInclude>1</IsInclude>
            <InUse>1</InUse>
            <DBQueryFieldList>
                <DBPatternSeqField>entrytime</DBPatternSeqField>
                <DBPatternField>
                    <DBQueryColName>sensor</DBQueryColName>
                    <FieldName>udfs1</FieldName>
                </DBPatternField>
                <DBPatternField>
                    <DBQueryColName>entrytime</DBQueryColName>
                    <FieldName>time</FieldName>
                </DBPatternField>
                <DBPatternField>
                                        <DBQueryColName>key_data</DBQueryColName>
                                        <FieldName>data</FieldName>
                                   </DBPatternField>
            </DBQueryFieldList>
            <IsSystem>0</IsSystem>
            <IsEnabled>1</IsEnabled>
            </DBPattern>
    </Patterns>
        <TagConditions>
            <TagCondition operator="CONTAINS_REGEX" field="udfs1" alertRuleVisible="0">
                <ConditionValues>
                    <ConditionValue>%</ConditionValue>
                </ConditionValues>
                <ConditionTags tagField="mtag">
                    <ConditionTag>#medium_severity_sensor</ConditionTag>
                </ConditionTags>
                <IsSystem>0</IsSystem>
                <IsEnabled>1</IsEnabled>
            </TagCondition>
        </TagConditions>
        <IsHidden>0</IsHidden>
        <IsSMAEnabled>0</IsSMAEnabled>
    </Source>
    <FieldNameMaps>
        <FieldNameMap>
            <Name>udfs1</Name>
            <DisplayName>sensor</DisplayName>
        </FieldNameMap>
        
    </FieldNameMaps>
</LoganContent>