<?xml version="1.0" encoding="UTF-8"?>
<LoganContent oms_version="2.50.2.0.0" name="content_ocid1.tenancy.oc1..aaaaaaaa5s2vdjjrydixjulorcwozffbpna37w5a35p3jhgpyshlkmio6oiq_1650039506307" content_version="2.50.2.0.0" xmlns="http://www.oracle.com/DataCenter/LogAnalyticsStd">
    <Field oms_version="2.50.2.0.0">
        <DisplayName>sensor</DisplayName>
        <FieldType>1</FieldType>
        <IsSystem>0</IsSystem>
        <IsPrimary>1</IsPrimary>
        <DataType>STRING</DataType>
        <IsMetricKeyEligible>0</IsMetricKeyEligible>
        <IsMetricValueEligible>0</IsMetricValueEligible>
        <FacetEligible>1</FacetEligible>
        <RangeFacetEligible>0</RangeFacetEligible>
        <TableEligible>1</TableEligible>
        <FacetPriority>1</FacetPriority>
        <Summarizable>1</Summarizable>
        <HighCardinality>1</HighCardinality>
        <LargeData>0</LargeData>
        <MultiValued>0</MultiValued>
        <SMAEnabledSetting>0</SMAEnabledSetting>
    </Field>
    
    <Tag>
<Name>#medium_severity_sensor</Name>
<DisplayName>Medium Severity Sensor</DisplayName>
<IsSystem>0</IsSystem>
<ProblemPriority>MEDIUM</ProblemPriority>
</Tag>
    <Source name="EBS Sensor: FIN AP Incorrect PAYMENT CLEARING Event Accounting Due To FINAL CASH ROUNDING - Weekly" oms_version="2.50.2.0.0" configWarningSettings="0">
    <SourceType>database_sql</SourceType>
    <TargetTypes>
        <TargetType>omc_oracle_db_instance</TargetType>
        <TargetType>omc_oracle_pdb</TargetType>
    </TargetTypes>
    <DisplayName>EBS Sensor: FIN AP Incorrect PAYMENT CLEARING Event Accounting Due To FINAL CASH ROUNDING - Weekly</DisplayName>
    <Description><![CDATA[This is designed to identify and correct PAYMENT CLEARING accounting events having large FINAL CASH ROUNDING lines.   The fix is to Undo and Redo the accou]]></Description>
    <IsSystem>0</IsSystem>
    <IsSecureContent>1</IsSecureContent>
    <Patterns>
        <DBPattern dateTimeField="entrytime" dateTimeColumns="entrytime">
        <SQLQuery>
            <![CDATA[select 'ME$EBS_FIN_AP_INCORRECT_PAYMENT_CLEARING_EVENT' sensor, to_timestamp(to_char(sysdate, 'YYYY-MM-DD hh24:mi:ss'), 'YYYY-MM-DD hh24:mi:ss') entrytime, 'check_id:' || s.check_id key_data FROM (SELECT  check_id check_id  FROM  (  WITH chks AS (  SELECT /*+ materialize */ DISTINCT  ph.check_id  FROM  apps.ap_payment_history_all ph  WHERE  ph.accounting_date BETWEEN ( trunc(sysdate) - 7 ) AND ( trunc(sysdate) + 3 )  )  SELECT DISTINCT  ac.check_id,  aph.accounting_event_id,  ac.base_amount,  ac.cleared_base_amount,  ac.cleared_charges_base_amount,  aphd.cleared_base_amount dist_cleared_base_amt  FROM chks,  apps.ap_checks_all ac,  apps.ap_payment_history_all aph,  apps.ap_payment_hist_dists aphd,  apps.ap_system_parameters_all asp,  apps.xla_ae_headers h  WHERE ac.check_id = chks.check_id  AND ac.check_id = aph.check_id  AND aph.transaction_type LIKE 'PAYMENT CLEARING%'  AND aph.posted_flag = 'Y'  AND aph.bank_currency_code != aph.pmt_currency_code  AND aph.org_id = asp.org_id  AND aph.bank_currency_code = asp.base_currency_code  AND aph.accounting_event_id = h.event_id  AND h.application_id = 200  AND h.upg_batch_id is null  AND h.ledger_id = asp.set_of_books_id  AND aphd.payment_history_id = aph.payment_history_id  AND aphd.accounting_event_id = aph.accounting_event_id  AND aphd.pay_dist_lookup_code = 'FINAL CASH ROUNDING'  AND ac.cleared_base_amount is not null  AND ac.void_date is null  AND ((0.05 > abs(abs(aphd.cleared_base_amount)  - abs(ac.base_amount - ac.cleared_base_amount  + nvl(ac.cleared_charges_base_amount, 0)))) OR  (ac.cleared_charges_base_amount > 0 AND  (0.05 > (abs(aphd.cleared_base_amount)  - ac.cleared_charges_base_amount))))  )  WHERE  ROWNUM < 11  ORDER BY  check_id) s]]>
        </SQLQuery>
        <IsInclude>1</IsInclude>
            <InUse>1</InUse>
            <DBQueryFieldList>
                <DBPatternSeqField>entrytime</DBPatternSeqField>
                <DBPatternField>
                    <DBQueryColName>sensor</DBQueryColName>
                    <FieldName>udfs1</FieldName>
                </DBPatternField>
                <DBPatternField>
                    <DBQueryColName>entrytime</DBQueryColName>
                    <FieldName>time</FieldName>
                </DBPatternField>
                <DBPatternField>
                                        <DBQueryColName>key_data</DBQueryColName>
                                        <FieldName>data</FieldName>
                                   </DBPatternField>
            </DBQueryFieldList>
            <IsSystem>0</IsSystem>
            <IsEnabled>1</IsEnabled>
            </DBPattern>
    </Patterns>
        <TagConditions>
            <TagCondition operator="CONTAINS_REGEX" field="udfs1" alertRuleVisible="0">
                <ConditionValues>
                    <ConditionValue>%</ConditionValue>
                </ConditionValues>
                <ConditionTags tagField="mtag">
                    <ConditionTag>#medium_severity_sensor</ConditionTag>
                </ConditionTags>
                <IsSystem>0</IsSystem>
                <IsEnabled>1</IsEnabled>
            </TagCondition>
        </TagConditions>
        <IsHidden>0</IsHidden>
        <IsSMAEnabled>0</IsSMAEnabled>
    </Source>
    <FieldNameMaps>
        <FieldNameMap>
            <Name>udfs1</Name>
            <DisplayName>sensor</DisplayName>
        </FieldNameMap>
        
    </FieldNameMaps>
</LoganContent>