<?xml version="1.0" encoding="UTF-8"?>
<LoganContent oms_version="2.50.2.0.0" name="content_ocid1.tenancy.oc1..aaaaaaaa5s2vdjjrydixjulorcwozffbpna37w5a35p3jhgpyshlkmio6oiq_1650039506307" content_version="2.50.2.0.0" xmlns="http://www.oracle.com/DataCenter/LogAnalyticsStd">
    <Field oms_version="2.50.2.0.0">
        <DisplayName>sensor</DisplayName>
        <FieldType>1</FieldType>
        <IsSystem>0</IsSystem>
        <IsPrimary>1</IsPrimary>
        <DataType>STRING</DataType>
        <IsMetricKeyEligible>0</IsMetricKeyEligible>
        <IsMetricValueEligible>0</IsMetricValueEligible>
        <FacetEligible>1</FacetEligible>
        <RangeFacetEligible>0</RangeFacetEligible>
        <TableEligible>1</TableEligible>
        <FacetPriority>1</FacetPriority>
        <Summarizable>1</Summarizable>
        <HighCardinality>1</HighCardinality>
        <LargeData>0</LargeData>
        <MultiValued>0</MultiValued>
        <SMAEnabledSetting>0</SMAEnabledSetting>
    </Field>
    
    <Tag>
<Name>#medium_severity_sensor</Name>
<DisplayName>Medium Severity Sensor</DisplayName>
<IsSystem>0</IsSystem>
<ProblemPriority>MEDIUM</ProblemPriority>
</Tag>
    <Source name="EBS Sensor: FIN AP Invoices with duplicate AWT distributions created during payment - Weekly" oms_version="2.50.2.0.0" configWarningSettings="0">
    <SourceType>database_sql</SourceType>
    <TargetTypes>
        <TargetType>omc_oracle_db_instance</TargetType>
        <TargetType>omc_oracle_pdb</TargetType>
    </TargetTypes>
    <DisplayName>EBS Sensor: FIN AP Invoices with duplicate AWT distributions created during payment - Weekly</DisplayName>
    <Description><![CDATA[Checking for invoices with duplicate AWT distributions created during payment]]></Description>
    <IsSystem>0</IsSystem>
    <IsSecureContent>1</IsSecureContent>
    <Patterns>
        <DBPattern dateTimeField="entrytime" dateTimeColumns="entrytime">
        <SQLQuery>
            <![CDATA[select 'ME$EBS_FIN_AP_DUPLICATE_AWT_DISTRIBUTIONS' sensor, to_timestamp(to_char(sysdate, 'YYYY-MM-DD hh24:mi:ss'), 'YYYY-MM-DD hh24:mi:ss') entrytime, 'invoice_id:' || s.invoice_id key_data FROM (SELECT      invoice_id invoice_id  FROM      (          WITH invs AS (              SELECT /*+ materialize */ DISTINCT                  invoice_id              FROM                  apps.ap_invoice_distributions_all              WHERE                  accounting_date BETWEEN ( trunc(sysdate) - 7 ) AND ( trunc(sysdate) + 3 )          )     SELECT '1-A' category,            aid.invoice_id,            aid.org_id,            aid.invoice_line_number,            aid.distribution_line_number,            aid.amount,            aid.invoice_distribution_id,            aid.accounting_event_id,            aid.posted_flag,            aid.parent_reversal_id     FROM invs,          apps.ap_invoice_distributions_all aid,          apps.ap_invoice_lines_all ail,          apps.ap_system_parameters_all asp     WHERE aid.invoice_id = invs.invoice_id     AND   aid.line_type_lookup_code = 'AWT'     AND   aid.awt_flag = 'A'     AND   aid.historical_flag is null     AND   aid.org_id = asp.org_id     AND   ail.invoice_id = aid.invoice_id     AND   ail.line_number = aid.invoice_line_number     AND   asp.create_awt_dists_type = 'PAYMENT'     AND   aid.awt_invoice_payment_id is null     AND   NOT EXISTS (             SELECT 'Invoice already withheld by AutoApproval'             FROM apps.ap_invoices_all ai             WHERE ai.invoice_id = aid.invoice_id             AND   nvl(ai.awt_flag, 'N') = 'Y')     AND   EXISTS (             SELECT 1 FROM apps.fnd_product_installations pi             WHERE  pi.application_id = 200             AND substr(pi.patch_level, 8, 1) = 'A')     UNION ALL     SELECT '1-B' category,            aid.invoice_id,            aid.org_id,            aid.invoice_line_number,            aid.distribution_line_number,            aid.amount,            aid.invoice_distribution_id,            aid.accounting_event_id,            aid.posted_flag,            aid.parent_reversal_id     FROM invs,          apps.ap_invoice_distributions_all aid,          apps.ap_invoice_lines_all ail,          apps.ap_system_parameters_all asp     WHERE aid.invoice_id = invs.invoice_id     AND   aid.line_type_lookup_code = 'AWT'     AND   aid.awt_flag = 'A'     AND   aid.historical_flag is null     AND   aid.org_id = asp.org_id     AND   ail.invoice_id = aid.invoice_id     AND   ail.line_number = aid.invoice_line_number     AND   asp.create_awt_dists_type = 'PAYMENT'     AND   ail.awt_group_id is not null     AND   ail.pay_awt_group_id is null     AND   NOT EXISTS (             SELECT 'Invoice already withheld by AutoApproval'             FROM apps.ap_invoices_all ai             WHERE ai.invoice_id = aid.invoice_id             AND   nvl(ai.awt_flag, 'N') = 'Y')     AND   EXISTS (             SELECT 1 FROM apps.fnd_product_installations pi             WHERE  pi.application_id = 200             AND   substr(pi.patch_level, 8, 1) <> 'A')     UNION ALL     SELECT '2-B',            aid.invoice_id,            aid.org_id,            aid.invoice_line_number,            aid.distribution_line_number,            aid.amount,            aid.invoice_distribution_id,            aid.accounting_event_id,            aid.posted_flag,            aid.parent_reversal_id     FROM invs,          apps.ap_invoice_distributions_all aid,          apps.ap_system_parameters_all asp,          apps.ap_invoice_lines_all ail     WHERE aid.line_type_lookup_code = 'AWT'     AND   aid.awt_flag = 'A'     AND   aid.awt_invoice_payment_id is null     AND   aid.historical_flag is null     AND   aid.org_id = asp.org_id     AND   aid.invoice_id = ail.invoice_id     AND   aid.invoice_line_number = ail.line_number     AND   asp.create_awt_dists_type = 'PAYMENT'     AND   ail.awt_group_id is null     AND   ail.pay_awt_group_id is not null     AND   NOT EXISTS (             SELECT 'Invoice already withheld by AutoApproval'             FROM apps.ap_invoices_all ai             WHERE ai.invoice_id = aid.invoice_id             AND   nvl(ai.awt_flag, 'N') = 'Y')     AND   aid.invoice_id = invs.invoice_id                      )                  where  ROWNUM < 11  ORDER BY      invoice_id) s]]>
        </SQLQuery>
        <IsInclude>1</IsInclude>
            <InUse>1</InUse>
            <DBQueryFieldList>
                <DBPatternSeqField>entrytime</DBPatternSeqField>
                <DBPatternField>
                    <DBQueryColName>sensor</DBQueryColName>
                    <FieldName>udfs1</FieldName>
                </DBPatternField>
                <DBPatternField>
                    <DBQueryColName>entrytime</DBQueryColName>
                    <FieldName>time</FieldName>
                </DBPatternField>
                <DBPatternField>
                                        <DBQueryColName>key_data</DBQueryColName>
                                        <FieldName>data</FieldName>
                                   </DBPatternField>
            </DBQueryFieldList>
            <IsSystem>0</IsSystem>
            <IsEnabled>1</IsEnabled>
            </DBPattern>
    </Patterns>
        <TagConditions>
            <TagCondition operator="CONTAINS_REGEX" field="udfs1" alertRuleVisible="0">
                <ConditionValues>
                    <ConditionValue>%</ConditionValue>
                </ConditionValues>
                <ConditionTags tagField="mtag">
                    <ConditionTag>#medium_severity_sensor</ConditionTag>
                </ConditionTags>
                <IsSystem>0</IsSystem>
                <IsEnabled>1</IsEnabled>
            </TagCondition>
        </TagConditions>
        <IsHidden>0</IsHidden>
        <IsSMAEnabled>0</IsSMAEnabled>
    </Source>
    <FieldNameMaps>
        <FieldNameMap>
            <Name>udfs1</Name>
            <DisplayName>sensor</DisplayName>
        </FieldNameMap>
        
    </FieldNameMaps>
</LoganContent>