<?xml version="1.0" encoding="UTF-8"?>
<LoganContent oms_version="2.50.2.0.0" name="content_ocid1.tenancy.oc1..aaaaaaaa5s2vdjjrydixjulorcwozffbpna37w5a35p3jhgpyshlkmio6oiq_1650039506307" content_version="2.50.2.0.0" xmlns="http://www.oracle.com/DataCenter/LogAnalyticsStd">
    <Field oms_version="2.50.2.0.0">
        <DisplayName>sensor</DisplayName>
        <FieldType>1</FieldType>
        <IsSystem>0</IsSystem>
        <IsPrimary>1</IsPrimary>
        <DataType>STRING</DataType>
        <IsMetricKeyEligible>0</IsMetricKeyEligible>
        <IsMetricValueEligible>0</IsMetricValueEligible>
        <FacetEligible>1</FacetEligible>
        <RangeFacetEligible>0</RangeFacetEligible>
        <TableEligible>1</TableEligible>
        <FacetPriority>1</FacetPriority>
        <Summarizable>1</Summarizable>
        <HighCardinality>1</HighCardinality>
        <LargeData>0</LargeData>
        <MultiValued>0</MultiValued>
        <SMAEnabledSetting>0</SMAEnabledSetting>
    </Field>
    
    <Tag>
<Name>#medium_severity_sensor</Name>
<DisplayName>Medium Severity Sensor</DisplayName>
<IsSystem>0</IsSystem>
<ProblemPriority>MEDIUM</ProblemPriority>
</Tag>
    <Source name="EBS Sensor: FIN AP Prepayment event incorrectly accounted - Weekly" oms_version="2.50.2.0.0" configWarningSettings="0">
    <SourceType>database_sql</SourceType>
    <TargetTypes>
        <TargetType>omc_oracle_db_instance</TargetType>
        <TargetType>omc_oracle_pdb</TargetType>
    </TargetTypes>
    <DisplayName>EBS Sensor: FIN AP Prepayment event incorrectly accounted - Weekly</DisplayName>
    <Description><![CDATA[Prepay application event are incorrectly accounted because the net amount of prepay applied on the Invoice does not match the net prepaid expense credited.]]></Description>
    <IsSystem>0</IsSystem>
    <IsSecureContent>1</IsSecureContent>
    <Patterns>
        <DBPattern dateTimeField="entrytime" dateTimeColumns="entrytime">
        <SQLQuery>
            <![CDATA[select 'ME$EBS_FIN_AP_PREPAYMENT_INCORRECTLY_ACCOUNTED' sensor, to_timestamp(to_char(sysdate, 'YYYY-MM-DD hh24:mi:ss'), 'YYYY-MM-DD hh24:mi:ss') entrytime, 'invoice_id:' || s.invoice_id key_data FROM (SELECT /*+ ordered use_nl(ai xte xe xah apph) */ ai.invoice_id invoice_id  FROM ( SELECT DISTINCT invoice_id FROM ap_invoice_distributions_all WHERE accounting_date BETWEEN (trunc(sysdate) - 7)   AND (trunc(sysdate) + 3) ) invs, ap_invoices_all ai, xla_transaction_entities_upg xte, xla_events xe, xla_ae_headers xah,   ap_prepay_history_all apph   WHERE xe.application_id = 200 AND   xah.application_id = 200 AND   xte.application_id = 200   AND   xte.entity_code = 'AP_INVOICES' AND   xe.entity_id = xte.entity_id AND   xe.event_id = xah.event_id   AND   xe.event_type_code IN ('PREPAYMENT APPLIED','PREPAYMENT UNAPPLIED') AND   nvl(xe.budgetary_control_flag,'N') = 'N'   AND   abs(ap_acctg_data_fix_pkg.GET_NET_PREPAY_APP(xe.event_id) - ap_acctg_data_fix_pkg.GET_NET_PREPAY_ACCT(xe.event_id, xah.ledger_id) - ap_acctg_data_fix_pkg.GET_NET_ADJ_ACCT(xe.event_id, xah.ledger_id)) > .01   AND   xe.event_status_code = 'P' AND   xah.upg_batch_id is null AND   nvl(xte.source_id_int_1, -99) = ai.invoice_id   AND   xte.ledger_id = ai.set_of_books_id AND   xah.event_id = apph.accounting_event_id   AND   NOT EXISTS ( SELECT /*+ no_unnest */ 1 FROM ap_prepay_history_all apph2   WHERE apph2.invoice_id = ai.invoice_id AND   apph2.related_prepay_app_event_id = xe.event_id   AND   apph2.transaction_type = 'PREPAYMENT APPLICATION ADJ' AND   apph2.posted_flag <> 'Y')   AND   ai.invoice_id = invs.invoice_id  AND   rownum < 11  order by invoice_id) s]]>
        </SQLQuery>
        <IsInclude>1</IsInclude>
            <InUse>1</InUse>
            <DBQueryFieldList>
                <DBPatternSeqField>entrytime</DBPatternSeqField>
                <DBPatternField>
                    <DBQueryColName>sensor</DBQueryColName>
                    <FieldName>udfs1</FieldName>
                </DBPatternField>
                <DBPatternField>
                    <DBQueryColName>entrytime</DBQueryColName>
                    <FieldName>time</FieldName>
                </DBPatternField>
                <DBPatternField>
                                        <DBQueryColName>key_data</DBQueryColName>
                                        <FieldName>data</FieldName>
                                   </DBPatternField>
            </DBQueryFieldList>
            <IsSystem>0</IsSystem>
            <IsEnabled>1</IsEnabled>
            </DBPattern>
    </Patterns>
        <TagConditions>
            <TagCondition operator="CONTAINS_REGEX" field="udfs1" alertRuleVisible="0">
                <ConditionValues>
                    <ConditionValue>%</ConditionValue>
                </ConditionValues>
                <ConditionTags tagField="mtag">
                    <ConditionTag>#medium_severity_sensor</ConditionTag>
                </ConditionTags>
                <IsSystem>0</IsSystem>
                <IsEnabled>1</IsEnabled>
            </TagCondition>
        </TagConditions>
        <IsHidden>0</IsHidden>
        <IsSMAEnabled>0</IsSMAEnabled>
    </Source>
    <FieldNameMaps>
        <FieldNameMap>
            <Name>udfs1</Name>
            <DisplayName>sensor</DisplayName>
        </FieldNameMap>
        
    </FieldNameMaps>
</LoganContent>