<?xml version="1.0" encoding="UTF-8"?>
<LoganContent oms_version="2.50.2.0.0" name="content_ocid1.tenancy.oc1..aaaaaaaa5s2vdjjrydixjulorcwozffbpna37w5a35p3jhgpyshlkmio6oiq_1650039506307" content_version="2.50.2.0.0" xmlns="http://www.oracle.com/DataCenter/LogAnalyticsStd">
    <Field oms_version="2.50.2.0.0">
        <DisplayName>sensor</DisplayName>
        <FieldType>1</FieldType>
        <IsSystem>0</IsSystem>
        <IsPrimary>1</IsPrimary>
        <DataType>STRING</DataType>
        <IsMetricKeyEligible>0</IsMetricKeyEligible>
        <IsMetricValueEligible>0</IsMetricValueEligible>
        <FacetEligible>1</FacetEligible>
        <RangeFacetEligible>0</RangeFacetEligible>
        <TableEligible>1</TableEligible>
        <FacetPriority>1</FacetPriority>
        <Summarizable>1</Summarizable>
        <HighCardinality>1</HighCardinality>
        <LargeData>0</LargeData>
        <MultiValued>0</MultiValued>
        <SMAEnabledSetting>0</SMAEnabledSetting>
    </Field>
    
    <Tag>
<Name>#medium_severity_sensor</Name>
<DisplayName>Medium Severity Sensor</DisplayName>
<IsSystem>0</IsSystem>
<ProblemPriority>MEDIUM</ProblemPriority>
</Tag>
    <Source name="EBS Sensor: FIN PA Transactions causing duplicate actuals in Projects from PO Receipts - Weekly" oms_version="2.50.2.0.0" configWarningSettings="0">
    <SourceType>database_sql</SourceType>
    <TargetTypes>
        <TargetType>omc_oracle_db_instance</TargetType>
        <TargetType>omc_oracle_pdb</TargetType>
    </TargetTypes>
    <DisplayName>EBS Sensor: FIN PA Transactions causing duplicate actuals in Projects from PO Receipts - Weekly</DisplayName>
    <Description><![CDATA[There are some PO receipts which are interfaced to Projects causing duplicate actuals.]]></Description>
    <IsSystem>0</IsSystem>
    <IsSecureContent>1</IsSecureContent>
    <Patterns>
        <DBPattern dateTimeField="entrytime" dateTimeColumns="entrytime">
        <SQLQuery>
            <![CDATA[select 'ME$EBS_FIN_PA_P2P_DUPL_ACTUALS_PO_RECEIPT' sensor, to_timestamp(to_char(sysdate, 'YYYY-MM-DD hh24:mi:ss'), 'YYYY-MM-DD hh24:mi:ss') entrytime, 'project_number:' || s.project_number || ', transaction_id:' || s.transaction_id || ', amount:' || s.amount || ', rejection_reason:' || s.rejection_reason key_data FROM (SELECT project_number project_number,         transaction_id transaction_id,         amount amount,         rej_reason rejection_reason  FROM (  SELECT p.segment1 project_number,         cdl.system_reference4 transaction_id,         cdl.amount,         'Case 10: Transactions causing duplicate actuals in Projects '||           'from PO Receipts' AS rej_reason  FROM apps.pa_expenditure_items_all ei,       apps.pa_cost_distribution_lines_all cdl,       apps.pa_projects_all p  WHERE ei.transaction_source IN ('PO RECEIPT','PO RECEIPT NRTAX')  AND   ei.expenditure_Item_id = cdl.expenditure_Item_id  AND   cdl.transfer_status_code = 'V'  AND   cdl.line_type = 'R'  AND   nvl(ei.net_zero_adjustment_flag,'N') = 'N'  AND   cdl.line_num = 1  AND   ei.project_id = cdl.project_id  AND   p.project_id = ei.project_id  AND   ei.org_id = cdl.org_id  AND   EXISTS (    SELECT 1    FROM (           SELECT cdl.system_reference2,                  cdl.system_reference3,                  cdl.system_reference4,                  cdl.amount,                  cdl.org_id,                  cdl.line_type,                  ei.transaction_source           FROM apps.pa_cost_distribution_lines_all cdl,                apps.pa_expenditure_items_all ei,                apps.pa_projects_all p ,                apps.rcv_Transactions rtxn,                apps.po_distributions_all pod,                apps.po_headers_all poh,                apps.rcv_receiving_sub_ledger rsub           WHERE ei.transaction_source IN ('PO RECEIPT','PO RECEIPT NRTAX')           AND   cdl.transfer_status_code = 'V'           AND   cdl.line_type = 'R'           AND   cdl.line_num = 1           AND   cdl.expenditure_item_id = ei.expenditure_item_id           AND   nvl(ei.net_zero_Adjustment_Flag,'N') = 'N'           AND   p.project_id = pod.project_id           AND   nvl(ei.historical_flag,'N') = 'N'           AND   (rtxn.destination_type_code = 'EXPENSE' OR                  (rtxn.destination_type_code = 'RECEIVING' AND                   rtxn.transaction_type IN ('RETURN TO VENDOR','RETURN TO RECEIVING')))           AND   poh.po_header_id = pod.po_header_id           AND   rtxn.po_distribution_id = pod.po_distribution_id           AND   rsub.code_combination_id = pod.code_combination_id           AND   rsub.rcv_transaction_id = rtxn.transaction_id           AND   pod.project_ID > 0           AND   pod.accrue_on_receipt_flag = 'Y'           AND   rsub.actual_flag = 'A'           AND   rsub.accounting_line_type = 'Charge'           AND   ei.document_distribution_id = rsub.rcv_transaction_id           AND   rsub.reference2 = to_char(ei.document_header_id)           AND   rsub.reference3 = to_char(ei.document_line_number)           AND   ei.project_id = pod.project_id           AND   ei.task_id = pod.task_id           AND   cdl.system_reference2 is not null           AND   cdl.system_reference3 is not null           AND   cdl.system_reference4 is not null           AND   ei.org_id = cdl.org_id           AND   ei.org_id = pod.org_id           AND   pod.org_id = poh.org_id           AND   trunc(ei.creation_date) >= sysdate-7           GROUP BY cdl.system_reference2, cdl.system_reference3, cdl.system_reference4,                    cdl.amount, cdl.org_id, cdl.line_type, ei.transaction_source           HAVING count(1) > 1         ) aud  WHERE cdl.system_reference2 = aud.system_reference2  AND   cdl.system_reference3 = aud.system_reference3  AND   cdl.system_reference4 = aud.system_reference4  AND   cdl.amount = aud.amount  AND   cdl.org_id = aud.org_id  AND   cdl.line_type = aud.line_type  AND   ei.transaction_source = aud.transaction_source))  WHERE rownum <= 5) s]]>
        </SQLQuery>
        <IsInclude>1</IsInclude>
            <InUse>1</InUse>
            <DBQueryFieldList>
                <DBPatternSeqField>entrytime</DBPatternSeqField>
                <DBPatternField>
                    <DBQueryColName>sensor</DBQueryColName>
                    <FieldName>udfs1</FieldName>
                </DBPatternField>
                <DBPatternField>
                    <DBQueryColName>entrytime</DBQueryColName>
                    <FieldName>time</FieldName>
                </DBPatternField>
                <DBPatternField>
                                        <DBQueryColName>key_data</DBQueryColName>
                                        <FieldName>data</FieldName>
                                   </DBPatternField>
            </DBQueryFieldList>
            <IsSystem>0</IsSystem>
            <IsEnabled>1</IsEnabled>
            </DBPattern>
    </Patterns>
        <TagConditions>
            <TagCondition operator="CONTAINS_REGEX" field="udfs1" alertRuleVisible="0">
                <ConditionValues>
                    <ConditionValue>%</ConditionValue>
                </ConditionValues>
                <ConditionTags tagField="mtag">
                    <ConditionTag>#medium_severity_sensor</ConditionTag>
                </ConditionTags>
                <IsSystem>0</IsSystem>
                <IsEnabled>1</IsEnabled>
            </TagCondition>
        </TagConditions>
        <IsHidden>0</IsHidden>
        <IsSMAEnabled>0</IsSMAEnabled>
    </Source>
    <FieldNameMaps>
        <FieldNameMap>
            <Name>udfs1</Name>
            <DisplayName>sensor</DisplayName>
        </FieldNameMap>
        
    </FieldNameMaps>
</LoganContent>