<?xml version="1.0" encoding="UTF-8"?>
<LoganContent oms_version="2.50.2.0.0" name="content_ocid1.tenancy.oc1..aaaaaaaa5s2vdjjrydixjulorcwozffbpna37w5a35p3jhgpyshlkmio6oiq_1650039506307" content_version="2.50.2.0.0" xmlns="http://www.oracle.com/DataCenter/LogAnalyticsStd">
    <Field oms_version="2.50.2.0.0">
        <DisplayName>sensor</DisplayName>
        <FieldType>1</FieldType>
        <IsSystem>0</IsSystem>
        <IsPrimary>1</IsPrimary>
        <DataType>STRING</DataType>
        <IsMetricKeyEligible>0</IsMetricKeyEligible>
        <IsMetricValueEligible>0</IsMetricValueEligible>
        <FacetEligible>1</FacetEligible>
        <RangeFacetEligible>0</RangeFacetEligible>
        <TableEligible>1</TableEligible>
        <FacetPriority>1</FacetPriority>
        <Summarizable>1</Summarizable>
        <HighCardinality>1</HighCardinality>
        <LargeData>0</LargeData>
        <MultiValued>0</MultiValued>
        <SMAEnabledSetting>0</SMAEnabledSetting>
    </Field>
    
    <Tag>
<Name>#medium_severity_sensor</Name>
<DisplayName>Medium Severity Sensor</DisplayName>
<IsSystem>0</IsSystem>
<ProblemPriority>MEDIUM</ProblemPriority>
</Tag>
    <Source name="EBS Sensor: MFG PM Stuck Transactions found in MMTT or MTI, tables - Weekly" oms_version="2.50.2.0.0" configWarningSettings="0">
    <SourceType>database_sql</SourceType>
    <TargetTypes>
        <TargetType>omc_oracle_db_instance</TargetType>
        <TargetType>omc_oracle_pdb</TargetType>
    </TargetTypes>
    <DisplayName>EBS Sensor: MFG PM Stuck Transactions found in MMTT or MTI, tables - Weekly</DisplayName>
    <Description><![CDATA[Such transactions should be processed or deleted.]]></Description>
    <IsSystem>0</IsSystem>
    <IsSecureContent>1</IsSecureContent>
    <Patterns>
        <DBPattern dateTimeField="entrytime" dateTimeColumns="entrytime">
        <SQLQuery>
            <![CDATA[select 'ME$EBS_MFG_PM_MMTT_MTI_RECORDS' sensor, to_timestamp(to_char(sysdate, 'YYYY-MM-DD hh24:mi:ss'), 'YYYY-MM-DD hh24:mi:ss') entrytime, 'batch_id:' || s.batch_id key_data FROM (SELECT batch_id batch_id  FROM (  SELECT 'MMTT' AS table_name, t.TRANSACTION_TEMP_ID AS trans_or_rsrv_id, ty.transaction_type_name, h.batch_status,  d.batch_id AS batch_id, t.transaction_source_id AS trans_or_rsrv_source_id, d.line_type,  t.trx_source_line_id AS material_detail_id, t.organization_id, pa.organization_code, t.inventory_item_id,  i.segment1 AS item_number, t.subinventory_code, t.locator_id, lt.lot_number AS lot_number, t.primary_quantity,  t.transaction_quantity AS trans_or_rsrv_qty, lt.transaction_quantity AS lot_qty, t.transaction_uom AS trans_or_rsrv_uom,  t.secondary_transaction_quantity AS sec_qty, t.secondary_uom_code, to_char(t.transaction_date, 'DD-MON-YYYY HH24.MI.SS')  AS trans_or_rsrv_date,t.LPN_ID, t.TRANSFER_LPN_ID, t.transaction_mode, t.lock_flag, t.process_flag  FROM mtl_material_transactions_temp t, gme_material_details d, gme_batch_header h,  mtl_transaction_lots_temp lt, mtl_system_items_b i, mtl_transaction_types ty, mtl_parameters pa  WHERE t.transaction_source_type_id = 5  AND transaction_source_id = h.batch_id  AND t.organization_id = h.organization_id  AND d.batch_id = h.batch_id  AND d.material_detail_id = trx_source_line_id  AND lt.TRANSACTION_TEMP_ID (+) = t.TRANSACTION_TEMP_ID  AND t.organization_id = i.organization_id  AND t.inventory_item_id = i.inventory_item_id  AND t.transaction_type_id = ty.transaction_type_id  And t.organization_id = pa.organization_id  UNION ALL  SELECT 'MTI' AS table_name, t.TRANSACTION_INTERFACE_ID AS trans_or_rsrv_id, ty.transaction_type_name, h.batch_status,  d.batch_id AS batch_id, t.transaction_source_id AS trans_or_rsrv_source_id, d.line_type,  t.trx_source_line_id AS material_detail_id, t.organization_id, pa.organization_code, t.inventory_item_id,  i.segment1 AS item_number, t.subinventory_code, t.locator_id, lt.lot_number AS lot_number, t.primary_quantity,  t.transaction_quantity AS trans_or_rsrv_qty, lt.transaction_quantity AS lot_qty, t.transaction_uom AS trans_or_rsrv_uom,  t.secondary_transaction_quantity AS sec_qty, t.secondary_uom_code,  to_char(t.transaction_date, 'DD-MON-YYYY HH24.MI.SS') AS trans_or_rsrv_date, t.LPN_ID, t.TRANSFER_LPN_ID,  t.transaction_mode, to_char(t.lock_flag), to_char(t.process_flag)  FROM mtl_transactions_interface t, gme_material_details d, gme_batch_header h,  mtl_transaction_lots_interface lt, mtl_system_items_b i, mtl_transaction_types ty, mtl_parameters pa  WHERE t.transaction_source_type_id = 5  AND transaction_source_id = h.batch_id AND t.organization_id = h.organization_id  AND d.batch_id = h.batch_id AND d.material_detail_id = trx_source_line_id  AND lt.TRANSACTION_INTERFACE_ID (+) = t.TRANSACTION_INTERFACE_ID AND t.organization_id = i.organization_id  AND t.inventory_item_id = i.inventory_item_id AND t.transaction_type_id = ty.transaction_type_id  And t.organization_id = pa.organization_id ORDER BY batch_id, table_name, line_type, material_detail_id)  where rownum<100) s]]>
        </SQLQuery>
        <IsInclude>1</IsInclude>
            <InUse>1</InUse>
            <DBQueryFieldList>
                <DBPatternSeqField>entrytime</DBPatternSeqField>
                <DBPatternField>
                    <DBQueryColName>sensor</DBQueryColName>
                    <FieldName>udfs1</FieldName>
                </DBPatternField>
                <DBPatternField>
                    <DBQueryColName>entrytime</DBQueryColName>
                    <FieldName>time</FieldName>
                </DBPatternField>
                <DBPatternField>
                                        <DBQueryColName>key_data</DBQueryColName>
                                        <FieldName>data</FieldName>
                                   </DBPatternField>
            </DBQueryFieldList>
            <IsSystem>0</IsSystem>
            <IsEnabled>1</IsEnabled>
            </DBPattern>
    </Patterns>
        <TagConditions>
            <TagCondition operator="CONTAINS_REGEX" field="udfs1" alertRuleVisible="0">
                <ConditionValues>
                    <ConditionValue>%</ConditionValue>
                </ConditionValues>
                <ConditionTags tagField="mtag">
                    <ConditionTag>#medium_severity_sensor</ConditionTag>
                </ConditionTags>
                <IsSystem>0</IsSystem>
                <IsEnabled>1</IsEnabled>
            </TagCondition>
        </TagConditions>
        <IsHidden>0</IsHidden>
        <IsSMAEnabled>0</IsSMAEnabled>
    </Source>
    <FieldNameMaps>
        <FieldNameMap>
            <Name>udfs1</Name>
            <DisplayName>sensor</DisplayName>
        </FieldNameMap>
        
    </FieldNameMaps>
</LoganContent>