<?xml version="1.0" encoding="UTF-8"?>
<LoganContent oms_version="2.50.2.0.0" name="content_ocid1.tenancy.oc1..aaaaaaaa5s2vdjjrydixjulorcwozffbpna37w5a35p3jhgpyshlkmio6oiq_1650039506307" content_version="2.50.2.0.0" xmlns="http://www.oracle.com/DataCenter/LogAnalyticsStd">
    <Field oms_version="2.50.2.0.0">
        <DisplayName>sensor</DisplayName>
        <FieldType>1</FieldType>
        <IsSystem>0</IsSystem>
        <IsPrimary>1</IsPrimary>
        <DataType>STRING</DataType>
        <IsMetricKeyEligible>0</IsMetricKeyEligible>
        <IsMetricValueEligible>0</IsMetricValueEligible>
        <FacetEligible>1</FacetEligible>
        <RangeFacetEligible>0</RangeFacetEligible>
        <TableEligible>1</TableEligible>
        <FacetPriority>1</FacetPriority>
        <Summarizable>1</Summarizable>
        <HighCardinality>1</HighCardinality>
        <LargeData>0</LargeData>
        <MultiValued>0</MultiValued>
        <SMAEnabledSetting>0</SMAEnabledSetting>
    </Field>
    
    <Tag>
<Name>#medium_severity_sensor</Name>
<DisplayName>Medium Severity Sensor</DisplayName>
<IsSystem>0</IsSystem>
<ProblemPriority>MEDIUM</ProblemPriority>
</Tag>
    <Source name="EBS Sensor: FIN AR Discrepancy in Revenue Recognition Duration for a Credit Memo - Weekly" oms_version="2.50.2.0.0" configWarningSettings="0">
    <SourceType>database_sql</SourceType>
    <TargetTypes>
        <TargetType>omc_oracle_db_instance</TargetType>
        <TargetType>omc_oracle_pdb</TargetType>
    </TargetTypes>
    <DisplayName>EBS Sensor: FIN AR Discrepancy in Revenue Recognition Duration for a Credit Memo - Weekly</DisplayName>
    <Description><![CDATA[The number of distributions created to recognize revenue for a Credit Memo does not match the Accounting Rule Duration specified.]]></Description>
    <IsSystem>0</IsSystem>
    <IsSecureContent>1</IsSecureContent>
    <Patterns>
        <DBPattern dateTimeField="entrytime" dateTimeColumns="entrytime">
        <SQLQuery>
            <![CDATA[select 'ME$EBS_FIN_AR_TRX_ACCRULE_DUR_GLD_MISMATCH' sensor, to_timestamp(to_char(sysdate, 'YYYY-MM-DD hh24:mi:ss'), 'YYYY-MM-DD hh24:mi:ss') entrytime, 'CUSTOMER_TRX_ID:' || s.CUSTOMER_TRX_ID || ', USER_NAME:' || s.USER_NAME || ', RESP_ID:' || s.RESP_ID key_data FROM (select customer_trx_id CUSTOMER_TRX_ID,         user_name USER_NAME,         resp_id RESP_ID  from  (  select distinct ct.customer_trx_id CUSTOMER_TRX_ID,          user_name USER_NAME,  	(  	SELECT min(responsibility_id)  	FROM apps.fnd_responsibility resp  	WHERE application_id = 222          ) resp_id    from apps.ra_customer_trx_all ct,         apps.ra_cust_trx_types_all ctt,         apps.ra_cust_trx_line_gl_dist_all gld_rec,         apps.fnd_user users   where ct.created_by = users.user_id      and ct.invoicing_rule_id in (-2,-3)     and ctt.cust_trx_type_id = ct.cust_trx_type_id     and ctt.type = 'CM'     and ct.customer_trx_id = gld_rec.customer_trx_id     and gld_Rec.account_class = 'REC'     and gld_rec.account_set_flag = 'N'     and gld_rec.latest_rec_flag = 'Y'      and gld_rec.gl_date between sysdate-30 and sysdate+30     and exists (select 'x'                   from apps.ra_customer_trx_lines_all ctl ,                        apps.ra_cust_trx_line_gl_dist_all gld_rev                  where ctl.customer_trx_id = ct.customer_trx_id                    and ctl.line_type = 'LINE'                    and ctl.customer_trx_id = gld_rev.customer_trx_id                    and ctl.customer_trx_line_id = gld_rev.customer_trx_line_id                    and gld_rev.account_class = 'REV'                    and gld_rev.account_set_flag = 'N'                  group by ctl.customer_trx_id, ctl.customer_trx_line_id,                          ctl.accounting_rule_id, ctl.accounting_rule_duration                 having count(distinct gld_rev.original_gl_date) <> ctl.accounting_rule_duration)      and rownum <= 5  )) s]]>
        </SQLQuery>
        <IsInclude>1</IsInclude>
            <InUse>1</InUse>
            <DBQueryFieldList>
                <DBPatternSeqField>entrytime</DBPatternSeqField>
                <DBPatternField>
                    <DBQueryColName>sensor</DBQueryColName>
                    <FieldName>udfs1</FieldName>
                </DBPatternField>
                <DBPatternField>
                    <DBQueryColName>entrytime</DBQueryColName>
                    <FieldName>time</FieldName>
                </DBPatternField>
                <DBPatternField>
                                        <DBQueryColName>key_data</DBQueryColName>
                                        <FieldName>data</FieldName>
                                   </DBPatternField>
            </DBQueryFieldList>
            <IsSystem>0</IsSystem>
            <IsEnabled>1</IsEnabled>
            </DBPattern>
    </Patterns>
        <TagConditions>
            <TagCondition operator="CONTAINS_REGEX" field="udfs1" alertRuleVisible="0">
                <ConditionValues>
                    <ConditionValue>%</ConditionValue>
                </ConditionValues>
                <ConditionTags tagField="mtag">
                    <ConditionTag>#medium_severity_sensor</ConditionTag>
                </ConditionTags>
                <IsSystem>0</IsSystem>
                <IsEnabled>1</IsEnabled>
            </TagCondition>
        </TagConditions>
        <IsHidden>0</IsHidden>
        <IsSMAEnabled>0</IsSMAEnabled>
    </Source>
    <FieldNameMaps>
        <FieldNameMap>
            <Name>udfs1</Name>
            <DisplayName>sensor</DisplayName>
        </FieldNameMap>
        
    </FieldNameMaps>
</LoganContent>