<?xml version="1.0" encoding="UTF-8"?>
<LoganContent oms_version="2.50.2.0.0" name="content_ocid1.tenancy.oc1..aaaaaaaa5s2vdjjrydixjulorcwozffbpna37w5a35p3jhgpyshlkmio6oiq_1650039506307" content_version="2.50.2.0.0" xmlns="http://www.oracle.com/DataCenter/LogAnalyticsStd">
    <Field oms_version="2.50.2.0.0">
        <DisplayName>sensor</DisplayName>
        <FieldType>1</FieldType>
        <IsSystem>0</IsSystem>
        <IsPrimary>1</IsPrimary>
        <DataType>STRING</DataType>
        <IsMetricKeyEligible>0</IsMetricKeyEligible>
        <IsMetricValueEligible>0</IsMetricValueEligible>
        <FacetEligible>1</FacetEligible>
        <RangeFacetEligible>0</RangeFacetEligible>
        <TableEligible>1</TableEligible>
        <FacetPriority>1</FacetPriority>
        <Summarizable>1</Summarizable>
        <HighCardinality>1</HighCardinality>
        <LargeData>0</LargeData>
        <MultiValued>0</MultiValued>
        <SMAEnabledSetting>0</SMAEnabledSetting>
    </Field>
    
    <Tag>
<Name>#medium_severity_sensor</Name>
<DisplayName>Medium Severity Sensor</DisplayName>
<IsSystem>0</IsSystem>
<ProblemPriority>MEDIUM</ProblemPriority>
</Tag>
    <Source name="EBS Sensor: MFG INV Serial Numbers Unable To Be Processed - Weekly" oms_version="2.50.2.0.0" configWarningSettings="0">
    <SourceType>database_sql</SourceType>
    <TargetTypes>
        <TargetType>omc_oracle_db_instance</TargetType>
        <TargetType>omc_oracle_pdb</TargetType>
    </TargetTypes>
    <DisplayName>EBS Sensor: MFG INV Serial Numbers Unable To Be Processed - Weekly</DisplayName>
    <Description><![CDATA[Serial Numbers are LOCKED preventing users from transacting the serials.]]></Description>
    <IsSystem>0</IsSystem>
    <IsSecureContent>1</IsSecureContent>
    <Patterns>
        <DBPattern dateTimeField="entrytime" dateTimeColumns="entrytime">
        <SQLQuery>
            <![CDATA[select 'ME$EBS_MFG_INV_SERIAL_INVALID_MARK_IDS' sensor, to_timestamp(to_char(sysdate, 'YYYY-MM-DD hh24:mi:ss'), 'YYYY-MM-DD hh24:mi:ss') entrytime, 'ITEM_ID:' || s.ITEM_ID || ', ORG_ID:' || s.ORG_ID || ', SUBINV_CODE:' || s.SUBINV_CODE || ', SERIAL_NUMBER:' || s.SERIAL_NUMBER key_data FROM (SELECT msn.serial_number SERIAL_NUMBER,    msn.inventory_item_id ITEM_ID,    msn.current_organization_id ORG_ID,    msn.current_subinventory_code SUBINV_CODE  FROM mtl_serial_numbers msn  WHERE(msn.group_mark_id IS NOT NULL   AND msn.group_mark_id <> -1)  AND msn.group_mark_id <> Nvl(msn.reservation_id,-2)  AND msn.group_mark_id <> Nvl(msn.wip_entity_id,-2)   AND NOT EXISTS    (SELECT 1     FROM mtl_serial_numbers_temp msnt     WHERE msn.group_mark_id = msnt.transaction_temp_id OR msn.group_mark_id = msnt.group_header_id)  AND NOT EXISTS    (SELECT 1     FROM wsh_delivery_details wdd     WHERE wdd.inv_interfaced_flag <> 'Y'     AND wdd.released_status IN('Y',    'C')     AND wdd.transaction_temp_id IS NOT NULL     AND msn.group_mark_id = wdd.transaction_temp_id)  AND NOT EXISTS    (SELECT 1     FROM wsh_delivery_details wdd     WHERE wdd.inv_interfaced_flag <> 'Y'     AND wdd.released_status IN('Y',    'C')     AND msn.inventory_item_id = wdd.inventory_item_id     AND msn.serial_number = wdd.serial_number)  AND NOT EXISTS    (SELECT 1     FROM mtl_cycle_count_entries mcce     WHERE mcce.cycle_count_header_id = msn.group_mark_id     AND mcce.cycle_count_entry_id = msn.line_mark_id     AND mcce.entry_status_code IN(1,    2))  and rownum < 2) s]]>
        </SQLQuery>
        <IsInclude>1</IsInclude>
            <InUse>1</InUse>
            <DBQueryFieldList>
                <DBPatternSeqField>entrytime</DBPatternSeqField>
                <DBPatternField>
                    <DBQueryColName>sensor</DBQueryColName>
                    <FieldName>udfs1</FieldName>
                </DBPatternField>
                <DBPatternField>
                    <DBQueryColName>entrytime</DBQueryColName>
                    <FieldName>time</FieldName>
                </DBPatternField>
                <DBPatternField>
                                        <DBQueryColName>key_data</DBQueryColName>
                                        <FieldName>data</FieldName>
                                   </DBPatternField>
            </DBQueryFieldList>
            <IsSystem>0</IsSystem>
            <IsEnabled>1</IsEnabled>
            </DBPattern>
    </Patterns>
        <TagConditions>
            <TagCondition operator="CONTAINS_REGEX" field="udfs1" alertRuleVisible="0">
                <ConditionValues>
                    <ConditionValue>%</ConditionValue>
                </ConditionValues>
                <ConditionTags tagField="mtag">
                    <ConditionTag>#medium_severity_sensor</ConditionTag>
                </ConditionTags>
                <IsSystem>0</IsSystem>
                <IsEnabled>1</IsEnabled>
            </TagCondition>
        </TagConditions>
        <IsHidden>0</IsHidden>
        <IsSMAEnabled>0</IsSMAEnabled>
    </Source>
    <FieldNameMaps>
        <FieldNameMap>
            <Name>udfs1</Name>
            <DisplayName>sensor</DisplayName>
        </FieldNameMap>
        
    </FieldNameMaps>
</LoganContent>