<?xml version="1.0" encoding="UTF-8"?>
<LoganContent oms_version="2.50.2.0.0" name="content_ocid1.tenancy.oc1..aaaaaaaa5s2vdjjrydixjulorcwozffbpna37w5a35p3jhgpyshlkmio6oiq_1650039506307" content_version="2.50.2.0.0" xmlns="http://www.oracle.com/DataCenter/LogAnalyticsStd">
    <Field oms_version="2.50.2.0.0">
        <DisplayName>sensor</DisplayName>
        <FieldType>1</FieldType>
        <IsSystem>0</IsSystem>
        <IsPrimary>1</IsPrimary>
        <DataType>STRING</DataType>
        <IsMetricKeyEligible>0</IsMetricKeyEligible>
        <IsMetricValueEligible>0</IsMetricValueEligible>
        <FacetEligible>1</FacetEligible>
        <RangeFacetEligible>0</RangeFacetEligible>
        <TableEligible>1</TableEligible>
        <FacetPriority>1</FacetPriority>
        <Summarizable>1</Summarizable>
        <HighCardinality>1</HighCardinality>
        <LargeData>0</LargeData>
        <MultiValued>0</MultiValued>
        <SMAEnabledSetting>0</SMAEnabledSetting>
    </Field>
    
    <Tag>
<Name>#medium_severity_sensor</Name>
<DisplayName>Medium Severity Sensor</DisplayName>
<IsSystem>0</IsSystem>
<ProblemPriority>MEDIUM</ProblemPriority>
</Tag>
    <Source name="EBS Sensor: FIN AR Identified orphan XLA records for transactions - Weekly" oms_version="2.50.2.0.0" configWarningSettings="0">
    <SourceType>database_sql</SourceType>
    <TargetTypes>
        <TargetType>omc_oracle_db_instance</TargetType>
        <TargetType>omc_oracle_pdb</TargetType>
    </TargetTypes>
    <DisplayName>EBS Sensor: FIN AR Identified orphan XLA records for transactions - Weekly</DisplayName>
    <Description><![CDATA[Found record(s) in XLA tables for transaction events that do not exist in core AR tables.]]></Description>
    <IsSystem>0</IsSystem>
    <IsSecureContent>1</IsSecureContent>
    <Patterns>
        <DBPattern dateTimeField="entrytime" dateTimeColumns="entrytime">
        <SQLQuery>
            <![CDATA[select 'ME$EBS_FIN_AR_00057_TRX_ORPHAN_XLA' sensor, to_timestamp(to_char(sysdate, 'YYYY-MM-DD hh24:mi:ss'), 'YYYY-MM-DD hh24:mi:ss') entrytime, 'SOURCE_ID:' || s.SOURCE_ID || ', USER_NAME:' || s.USER_NAME || ', RESP_ID:' || s.RESP_ID key_data FROM (select source_id SOURCE_ID,  user_name USER_NAME,  resp_id RESP_ID  from  (select distinct xte.source_id_int_1 SOURCE_ID,  users.user_name USER_NAME,  (  SELECT min(responsibility_id)  FROM apps.fnd_responsibility resp  WHERE application_id = 222  ) resp_id  from apps.xla_events xe,  apps.xla_transaction_entities_upg xte,  apps.fnd_user users  where xe.created_by = users.user_id  and xte.entity_code = 'TRANSACTIONS'  and xte.entity_id = xe.entity_id  and xte.application_id = 222  and xe.application_id = 222  and xe.event_date between sysdate-30 and sysdate+30  and xe.event_status_code not in ('P','I','Z')  and xte.upg_batch_id is NULL  and xte.upg_source_application_id is NULL  and not exists  (select 'x'  from apps.ra_cust_trx_line_gl_dist_all dist2,   apps.ra_customer_trx_all trx  where trx.customer_trx_id = xte.source_id_int_1  and dist2.customer_trx_id = trx.customer_trx_id  and dist2.account_class = 'REC'  and dist2.latest_rec_flag = 'Y'  and dist2.account_set_flag = 'Y'  and trx.complete_flag = 'Y')  and not exists  (select 'x'  from apps.ra_cust_trx_line_gl_dist_all  where customer_trx_id = xte.source_id_int_1  and event_id = xe.event_id  union  select 'x'  from apps.ar_receivable_applications_all  where customer_trx_id = xte.source_id_int_1  and event_id = xe.event_id  union  select 'x'  from apps.ar_receivable_applications_all  where applied_customer_trx_id = xte.source_id_int_1  and event_id = xe.event_id  )  )  where rownum <= 5) s]]>
        </SQLQuery>
        <IsInclude>1</IsInclude>
            <InUse>1</InUse>
            <DBQueryFieldList>
                <DBPatternSeqField>entrytime</DBPatternSeqField>
                <DBPatternField>
                    <DBQueryColName>sensor</DBQueryColName>
                    <FieldName>udfs1</FieldName>
                </DBPatternField>
                <DBPatternField>
                    <DBQueryColName>entrytime</DBQueryColName>
                    <FieldName>time</FieldName>
                </DBPatternField>
                <DBPatternField>
                                        <DBQueryColName>key_data</DBQueryColName>
                                        <FieldName>data</FieldName>
                                   </DBPatternField>
            </DBQueryFieldList>
            <IsSystem>0</IsSystem>
            <IsEnabled>1</IsEnabled>
            </DBPattern>
    </Patterns>
        <TagConditions>
            <TagCondition operator="CONTAINS_REGEX" field="udfs1" alertRuleVisible="0">
                <ConditionValues>
                    <ConditionValue>%</ConditionValue>
                </ConditionValues>
                <ConditionTags tagField="mtag">
                    <ConditionTag>#medium_severity_sensor</ConditionTag>
                </ConditionTags>
                <IsSystem>0</IsSystem>
                <IsEnabled>1</IsEnabled>
            </TagCondition>
        </TagConditions>
        <IsHidden>0</IsHidden>
        <IsSMAEnabled>0</IsSMAEnabled>
    </Source>
    <FieldNameMaps>
        <FieldNameMap>
            <Name>udfs1</Name>
            <DisplayName>sensor</DisplayName>
        </FieldNameMap>
        
    </FieldNameMaps>
</LoganContent>