<?xml version="1.0" encoding="UTF-8"?>
<LoganContent oms_version="2.50.2.0.0" name="content_ocid1.tenancy.oc1..aaaaaaaa5s2vdjjrydixjulorcwozffbpna37w5a35p3jhgpyshlkmio6oiq_1650039506307" content_version="2.50.2.0.0" xmlns="http://www.oracle.com/DataCenter/LogAnalyticsStd">
    <Field oms_version="2.50.2.0.0">
        <DisplayName>sensor</DisplayName>
        <FieldType>1</FieldType>
        <IsSystem>0</IsSystem>
        <IsPrimary>1</IsPrimary>
        <DataType>STRING</DataType>
        <IsMetricKeyEligible>0</IsMetricKeyEligible>
        <IsMetricValueEligible>0</IsMetricValueEligible>
        <FacetEligible>1</FacetEligible>
        <RangeFacetEligible>0</RangeFacetEligible>
        <TableEligible>1</TableEligible>
        <FacetPriority>1</FacetPriority>
        <Summarizable>1</Summarizable>
        <HighCardinality>1</HighCardinality>
        <LargeData>0</LargeData>
        <MultiValued>0</MultiValued>
        <SMAEnabledSetting>0</SMAEnabledSetting>
    </Field>
    
    <Tag>
<Name>#medium_severity_sensor</Name>
<DisplayName>Medium Severity Sensor</DisplayName>
<IsSystem>0</IsSystem>
<ProblemPriority>MEDIUM</ProblemPriority>
</Tag>
    <Source name="EBS Sensor: FIN AP Payment with Accounting dates out of sync with the Subledger tables - Weekly" oms_version="2.50.2.0.0" configWarningSettings="0">
    <SourceType>database_sql</SourceType>
    <TargetTypes>
        <TargetType>omc_oracle_db_instance</TargetType>
        <TargetType>omc_oracle_pdb</TargetType>
    </TargetTypes>
    <DisplayName>EBS Sensor: FIN AP Payment with Accounting dates out of sync with the Subledger tables - Weekly</DisplayName>
    <Description><![CDATA[Out of sync accounting date between payment transaction tables and xla_events table]]></Description>
    <IsSystem>0</IsSystem>
    <IsSecureContent>1</IsSecureContent>
    <Patterns>
        <DBPattern dateTimeField="entrytime" dateTimeColumns="entrytime">
        <SQLQuery>
            <![CDATA[select 'ME$EBS_FIN_AP_PAYMENT__ACCTGDATEOUTOFSYNCH' sensor, to_timestamp(to_char(sysdate, 'YYYY-MM-DD hh24:mi:ss'), 'YYYY-MM-DD hh24:mi:ss') entrytime, 'check_id:' || s.check_id key_data FROM (SELECT check_id check_id  FROM (WITH chks AS ( SELECT /*+ materialize */ DISTINCT ph.check_id FROM ap_payment_history_all ph  WHERE ph.accounting_date BETWEEN (trunc(sysdate) - 7) AND (trunc(sysdate) + 3) )        SELECT 'Invoice Payment' record_type,              ac.check_id,              ac.check_number,              ac.org_id,              to_char(aip.accounting_date, 'DD-MON-YY HH24:MI:SS') accounting_date,              to_char(xe.event_date, 'DD-MON-YY HH24:MI:SS') event_date,              xe.event_id,              aip.invoice_payment_id,              aip.posted_flag       FROM chks,            ap_checks_all ac,            ap_invoice_payments_all aip,            xla_events xe       WHERE aip.accounting_event_id = xe.event_id       AND   xe.application_id = 200       AND   ac.check_id = aip.check_id       AND   aip.accounting_DATE <> xe.event_date       AND   ac.check_id = chks.check_id       UNION ALL       SELECT 'Payment History',              ac.check_id,              ac.check_number,              ac.org_id,              to_char(aph.accounting_date, 'DD-MON-YY HH24:MI:SS'),              to_char(xe.event_date, 'DD-MON-YY HH24:MI:SS'),              xe.event_id,              aph.payment_history_id,              aph.posted_flag       FROM chks,            ap_checks_all ac,            ap_payment_history_all aph,            xla_events xe       WHERE aph.accounting_event_id = xe.event_id       AND   ac.check_id = aph.check_id       AND   xe.application_id = 200       AND   aph.accounting_date <> xe.event_date       AND   ac.check_id = chks.check_id)  where rownum < 11  order by check_id) s]]>
        </SQLQuery>
        <IsInclude>1</IsInclude>
            <InUse>1</InUse>
            <DBQueryFieldList>
                <DBPatternSeqField>entrytime</DBPatternSeqField>
                <DBPatternField>
                    <DBQueryColName>sensor</DBQueryColName>
                    <FieldName>udfs1</FieldName>
                </DBPatternField>
                <DBPatternField>
                    <DBQueryColName>entrytime</DBQueryColName>
                    <FieldName>time</FieldName>
                </DBPatternField>
                <DBPatternField>
                                        <DBQueryColName>key_data</DBQueryColName>
                                        <FieldName>data</FieldName>
                                   </DBPatternField>
            </DBQueryFieldList>
            <IsSystem>0</IsSystem>
            <IsEnabled>1</IsEnabled>
            </DBPattern>
    </Patterns>
        <TagConditions>
            <TagCondition operator="CONTAINS_REGEX" field="udfs1" alertRuleVisible="0">
                <ConditionValues>
                    <ConditionValue>%</ConditionValue>
                </ConditionValues>
                <ConditionTags tagField="mtag">
                    <ConditionTag>#medium_severity_sensor</ConditionTag>
                </ConditionTags>
                <IsSystem>0</IsSystem>
                <IsEnabled>1</IsEnabled>
            </TagCondition>
        </TagConditions>
        <IsHidden>0</IsHidden>
        <IsSMAEnabled>0</IsSMAEnabled>
    </Source>
    <FieldNameMaps>
        <FieldNameMap>
            <Name>udfs1</Name>
            <DisplayName>sensor</DisplayName>
        </FieldNameMap>
        
    </FieldNameMaps>
</LoganContent>