<?xml version="1.0" encoding="UTF-8"?>
<LoganContent oms_version="2.50.2.0.0" name="content_ocid1.tenancy.oc1..aaaaaaaa5s2vdjjrydixjulorcwozffbpna37w5a35p3jhgpyshlkmio6oiq_1650039506307" content_version="2.50.2.0.0" xmlns="http://www.oracle.com/DataCenter/LogAnalyticsStd">
    <Field oms_version="2.50.2.0.0">
        <DisplayName>sensor</DisplayName>
        <FieldType>1</FieldType>
        <IsSystem>0</IsSystem>
        <IsPrimary>1</IsPrimary>
        <DataType>STRING</DataType>
        <IsMetricKeyEligible>0</IsMetricKeyEligible>
        <IsMetricValueEligible>0</IsMetricValueEligible>
        <FacetEligible>1</FacetEligible>
        <RangeFacetEligible>0</RangeFacetEligible>
        <TableEligible>1</TableEligible>
        <FacetPriority>1</FacetPriority>
        <Summarizable>1</Summarizable>
        <HighCardinality>1</HighCardinality>
        <LargeData>0</LargeData>
        <MultiValued>0</MultiValued>
        <SMAEnabledSetting>0</SMAEnabledSetting>
    </Field>
    
    <Tag>
<Name>#medium_severity_sensor</Name>
<DisplayName>Medium Severity Sensor</DisplayName>
<IsSystem>0</IsSystem>
<ProblemPriority>MEDIUM</ProblemPriority>
</Tag>
    <Source name="EBS Sensor: FIN AP Amounts or base amounts are out of synch between Payables and EBtax - Weekly" oms_version="2.50.2.0.0" configWarningSettings="0">
    <SourceType>database_sql</SourceType>
    <TargetTypes>
        <TargetType>omc_oracle_db_instance</TargetType>
        <TargetType>omc_oracle_pdb</TargetType>
    </TargetTypes>
    <DisplayName>EBS Sensor: FIN AP Amounts or base amounts are out of synch between Payables and EBtax - Weekly</DisplayName>
    <Description><![CDATA[Invoice tax distributions amounts not in sync with E-Business Tax distributions.]]></Description>
    <IsSystem>0</IsSystem>
    <IsSecureContent>1</IsSecureContent>
    <Patterns>
        <DBPattern dateTimeField="entrytime" dateTimeColumns="entrytime">
        <SQLQuery>
            <![CDATA[select 'ME$EBS_FIN_AP_AMOUNTS_OUTOFSYNCH_BETWEEN_AP_EBTAX' sensor, to_timestamp(to_char(sysdate, 'YYYY-MM-DD hh24:mi:ss'), 'YYYY-MM-DD hh24:mi:ss') entrytime, 'invoice_id:' || s.invoice_id key_data FROM (SELECT      ai.invoice_id invoice_id  FROM      apps.ap_invoice_distributions_all aid,      apps.zx_rec_nrec_dist             zd,      apps.ap_invoices_all              ai,      (          SELECT DISTINCT              invoice_id          FROM              apps.ap_invoice_distributions_all          WHERE              accounting_date BETWEEN ( trunc(sysdate) - 7 ) AND ( trunc(sysdate) + 3 )      )                            invs  WHERE          aid.invoice_id = ai.invoice_id      AND aid.invoice_id = zd.trx_id      AND aid.detail_tax_dist_id = zd.rec_nrec_tax_dist_id      AND zd.application_id = 200      AND zd.entity_code = 'AP_INVOICES'      AND nvl(aid.historical_flag, 'N') = 'N'      AND zd.event_class_code IN ( 'STANDARD INVOICES', 'EXPENSE REPORTS', 'PREPAYMENT INVOICES' )      AND aid.line_type_lookup_code IN ( 'REC_TAX', 'NONREC_TAX' )      AND ( nvl(aid.amount, - 999999999) <> zd.rec_nrec_tax_amt            OR nvl(aid.base_amount, - 999999999) <> zd.rec_nrec_tax_amt_funcl_curr )      AND NOT EXISTS (          SELECT              1          FROM              apps.ap_invoice_distributions_all aidv          WHERE                  aid.detail_tax_dist_id = aidv.detail_tax_dist_id              AND aid.line_type_lookup_code = 'NONREC_TAX'              AND aidv.line_type_lookup_code IN ( 'TERV', 'TIPV', 'TRV' )      )      AND ai.invoice_id = invs.invoice_id      AND ROWNUM < 11  ORDER BY      invoice_id) s]]>
        </SQLQuery>
        <IsInclude>1</IsInclude>
            <InUse>1</InUse>
            <DBQueryFieldList>
                <DBPatternSeqField>entrytime</DBPatternSeqField>
                <DBPatternField>
                    <DBQueryColName>sensor</DBQueryColName>
                    <FieldName>udfs1</FieldName>
                </DBPatternField>
                <DBPatternField>
                    <DBQueryColName>entrytime</DBQueryColName>
                    <FieldName>time</FieldName>
                </DBPatternField>
                <DBPatternField>
                                        <DBQueryColName>key_data</DBQueryColName>
                                        <FieldName>data</FieldName>
                                   </DBPatternField>
            </DBQueryFieldList>
            <IsSystem>0</IsSystem>
            <IsEnabled>1</IsEnabled>
            </DBPattern>
    </Patterns>
        <TagConditions>
            <TagCondition operator="CONTAINS_REGEX" field="udfs1" alertRuleVisible="0">
                <ConditionValues>
                    <ConditionValue>%</ConditionValue>
                </ConditionValues>
                <ConditionTags tagField="mtag">
                    <ConditionTag>#medium_severity_sensor</ConditionTag>
                </ConditionTags>
                <IsSystem>0</IsSystem>
                <IsEnabled>1</IsEnabled>
            </TagCondition>
        </TagConditions>
        <IsHidden>0</IsHidden>
        <IsSMAEnabled>0</IsSMAEnabled>
    </Source>
    <FieldNameMaps>
        <FieldNameMap>
            <Name>udfs1</Name>
            <DisplayName>sensor</DisplayName>
        </FieldNameMap>
        
    </FieldNameMaps>
</LoganContent>