<?xml version="1.0" encoding="UTF-8"?>
<LoganContent oms_version="2.50.2.0.0" name="content_ocid1.tenancy.oc1..aaaaaaaa5s2vdjjrydixjulorcwozffbpna37w5a35p3jhgpyshlkmio6oiq_1650039506307" content_version="2.50.2.0.0" xmlns="http://www.oracle.com/DataCenter/LogAnalyticsStd">
    <Field oms_version="2.50.2.0.0">
        <DisplayName>sensor</DisplayName>
        <FieldType>1</FieldType>
        <IsSystem>0</IsSystem>
        <IsPrimary>1</IsPrimary>
        <DataType>STRING</DataType>
        <IsMetricKeyEligible>0</IsMetricKeyEligible>
        <IsMetricValueEligible>0</IsMetricValueEligible>
        <FacetEligible>1</FacetEligible>
        <RangeFacetEligible>0</RangeFacetEligible>
        <TableEligible>1</TableEligible>
        <FacetPriority>1</FacetPriority>
        <Summarizable>1</Summarizable>
        <HighCardinality>1</HighCardinality>
        <LargeData>0</LargeData>
        <MultiValued>0</MultiValued>
        <SMAEnabledSetting>0</SMAEnabledSetting>
    </Field>
    
    <Tag>
<Name>#medium_severity_sensor</Name>
<DisplayName>Medium Severity Sensor</DisplayName>
<IsSystem>0</IsSystem>
<ProblemPriority>MEDIUM</ProblemPriority>
</Tag>
    <Source name="EBS Sensor: FIN AP Historical upgraded events found to be missing records in xla distribution links - Weekly" oms_version="2.50.2.0.0" configWarningSettings="0">
    <SourceType>database_sql</SourceType>
    <TargetTypes>
        <TargetType>omc_oracle_db_instance</TargetType>
        <TargetType>omc_oracle_pdb</TargetType>
    </TargetTypes>
    <DisplayName>EBS Sensor: FIN AP Historical upgraded events found to be missing records in xla distribution links - Weekly</DisplayName>
    <Description><![CDATA[Historical upgraded events with missing records in XLA.]]></Description>
    <IsSystem>0</IsSystem>
    <IsSecureContent>1</IsSecureContent>
    <Patterns>
        <DBPattern dateTimeField="entrytime" dateTimeColumns="entrytime">
        <SQLQuery>
            <![CDATA[select 'ME$EBS_FIN_AP_HISTORICAL_UPGRADED_EVENTS_MISSINGRECORDS_INV' sensor, to_timestamp(to_char(sysdate, 'YYYY-MM-DD hh24:mi:ss'), 'YYYY-MM-DD hh24:mi:ss') entrytime, 'invoice_id:' || s.invoice_id key_data FROM (SELECT /*+ ordered use_nl(ai, xte, xe) */            ai.invoice_id invoice_id              FROM (            SELECT /*+ materialize */ DISTINCT invoice_id  FROM ap_invoice_distributions_all  WHERE accounting_date BETWEEN (trunc(sysdate) - 7) AND  (trunc(sysdate) + 3)          ) invs,          ap_invoices_all ai,          ap_system_parameters_all asp,          gl_period_statuses upg,          xla_transaction_entities_upg xte,          xla_events xe,          xla_ae_headers xah,          xla_ae_lines xal     WHERE xe.application_id = 200     AND   xe.event_status_code = 'P'     AND   xe.entity_id = xte.entity_id     AND   xe.upg_batch_id is not null     AND   xe.upg_batch_id <> - 9999     AND   xah.application_id = 200     AND   xal.application_id = 200     AND   xte.application_id = 200     AND   upg.application_id = 200     AND   xah.event_id = xe.event_id     AND   xah.ledger_id = xte.ledger_id     AND   xal.ae_header_id = xah.ae_header_id     AND   xah.upg_batch_id is not null     AND   xte.entity_code = 'AP_INVOICES'     AND   xte.ledger_id = upg.ledger_id     AND   nvl(xte.source_id_int_1,-99) = ai.invoice_id     AND   asp.set_of_books_id = xte.ledger_id     AND   upg.set_of_books_id = asp.set_of_books_id     AND   asp.org_id = ai.org_id     AND   ai.gl_date BETWEEN upg.start_date AND upg.end_date     AND   upg.migration_status_code = 'U'     AND   upg.closing_status in ('O','C','P')     AND   trunc(upg.start_date) < (             SELECT min(trunc(creation_date)) FROM ad_applied_patches             WHERE patch_type = 'MAINTENANCE-PACK'             AND   maint_pack_level LIKE '12.%')     AND   EXISTS (             SELECT /*+ no_unnest */ 1 FROM ap_invoice_distributions_all aid             WHERE aid.invoice_id = ai.invoice_id             AND   aid.accounting_event_id = xe.event_id             AND   aid.Historical_flag = 'Y')     AND   NOT EXISTS (             SELECT /*+ no_unnest */ 1 FROM xla_distribution_links xdl             WHERE xdl.application_id = 200             AND   xdl.ae_header_id = xah.ae_header_id             AND   xdl.ae_line_num = xal.ae_line_num)     AND   ai.invoice_id = invs.invoice_id   AND rownum < 11  ORDER BY ai.invoice_id) s]]>
        </SQLQuery>
        <IsInclude>1</IsInclude>
            <InUse>1</InUse>
            <DBQueryFieldList>
                <DBPatternSeqField>entrytime</DBPatternSeqField>
                <DBPatternField>
                    <DBQueryColName>sensor</DBQueryColName>
                    <FieldName>udfs1</FieldName>
                </DBPatternField>
                <DBPatternField>
                    <DBQueryColName>entrytime</DBQueryColName>
                    <FieldName>time</FieldName>
                </DBPatternField>
                <DBPatternField>
                                        <DBQueryColName>key_data</DBQueryColName>
                                        <FieldName>data</FieldName>
                                   </DBPatternField>
            </DBQueryFieldList>
            <IsSystem>0</IsSystem>
            <IsEnabled>1</IsEnabled>
            </DBPattern>
    </Patterns>
        <TagConditions>
            <TagCondition operator="CONTAINS_REGEX" field="udfs1" alertRuleVisible="0">
                <ConditionValues>
                    <ConditionValue>%</ConditionValue>
                </ConditionValues>
                <ConditionTags tagField="mtag">
                    <ConditionTag>#medium_severity_sensor</ConditionTag>
                </ConditionTags>
                <IsSystem>0</IsSystem>
                <IsEnabled>1</IsEnabled>
            </TagCondition>
        </TagConditions>
        <IsHidden>0</IsHidden>
        <IsSMAEnabled>0</IsSMAEnabled>
    </Source>
    <FieldNameMaps>
        <FieldNameMap>
            <Name>udfs1</Name>
            <DisplayName>sensor</DisplayName>
        </FieldNameMap>
        
    </FieldNameMaps>
</LoganContent>