<?xml version="1.0" encoding="UTF-8"?>
<LoganContent oms_version="2.50.2.0.0" name="content_ocid1.tenancy.oc1..aaaaaaaa5s2vdjjrydixjulorcwozffbpna37w5a35p3jhgpyshlkmio6oiq_1650039506307" content_version="2.50.2.0.0" xmlns="http://www.oracle.com/DataCenter/LogAnalyticsStd">
    <Field oms_version="2.50.2.0.0">
        <DisplayName>sensor</DisplayName>
        <FieldType>1</FieldType>
        <IsSystem>0</IsSystem>
        <IsPrimary>1</IsPrimary>
        <DataType>STRING</DataType>
        <IsMetricKeyEligible>0</IsMetricKeyEligible>
        <IsMetricValueEligible>0</IsMetricValueEligible>
        <FacetEligible>1</FacetEligible>
        <RangeFacetEligible>0</RangeFacetEligible>
        <TableEligible>1</TableEligible>
        <FacetPriority>1</FacetPriority>
        <Summarizable>1</Summarizable>
        <HighCardinality>1</HighCardinality>
        <LargeData>0</LargeData>
        <MultiValued>0</MultiValued>
        <SMAEnabledSetting>0</SMAEnabledSetting>
    </Field>
    
    <Tag>
<Name>#medium_severity_sensor</Name>
<DisplayName>Medium Severity Sensor</DisplayName>
<IsSystem>0</IsSystem>
<ProblemPriority>MEDIUM</ProblemPriority>
</Tag>
    <Source name="EBS Sensor: FIN AR Reversed Receipt has Multiple RECP REVERSE Events - Weekly" oms_version="2.50.2.0.0" configWarningSettings="0">
    <SourceType>database_sql</SourceType>
    <TargetTypes>
        <TargetType>omc_oracle_db_instance</TargetType>
        <TargetType>omc_oracle_pdb</TargetType>
    </TargetTypes>
    <DisplayName>EBS Sensor: FIN AR Reversed Receipt has Multiple RECP REVERSE Events - Weekly</DisplayName>
    <Description><![CDATA[Multiple records will not be processed by Create Accounting]]></Description>
    <IsSystem>0</IsSystem>
    <IsSecureContent>1</IsSecureContent>
    <Patterns>
        <DBPattern dateTimeField="entrytime" dateTimeColumns="entrytime">
        <SQLQuery>
            <![CDATA[select 'ME$EBS_FIN_AR_RCT_DUPLICATE_RECP_REVERSE' sensor, to_timestamp(to_char(sysdate, 'YYYY-MM-DD hh24:mi:ss'), 'YYYY-MM-DD hh24:mi:ss') entrytime, 'CASH_RECEIPT_ID:' || s.CASH_RECEIPT_ID || ', USER_NAME:' || s.USER_NAME || ', RESP_ID:' || s.RESP_ID key_data FROM (select cash_receipt_id CASH_RECEIPT_ID,         user_name USER_NAME,         resp_id RESP_ID  from  (select distinct cr.cash_receipt_id CASH_RECEIPT_ID,          user_name USER_NAME,          (          SELECT min(responsibility_id)          FROM fnd_responsibility resp          WHERE application_id = 222          ) resp_id    from xla.xla_transaction_entities xte,         ar_cash_receipts_all cr,         ar_cash_receipt_history_all crh,         fnd_user users   where cr.created_by = users.user_id     and xte.entity_code = 'RECEIPTS'     and xte.application_id = 222     and xte.source_id_int_1 = cr.cash_receipt_id     and xte.ledger_id = cr.set_of_books_id     and cr.cash_receipt_id = crh.cash_receipt_id     and crh.status = 'REVERSED'     and crh.gl_date between sysdate-30 and sysdate+30     and 1 < (select count(*)                from xla_events xe               where xe.entity_id = xte.entity_id                 and xe.application_id = 222                 and xe.event_type_code = 'RECP_REVERSE'              )     and rownum <= 5  )) s]]>
        </SQLQuery>
        <IsInclude>1</IsInclude>
            <InUse>1</InUse>
            <DBQueryFieldList>
                <DBPatternSeqField>entrytime</DBPatternSeqField>
                <DBPatternField>
                    <DBQueryColName>sensor</DBQueryColName>
                    <FieldName>udfs1</FieldName>
                </DBPatternField>
                <DBPatternField>
                    <DBQueryColName>entrytime</DBQueryColName>
                    <FieldName>time</FieldName>
                </DBPatternField>
                <DBPatternField>
                                        <DBQueryColName>key_data</DBQueryColName>
                                        <FieldName>data</FieldName>
                                   </DBPatternField>
            </DBQueryFieldList>
            <IsSystem>0</IsSystem>
            <IsEnabled>1</IsEnabled>
            </DBPattern>
    </Patterns>
        <TagConditions>
            <TagCondition operator="CONTAINS_REGEX" field="udfs1" alertRuleVisible="0">
                <ConditionValues>
                    <ConditionValue>%</ConditionValue>
                </ConditionValues>
                <ConditionTags tagField="mtag">
                    <ConditionTag>#medium_severity_sensor</ConditionTag>
                </ConditionTags>
                <IsSystem>0</IsSystem>
                <IsEnabled>1</IsEnabled>
            </TagCondition>
        </TagConditions>
        <IsHidden>0</IsHidden>
        <IsSMAEnabled>0</IsSMAEnabled>
    </Source>
    <FieldNameMaps>
        <FieldNameMap>
            <Name>udfs1</Name>
            <DisplayName>sensor</DisplayName>
        </FieldNameMap>
        
    </FieldNameMaps>
</LoganContent>