<?xml version="1.0" encoding="UTF-8"?>
<LoganContent oms_version="2.50.2.0.0" name="content_ocid1.tenancy.oc1..aaaaaaaa5s2vdjjrydixjulorcwozffbpna37w5a35p3jhgpyshlkmio6oiq_1650039506307" content_version="2.50.2.0.0" xmlns="http://www.oracle.com/DataCenter/LogAnalyticsStd">
    <Field oms_version="2.50.2.0.0">
        <DisplayName>sensor</DisplayName>
        <FieldType>1</FieldType>
        <IsSystem>0</IsSystem>
        <IsPrimary>1</IsPrimary>
        <DataType>STRING</DataType>
        <IsMetricKeyEligible>0</IsMetricKeyEligible>
        <IsMetricValueEligible>0</IsMetricValueEligible>
        <FacetEligible>1</FacetEligible>
        <RangeFacetEligible>0</RangeFacetEligible>
        <TableEligible>1</TableEligible>
        <FacetPriority>1</FacetPriority>
        <Summarizable>1</Summarizable>
        <HighCardinality>1</HighCardinality>
        <LargeData>0</LargeData>
        <MultiValued>0</MultiValued>
        <SMAEnabledSetting>0</SMAEnabledSetting>
    </Field>
    
    <Tag>
<Name>#medium_severity_sensor</Name>
<DisplayName>Medium Severity Sensor</DisplayName>
<IsSystem>0</IsSystem>
<ProblemPriority>MEDIUM</ProblemPriority>
</Tag>
    <Source name="EBS Sensor: FIN PA Transactions For Expenditures Where Revenue Distributed Flag Is Wrongly Stamped As Y - Weekly" oms_version="2.50.2.0.0" configWarningSettings="0">
    <SourceType>database_sql</SourceType>
    <TargetTypes>
        <TargetType>omc_oracle_db_instance</TargetType>
        <TargetType>omc_oracle_pdb</TargetType>
    </TargetTypes>
    <DisplayName>EBS Sensor: FIN PA Transactions For Expenditures Where Revenue Distributed Flag Is Wrongly Stamped As Y - Weekly</DisplayName>
    <Description><![CDATA[Asset costs are not interfacing to FA due to revenue_distributed_flag = Y even though asset lines are not generated]]></Description>
    <IsSystem>0</IsSystem>
    <IsSecureContent>1</IsSecureContent>
    <Patterns>
        <DBPattern dateTimeField="entrytime" dateTimeColumns="entrytime">
        <SQLQuery>
            <![CDATA[select 'ME$EBS_FIN_PA_CAP_INCORRECT_REV_DIST' sensor, to_timestamp(to_char(sysdate, 'YYYY-MM-DD hh24:mi:ss'), 'YYYY-MM-DD hh24:mi:ss') entrytime, 'project_number:' || s.project_number || ', raw_cost:' || s.raw_cost || ', burden_cost:' || s.burden_cost || ', transaction_source:' || s.transaction_source || ', reason:' || s.reason key_data FROM (SELECT DISTINCT  project_number project_number,  raw_cost raw_cost,  burden_cost burden_cost,  transaction_source transaction_source,  reason reason  FROM (  SELECT p.segment1 project_number,  ei.raw_cost raw_cost,  ei.burden_cost burden_cost,  transaction_source transaction_source,  'Not Generated Into Asset Lines' reason  FROM pa_expenditure_items_all ei,  pa_cost_distribution_lines_all cdl,  pa_projects_all p,  pa_project_types_all pt,  pa_project_statuses ps  WHERE TRUNC(ei.creation_date) > sysdate-7  AND cdl.expenditure_item_id = ei.expenditure_item_id  AND cdl.billable_flag = 'Y'  AND ei.revenue_distributed_flag = 'Y'  AND cdl.transfer_status_code IN ('P', 'A', 'V', 'T', 'R', 'G', 'B')  AND cdl.line_type =  decode(pt.capital_cost_type_code,  'B', decode(nvl(pt.total_burden_flag,  decode(pt.burden_amt_display_method,'S','Y','D','N','Y')),  'Y', 'D',  'R'),  'R')  AND ((cdl.line_type = 'I' AND  cdl.transfer_status_code = 'G') OR  cdl.line_type IN ('R', 'D') AND  cdl.transfer_status_code IN ('V', 'A'))  AND ei.capital_event_id IS NOT NULL  AND ei.project_id = p.project_id  AND pt.project_type = p.project_type   AND p.org_id = pt.org_id   AND pt.project_type_class_code = 'CAPITAL'    AND p.project_status_code = ps.project_status_code  AND ps.project_system_status_code <> 'CLOSED'     AND EXISTS (  SELECT 1 FROM pa_cost_distribution_lines_all pcdl  WHERE pcdl.expenditure_item_id = cdl.expenditure_item_id  AND pcdl.line_num = cdl.line_num  AND pcdl.line_type = cdl.line_type  AND pcdl.line_num > (  SELECT MAX(line_num) FROM pa_project_asset_line_details det  WHERE det.expenditure_item_id = cdl.expenditure_item_id  AND det.reversed_flag = 'N'))  AND rownum< = 6  )) s]]>
        </SQLQuery>
        <IsInclude>1</IsInclude>
            <InUse>1</InUse>
            <DBQueryFieldList>
                <DBPatternSeqField>entrytime</DBPatternSeqField>
                <DBPatternField>
                    <DBQueryColName>sensor</DBQueryColName>
                    <FieldName>udfs1</FieldName>
                </DBPatternField>
                <DBPatternField>
                    <DBQueryColName>entrytime</DBQueryColName>
                    <FieldName>time</FieldName>
                </DBPatternField>
                <DBPatternField>
                                        <DBQueryColName>key_data</DBQueryColName>
                                        <FieldName>data</FieldName>
                                   </DBPatternField>
            </DBQueryFieldList>
            <IsSystem>0</IsSystem>
            <IsEnabled>1</IsEnabled>
            </DBPattern>
    </Patterns>
        <TagConditions>
            <TagCondition operator="CONTAINS_REGEX" field="udfs1" alertRuleVisible="0">
                <ConditionValues>
                    <ConditionValue>%</ConditionValue>
                </ConditionValues>
                <ConditionTags tagField="mtag">
                    <ConditionTag>#medium_severity_sensor</ConditionTag>
                </ConditionTags>
                <IsSystem>0</IsSystem>
                <IsEnabled>1</IsEnabled>
            </TagCondition>
        </TagConditions>
        <IsHidden>0</IsHidden>
        <IsSMAEnabled>0</IsSMAEnabled>
    </Source>
    <FieldNameMaps>
        <FieldNameMap>
            <Name>udfs1</Name>
            <DisplayName>sensor</DisplayName>
        </FieldNameMap>
        
    </FieldNameMaps>
</LoganContent>