<?xml version="1.0" encoding="UTF-8"?>
<LoganContent oms_version="2.50.2.0.0" name="content_ocid1.tenancy.oc1..aaaaaaaa5s2vdjjrydixjulorcwozffbpna37w5a35p3jhgpyshlkmio6oiq_1650039506307" content_version="2.50.2.0.0" xmlns="http://www.oracle.com/DataCenter/LogAnalyticsStd">
    <Field oms_version="2.50.2.0.0">
        <DisplayName>sensor</DisplayName>
        <FieldType>1</FieldType>
        <IsSystem>0</IsSystem>
        <IsPrimary>1</IsPrimary>
        <DataType>STRING</DataType>
        <IsMetricKeyEligible>0</IsMetricKeyEligible>
        <IsMetricValueEligible>0</IsMetricValueEligible>
        <FacetEligible>1</FacetEligible>
        <RangeFacetEligible>0</RangeFacetEligible>
        <TableEligible>1</TableEligible>
        <FacetPriority>1</FacetPriority>
        <Summarizable>1</Summarizable>
        <HighCardinality>1</HighCardinality>
        <LargeData>0</LargeData>
        <MultiValued>0</MultiValued>
        <SMAEnabledSetting>0</SMAEnabledSetting>
    </Field>
    
    <Tag>
<Name>#medium_severity_sensor</Name>
<DisplayName>Medium Severity Sensor</DisplayName>
<IsSystem>0</IsSystem>
<ProblemPriority>MEDIUM</ProblemPriority>
</Tag>
    <Source name="EBS Sensor: FIN PA Raw And Burden Cost For Adjustment Lines Are Not Matching With Original Expenditure Item - Weekly" oms_version="2.50.2.0.0" configWarningSettings="0">
    <SourceType>database_sql</SourceType>
    <TargetTypes>
        <TargetType>omc_oracle_db_instance</TargetType>
        <TargetType>omc_oracle_pdb</TargetType>
    </TargetTypes>
    <DisplayName>EBS Sensor: FIN PA Raw And Burden Cost For Adjustment Lines Are Not Matching With Original Expenditure Item - Weekly</DisplayName>
    <Description><![CDATA[Raw And Burden Cost For Adjustment Lines Are Not Matching With Original Expenditure Item]]></Description>
    <IsSystem>0</IsSystem>
    <IsSecureContent>1</IsSecureContent>
    <Patterns>
        <DBPattern dateTimeField="entrytime" dateTimeColumns="entrytime">
        <SQLQuery>
            <![CDATA[select 'ME$EBS_FIN_PA_BURD_ACTUALS_DIFF_ORIGINAL_COST' sensor, to_timestamp(to_char(sysdate, 'YYYY-MM-DD hh24:mi:ss'), 'YYYY-MM-DD hh24:mi:ss') entrytime, 'reversing_exp_item_id:' || s.reversing_exp_item_id || ', orig_exp_item_id:' || s.orig_exp_item_id || ', project_number:' || s.project_number || ', expenditure_group:' || s.expenditure_group key_data FROM (SELECT e.expenditure_group expenditure_group,         cei.expenditure_item_id reversing_exp_item_id,         cei.adjusted_expenditure_item_id orig_exp_item_id,         p.segment1 project_number  FROM pa_expenditure_items_all ei,       pa_expenditure_items_all cei,       pa_expenditures_all e,       pa_projects_all p  WHERE e.expenditure_id = ei.expenditure_id  AND   cei.adjusted_expenditure_item_id = ei.expenditure_item_id  AND   cei.net_zero_adjustment_flag = 'Y'  AND   ei.net_zero_adjustment_flag = 'Y'  AND   cei.project_id = p.project_id  AND   (NVL(cei.raw_cost,0) <> (NVL(ei.raw_cost,0) * -1) OR         NVL(cei.burden_cost,0)  <> (NVL(ei.burden_cost,0) * -1) OR         NVL(cei.denom_raw_cost,0) <> (NVL(ei.denom_raw_cost,0) * -1) OR         NVL(cei.denom_burdened_cost,0) <> (NVL(ei.denom_burdened_cost,0) * -1) OR         NVL(cei.acct_raw_cost,0) <> (NVL(ei.acct_raw_cost,0) * -1) OR         NVL(cei.acct_burdened_cost,0) <> (NVL(ei.acct_burdened_cost,0)    * -1) OR         NVL(cei.project_raw_cost,0) <> (NVL(ei.project_raw_cost,0) * -1) OR         NVL(cei.project_burdened_cost,0) <> (NVL(ei.project_burdened_cost,0) * -1))  AND   cei.creation_date >= SYSDATE - 7  AND   rownum <= 5) s]]>
        </SQLQuery>
        <IsInclude>1</IsInclude>
            <InUse>1</InUse>
            <DBQueryFieldList>
                <DBPatternSeqField>entrytime</DBPatternSeqField>
                <DBPatternField>
                    <DBQueryColName>sensor</DBQueryColName>
                    <FieldName>udfs1</FieldName>
                </DBPatternField>
                <DBPatternField>
                    <DBQueryColName>entrytime</DBQueryColName>
                    <FieldName>time</FieldName>
                </DBPatternField>
                <DBPatternField>
                                        <DBQueryColName>key_data</DBQueryColName>
                                        <FieldName>data</FieldName>
                                   </DBPatternField>
            </DBQueryFieldList>
            <IsSystem>0</IsSystem>
            <IsEnabled>1</IsEnabled>
            </DBPattern>
    </Patterns>
        <TagConditions>
            <TagCondition operator="CONTAINS_REGEX" field="udfs1" alertRuleVisible="0">
                <ConditionValues>
                    <ConditionValue>%</ConditionValue>
                </ConditionValues>
                <ConditionTags tagField="mtag">
                    <ConditionTag>#medium_severity_sensor</ConditionTag>
                </ConditionTags>
                <IsSystem>0</IsSystem>
                <IsEnabled>1</IsEnabled>
            </TagCondition>
        </TagConditions>
        <IsHidden>0</IsHidden>
        <IsSMAEnabled>0</IsSMAEnabled>
    </Source>
    <FieldNameMaps>
        <FieldNameMap>
            <Name>udfs1</Name>
            <DisplayName>sensor</DisplayName>
        </FieldNameMap>
        
    </FieldNameMaps>
</LoganContent>
