<?xml version="1.0" encoding="UTF-8"?>
<LoganContent oms_version="2.50.2.0.0" name="content_ocid1.tenancy.oc1..aaaaaaaa5s2vdjjrydixjulorcwozffbpna37w5a35p3jhgpyshlkmio6oiq_1650039506307" content_version="2.50.2.0.0" xmlns="http://www.oracle.com/DataCenter/LogAnalyticsStd">
    <Field oms_version="2.50.2.0.0">
        <DisplayName>sensor</DisplayName>
        <FieldType>1</FieldType>
        <IsSystem>0</IsSystem>
        <IsPrimary>1</IsPrimary>
        <DataType>STRING</DataType>
        <IsMetricKeyEligible>0</IsMetricKeyEligible>
        <IsMetricValueEligible>0</IsMetricValueEligible>
        <FacetEligible>1</FacetEligible>
        <RangeFacetEligible>0</RangeFacetEligible>
        <TableEligible>1</TableEligible>
        <FacetPriority>1</FacetPriority>
        <Summarizable>1</Summarizable>
        <HighCardinality>1</HighCardinality>
        <LargeData>0</LargeData>
        <MultiValued>0</MultiValued>
        <SMAEnabledSetting>0</SMAEnabledSetting>
    </Field>
    
    <Tag>
<Name>#medium_severity_sensor</Name>
<DisplayName>Medium Severity Sensor</DisplayName>
<IsSystem>0</IsSystem>
<ProblemPriority>MEDIUM</ProblemPriority>
</Tag>
    <Source name="EBS Sensor: FIN AP Invoice with Accounting dates out of sync with the Subledger Tables - Weekly" oms_version="2.50.2.0.0" configWarningSettings="0">
    <SourceType>database_sql</SourceType>
    <TargetTypes>
        <TargetType>omc_oracle_db_instance</TargetType>
        <TargetType>omc_oracle_pdb</TargetType>
    </TargetTypes>
    <DisplayName>EBS Sensor: FIN AP Invoice with Accounting dates out of sync with the Subledger Tables - Weekly</DisplayName>
    <Description><![CDATA[Out of Sync Accounting dates between the Invoicing transaction tables and the Accounting Events table.]]></Description>
    <IsSystem>0</IsSystem>
    <IsSecureContent>1</IsSecureContent>
    <Patterns>
        <DBPattern dateTimeField="entrytime" dateTimeColumns="entrytime">
        <SQLQuery>
            <![CDATA[select 'ME$EBS_FIN_AP_INVOICE_ACCTGDATEOUTOFSYNCH' sensor, to_timestamp(to_char(sysdate, 'YYYY-MM-DD hh24:mi:ss'), 'YYYY-MM-DD hh24:mi:ss') entrytime, 'invoice_id:' || s.invoice_id key_data FROM (select invoice_id invoice_id from  (WITH ai AS (         SELECT /*+ ordered use_nl(ai) */                ai.invoice_id         FROM ( SELECT DISTINCT invoice_id FROM ap_invoice_distributions_all WHERE accounting_date BETWEEN (trunc(sysdate) - 7)  AND (trunc(sysdate) + 3) ) invs,              ap_invoices_all ai         WHERE ai.invoice_id = invs.invoice_id       )       SELECT /*+ ordered use_nl(aid, xe) */              ai.invoice_id       FROM ai,            ap_invoice_distributions_all aid,            xla_events xe       WHERE aid.accounting_event_id = xe.event_id       AND   xe.application_id = 200       AND   ai.invoice_id = aid.invoice_id       AND   aid.accounting_date <> xe.event_date       UNION ALL       SELECT /*+ ordered use_nl(aid, xe) */              ai.invoice_id       FROM ai,            ap_self_assessed_tax_dist_all aid,            xla_events xe       WHERE aid.accounting_event_id = xe.event_id       AND   xe.application_id = 200       AND   ai.invoice_id = aid.invoice_id       AND   aid.accounting_DATE <> xe.event_date       UNION ALL       SELECT /*+ ordered use_nl(aid, zrnd, xe) */              ai.invoice_id       FROM ai,            ap_invoice_distributions_all aid,            zx_rec_nrec_dist zrnd,            xla_events xe       WHERE aid.accounting_event_id = xe.event_id       AND   aid.detail_tax_dist_id = zrnd.rec_nrec_tax_dist_id       AND   zrnd.application_id = 200       AND   zrnd.entity_code = 'AP_INVOICES'       AND   zrnd.event_class_code IN ('STANDARD INVOICES',               'PREPAYMENT INVOICES', 'EXPENSE REPORTS')       AND   zrnd.trx_id = aid.invoice_id       AND   aid.invoice_id = ai.invoice_id       AND   xe.application_id = 200       AND   zrnd.gl_date <> xe.event_date       UNION ALL       SELECT ai.invoice_id       FROM ai,            ap_self_assessed_tax_dist_all aid,            zx_rec_nrec_dist zrnd,            xla_events xe       WHERE aid.accounting_event_id = xe.event_id       AND   aid.detail_tax_dist_id = zrnd.rec_nrec_tax_dist_id       AND   zrnd.application_id = 200       AND   zrnd.entity_code = 'AP_INVOICES'       AND   zrnd.event_class_code IN ('STANDARD INVOICES',               'PREPAYMENT INVOICES', 'EXPENSE REPORTS')       AND   zrnd.trx_id = aid.invoice_id       AND   aid.invoice_id = ai.invoice_id       AND   xe.application_id = 200       AND   zrnd.gl_date <> xe.event_date       UNION ALL       SELECT ai.invoice_id       FROM ai,            ap_prepay_history_all apph,            xla_events xe       WHERE apph.accounting_event_id = xe.event_id       AND   xe.application_id = 200       AND   ai.invoice_id = apph.invoice_id       AND   apph.accounting_date <> xe.event_date)  where rownum < 11  order by invoice_id) s]]>
        </SQLQuery>
        <IsInclude>1</IsInclude>
            <InUse>1</InUse>
            <DBQueryFieldList>
                <DBPatternSeqField>entrytime</DBPatternSeqField>
                <DBPatternField>
                    <DBQueryColName>sensor</DBQueryColName>
                    <FieldName>udfs1</FieldName>
                </DBPatternField>
                <DBPatternField>
                    <DBQueryColName>entrytime</DBQueryColName>
                    <FieldName>time</FieldName>
                </DBPatternField>
                <DBPatternField>
                                        <DBQueryColName>key_data</DBQueryColName>
                                        <FieldName>data</FieldName>
                                   </DBPatternField>
            </DBQueryFieldList>
            <IsSystem>0</IsSystem>
            <IsEnabled>1</IsEnabled>
            </DBPattern>
    </Patterns>
        <TagConditions>
            <TagCondition operator="CONTAINS_REGEX" field="udfs1" alertRuleVisible="0">
                <ConditionValues>
                    <ConditionValue>%</ConditionValue>
                </ConditionValues>
                <ConditionTags tagField="mtag">
                    <ConditionTag>#medium_severity_sensor</ConditionTag>
                </ConditionTags>
                <IsSystem>0</IsSystem>
                <IsEnabled>1</IsEnabled>
            </TagCondition>
        </TagConditions>
        <IsHidden>0</IsHidden>
        <IsSMAEnabled>0</IsSMAEnabled>
    </Source>
    <FieldNameMaps>
        <FieldNameMap>
            <Name>udfs1</Name>
            <DisplayName>sensor</DisplayName>
        </FieldNameMap>
        
    </FieldNameMaps>
</LoganContent>