<?xml version="1.0" encoding="UTF-8"?>
<LoganContent oms_version="2.50.2.0.0" name="content_ocid1.tenancy.oc1..aaaaaaaa5s2vdjjrydixjulorcwozffbpna37w5a35p3jhgpyshlkmio6oiq_1650039506307" content_version="2.50.2.0.0" xmlns="http://www.oracle.com/DataCenter/LogAnalyticsStd">
    <Field oms_version="2.50.2.0.0">
        <DisplayName>sensor</DisplayName>
        <FieldType>1</FieldType>
        <IsSystem>0</IsSystem>
        <IsPrimary>1</IsPrimary>
        <DataType>STRING</DataType>
        <IsMetricKeyEligible>0</IsMetricKeyEligible>
        <IsMetricValueEligible>0</IsMetricValueEligible>
        <FacetEligible>1</FacetEligible>
        <RangeFacetEligible>0</RangeFacetEligible>
        <TableEligible>1</TableEligible>
        <FacetPriority>1</FacetPriority>
        <Summarizable>1</Summarizable>
        <HighCardinality>1</HighCardinality>
        <LargeData>0</LargeData>
        <MultiValued>0</MultiValued>
        <SMAEnabledSetting>0</SMAEnabledSetting>
    </Field>
    
    <Tag>
<Name>#medium_severity_sensor</Name>
<DisplayName>Medium Severity Sensor</DisplayName>
<IsSystem>0</IsSystem>
<ProblemPriority>MEDIUM</ProblemPriority>
</Tag>
    <Source name="EBS Sensor: FIN AP Payment accounting does not fully relieve the liability for foreign currency invoices - Weekly" oms_version="2.50.2.0.0" configWarningSettings="0">
    <SourceType>database_sql</SourceType>
    <TargetTypes>
        <TargetType>omc_oracle_db_instance</TargetType>
        <TargetType>omc_oracle_pdb</TargetType>
    </TargetTypes>
    <DisplayName>EBS Sensor: FIN AP Payment accounting does not fully relieve the liability for foreign currency invoices - Weekly</DisplayName>
    <Description><![CDATA[Checking for payments whose accounting does not fully relieve the liability for foreign currency invoices with withholding]]></Description>
    <IsSystem>0</IsSystem>
    <IsSecureContent>1</IsSecureContent>
    <Patterns>
        <DBPattern dateTimeField="entrytime" dateTimeColumns="entrytime">
        <SQLQuery>
            <![CDATA[select 'ME$EBS_FIN_AP_INCORRECT_AWT_ACCOUNTING' sensor, to_timestamp(to_char(sysdate, 'YYYY-MM-DD hh24:mi:ss'), 'YYYY-MM-DD hh24:mi:ss') entrytime, 'check_id:' || s.check_id key_data FROM (SELECT      check_id check_id  FROM      (          WITH chks AS (              SELECT /*+ materialize */ DISTINCT                  ph.check_id              FROM                  apps.ap_payment_history_all ph              WHERE                  ph.accounting_date BETWEEN ( trunc(sysdate) - 7 ) AND ( trunc(sysdate) + 3 )          )          SELECT aip.check_id,            aip.invoice_id,            ai.invoice_num,            ai.set_of_books_id,            ai.payment_status_flag,            ai.invoice_currency_code,            aid.invoice_line_number,            aid.invoice_distribution_id,            aid.amount,            aid.base_amount     FROM chks,          apps.ap_checks_all ac,          apps.ap_invoice_payments_all aip,          apps.ap_invoice_distributions_all aid,          apps.ap_invoices_all ai,          apps.po_vendors pov,          apps.gl_ledgers gl,          apps.fnd_currencies fc_b,          apps.fnd_currencies fc_i     WHERE ac.check_id = chks.check_id     AND   aid.invoice_id = ai.invoice_id     AND   ai.invoice_id = aip.invoice_id     AND   ai.set_of_books_id = gl.ledger_id     AND   aip.check_id = ac.check_id     AND   pov.vendor_id = ac.vendor_id     AND   pov.vendor_id = ai.vendor_id     AND   trunc(ai.creation_date)  >= (             SELECT min(trunc(creation_date)) FROM apps.ad_applied_patches             WHERE patch_type='MAINTENANCE-PACK'             AND   maint_pack_level LIKE '12.%' )     AND   ai.payment_status_flag = 'Y'     AND   nvl(ai.historical_flag, 'N') = 'N'     AND   gl.currency_code = fc_b.currency_code     AND   fc_i.currency_code = ai.invoice_currency_code     AND   aid.line_type_lookup_code = 'AWT'     AND   aid.base_amount <> round( aid.amount * ai.exchange_rate, fc_b.precision )     AND   NOT EXISTS (             SELECT 1 FROM apps.ap_invoice_distributions_all aid             WHERE aid.invoice_id = ai.invoice_id             AND   aid.prepay_distribution_id is not null)     AND   aid.base_amount <> (             SELECT sum(aphd.invoice_dist_base_amount)             FROM apps.ap_invoice_payments_all aip,                  apps.ap_payment_hist_dists aphd             WHERE aphd.accounting_event_id = aip.accounting_event_id             AND   aip.amount > 0             AND   aip.invoice_id = aid.invoice_id             AND   aphd.invoice_payment_id = aip.invoice_payment_id             AND   aphd.invoice_distribution_id = aid.invoice_distribution_id             AND   aphd.pay_dist_lookup_code = 'AWT')      )  WHERE      ROWNUM < 11  ORDER BY      check_id) s]]>
        </SQLQuery>
        <IsInclude>1</IsInclude>
            <InUse>1</InUse>
            <DBQueryFieldList>
                <DBPatternSeqField>entrytime</DBPatternSeqField>
                <DBPatternField>
                    <DBQueryColName>sensor</DBQueryColName>
                    <FieldName>udfs1</FieldName>
                </DBPatternField>
                <DBPatternField>
                    <DBQueryColName>entrytime</DBQueryColName>
                    <FieldName>time</FieldName>
                </DBPatternField>
                <DBPatternField>
                                        <DBQueryColName>key_data</DBQueryColName>
                                        <FieldName>data</FieldName>
                                   </DBPatternField>
            </DBQueryFieldList>
            <IsSystem>0</IsSystem>
            <IsEnabled>1</IsEnabled>
            </DBPattern>
    </Patterns>
        <TagConditions>
            <TagCondition operator="CONTAINS_REGEX" field="udfs1" alertRuleVisible="0">
                <ConditionValues>
                    <ConditionValue>%</ConditionValue>
                </ConditionValues>
                <ConditionTags tagField="mtag">
                    <ConditionTag>#medium_severity_sensor</ConditionTag>
                </ConditionTags>
                <IsSystem>0</IsSystem>
                <IsEnabled>1</IsEnabled>
            </TagCondition>
        </TagConditions>
        <IsHidden>0</IsHidden>
        <IsSMAEnabled>0</IsSMAEnabled>
    </Source>
    <FieldNameMaps>
        <FieldNameMap>
            <Name>udfs1</Name>
            <DisplayName>sensor</DisplayName>
        </FieldNameMap>
        
    </FieldNameMaps>
</LoganContent>