<?xml version="1.0" encoding="UTF-8"?>
<LoganContent oms_version="2.50.2.0.0" name="content_ocid1.tenancy.oc1..aaaaaaaa5s2vdjjrydixjulorcwozffbpna37w5a35p3jhgpyshlkmio6oiq_1650039506307" content_version="2.50.2.0.0" xmlns="http://www.oracle.com/DataCenter/LogAnalyticsStd">
    <Field oms_version="2.50.2.0.0">
        <DisplayName>sensor</DisplayName>
        <FieldType>1</FieldType>
        <IsSystem>0</IsSystem>
        <IsPrimary>1</IsPrimary>
        <DataType>STRING</DataType>
        <IsMetricKeyEligible>0</IsMetricKeyEligible>
        <IsMetricValueEligible>0</IsMetricValueEligible>
        <FacetEligible>1</FacetEligible>
        <RangeFacetEligible>0</RangeFacetEligible>
        <TableEligible>1</TableEligible>
        <FacetPriority>1</FacetPriority>
        <Summarizable>1</Summarizable>
        <HighCardinality>1</HighCardinality>
        <LargeData>0</LargeData>
        <MultiValued>0</MultiValued>
        <SMAEnabledSetting>0</SMAEnabledSetting>
    </Field>
    
    <Tag>
<Name>#low_severity_sensor</Name>
<DisplayName>Low Severity Sensor</DisplayName>
<IsSystem>0</IsSystem>
<ProblemPriority>LOW</ProblemPriority>
</Tag>
    <Source name="EBS Sensor: FIN GL FAHRCS Segment Value Descriptions - Special Characters - Weekly" oms_version="2.50.2.0.0" configWarningSettings="0">
    <SourceType>database_sql</SourceType>
    <TargetTypes>
        <TargetType>omc_oracle_db_instance</TargetType>
        <TargetType>omc_oracle_pdb</TargetType>
    </TargetTypes>
    <DisplayName>EBS Sensor: FIN GL FAHRCS Segment Value Descriptions - Special Characters - Weekly</DisplayName>
    <Description><![CDATA[Rows returned by the query are invalid. A correction to these invalid rows is required to use  Fusion Accounting Hub]]></Description>
    <IsSystem>0</IsSystem>
    <IsSecureContent>1</IsSecureContent>
    <Patterns>
        <DBPattern dateTimeField="entrytime" dateTimeColumns="entrytime">
        <SQLQuery>
            <![CDATA[select 'ME$EBS_FIN_GL_FAHRCS_SPECIAL_CHARACTERS_SEG_DESCRIPTION' sensor, to_timestamp(to_char(sysdate, 'YYYY-MM-DD hh24:mi:ss'), 'YYYY-MM-DD hh24:mi:ss') entrytime, 'ledger_name:' || s.ledger_name || ', value_set_name:' || s.value_set_name || ', flex_value:' || s.flex_value || ', description:' || s.description || ', error_message:' || s.error_message key_data FROM (SELECT      ledger_name ledger_name,      value_set_name value_set_name,      flex_value flex_value,      description description,      error_message  error_message  FROM      (             SELECT              lgr.name ledger_name,              fvs.flex_value_set_name value_set_name,              val.flex_value flex_value,              val.description description,              'Leading Space detected' error_message          FROM              gl_ledgers lgr,              fnd_id_flex_segments flex_seg,              fnd_flex_value_sets fvs,              fnd_flex_values_vl val          WHERE              lgr.chart_of_accounts_id = flex_seg.id_flex_num          AND              flex_seg.application_id = 101          AND              flex_seg.id_flex_code = 'GL#'          AND              flex_seg.flex_value_set_id = fvs.flex_value_set_id          AND              fvs.flex_value_set_id = val.flex_value_set_id          AND              val.description LIKE ' %'                )  WHERE      1 <= (          SELECT              COUNT(1)          FROM              ad_applied_patches          WHERE              patch_name = '19795559'      )  and rownum<1000) s]]>
        </SQLQuery>
        <IsInclude>1</IsInclude>
            <InUse>1</InUse>
            <DBQueryFieldList>
                <DBPatternSeqField>entrytime</DBPatternSeqField>
                <DBPatternField>
                    <DBQueryColName>sensor</DBQueryColName>
                    <FieldName>udfs1</FieldName>
                </DBPatternField>
                <DBPatternField>
                    <DBQueryColName>entrytime</DBQueryColName>
                    <FieldName>time</FieldName>
                </DBPatternField>
                <DBPatternField>
                                        <DBQueryColName>key_data</DBQueryColName>
                                        <FieldName>data</FieldName>
                                   </DBPatternField>
            </DBQueryFieldList>
            <IsSystem>0</IsSystem>
            <IsEnabled>1</IsEnabled>
            </DBPattern><DBPattern dateTimeField="entrytime" dateTimeColumns="entrytime">
        <SQLQuery>
            <![CDATA[select 'ME$EBS_FIN_GL_FAHRCS_SPECIAL_CHARACTERS_SEG_DESCRIPTION' sensor, to_timestamp(to_char(sysdate, 'YYYY-MM-DD hh24:mi:ss'), 'YYYY-MM-DD hh24:mi:ss') entrytime, 'ledger_name:' || s.ledger_name || ', value_set_name:' || s.value_set_name || ', flex_value:' || s.flex_value || ', description:' || s.description || ', error_message:' || s.error_message key_data FROM (SELECT      ledger_name ledger_name,      value_set_name value_set_name,      flex_value flex_value,      description description,      error_message  error_message  FROM      (    SELECT              lgr.name ledger_name,              fvs.flex_value_set_name value_set_name,              val.flex_value flex_value,              val.description description,              'Trailing Space detected' error_message          FROM              gl_ledgers lgr,              fnd_id_flex_segments flex_seg,              fnd_flex_value_sets fvs,              fnd_flex_values_vl val          WHERE              lgr.chart_of_accounts_id = flex_seg.id_flex_num          AND              flex_seg.application_id = 101          AND              flex_seg.id_flex_code = 'GL#'          AND              flex_seg.flex_value_set_id = fvs.flex_value_set_id          AND              fvs.flex_value_set_id = val.flex_value_set_id          AND              val.description LIKE '% '                )  WHERE      1 <= (          SELECT              COUNT(1)          FROM              ad_applied_patches          WHERE              patch_name = '19795559'      )  and rownum<1000) s]]>
        </SQLQuery>
        <IsInclude>1</IsInclude>
            <InUse>1</InUse>
            <DBQueryFieldList>
                <DBPatternSeqField>entrytime</DBPatternSeqField>
                <DBPatternField>
                    <DBQueryColName>sensor</DBQueryColName>
                    <FieldName>udfs1</FieldName>
                </DBPatternField>
                <DBPatternField>
                    <DBQueryColName>entrytime</DBQueryColName>
                    <FieldName>time</FieldName>
                </DBPatternField>
                <DBPatternField>
                                        <DBQueryColName>key_data</DBQueryColName>
                                        <FieldName>data</FieldName>
                                   </DBPatternField>
            </DBQueryFieldList>
            <IsSystem>0</IsSystem>
            <IsEnabled>1</IsEnabled>
            </DBPattern><DBPattern dateTimeField="entrytime" dateTimeColumns="entrytime">
        <SQLQuery>
            <![CDATA[select 'ME$EBS_FIN_GL_FAHRCS_SPECIAL_CHARACTERS_SEG_DESCRIPTION' sensor, to_timestamp(to_char(sysdate, 'YYYY-MM-DD hh24:mi:ss'), 'YYYY-MM-DD hh24:mi:ss') entrytime, 'ledger_name:' || s.ledger_name || ', value_set_name:' || s.value_set_name || ', flex_value:' || s.flex_value || ', description:' || s.description || ', error_message:' || s.error_message key_data FROM (SELECT      ledger_name ledger_name,      value_set_name value_set_name,      flex_value flex_value,      description description,      error_message  error_message  FROM      (    SELECT              lgr.name ledger_name,              fvs.flex_value_set_name value_set_name,              val.flex_value flex_value,              val.description description,              'Contains a CHARACTER NOT Allowed' error_message          FROM              gl_ledgers lgr,              fnd_id_flex_segments flex_seg,              fnd_flex_value_sets fvs,              fnd_flex_values_vl val          WHERE              lgr.chart_of_accounts_id = flex_seg.id_flex_num          AND              flex_seg.application_id = 101          AND              flex_seg.id_flex_code = 'GL#'          AND              flex_seg.flex_value_set_id = fvs.flex_value_set_id          AND              fvs.flex_value_set_id = val.flex_value_set_id          AND (                  val.description LIKE '%"%'              OR                  val.description LIKE '%[%'              OR                  val.description LIKE '%]%'          )       )  WHERE      1 <= (          SELECT              COUNT(1)          FROM              ad_applied_patches          WHERE              patch_name = '19795559'      )  and rownum<1000) s]]>
        </SQLQuery>
        <IsInclude>1</IsInclude>
            <InUse>1</InUse>
            <DBQueryFieldList>
                <DBPatternSeqField>entrytime</DBPatternSeqField>
                <DBPatternField>
                    <DBQueryColName>sensor</DBQueryColName>
                    <FieldName>udfs1</FieldName>
                </DBPatternField>
                <DBPatternField>
                    <DBQueryColName>entrytime</DBQueryColName>
                    <FieldName>time</FieldName>
                </DBPatternField>
                <DBPatternField>
                                        <DBQueryColName>key_data</DBQueryColName>
                                        <FieldName>data</FieldName>
                                   </DBPatternField>
            </DBQueryFieldList>
            <IsSystem>0</IsSystem>
            <IsEnabled>1</IsEnabled>
            </DBPattern><DBPattern dateTimeField="entrytime" dateTimeColumns="entrytime">
        <SQLQuery>
            <![CDATA[select 'ME$EBS_FIN_GL_FAHRCS_SPECIAL_CHARACTERS_SEG_DESCRIPTION' sensor, to_timestamp(to_char(sysdate, 'YYYY-MM-DD hh24:mi:ss'), 'YYYY-MM-DD hh24:mi:ss') entrytime, 'ledger_name:' || s.ledger_name || ', value_set_name:' || s.value_set_name || ', flex_value:' || s.flex_value || ', description:' || s.description || ', error_message:' || s.error_message key_data FROM (SELECT      ledger_name ledger_name,      value_set_name value_set_name,      flex_value flex_value,      description description,      error_message  error_message  FROM      (    SELECT              lgr.name ledger_name,              fvs.flex_value_set_name value_set_name,              val.flex_value flex_value,              val.description description,              'New Line CHARACTER detected' error_message          FROM              gl_ledgers lgr,              fnd_id_flex_segments flex_seg,              fnd_flex_value_sets fvs,              fnd_flex_values_vl val          WHERE              lgr.chart_of_accounts_id = flex_seg.id_flex_num          AND              flex_seg.application_id = 101          AND              flex_seg.id_flex_code = 'GL#'          AND              flex_seg.flex_value_set_id = fvs.flex_value_set_id          AND              fvs.flex_value_set_id = val.flex_value_set_id          AND              val.description LIKE '%'               ||  CHR(9)               ||  '%'        )  WHERE      1 <= (          SELECT              COUNT(1)          FROM              ad_applied_patches          WHERE              patch_name = '19795559'      )  and rownum<1000) s]]>
        </SQLQuery>
        <IsInclude>1</IsInclude>
            <InUse>1</InUse>
            <DBQueryFieldList>
                <DBPatternSeqField>entrytime</DBPatternSeqField>
                <DBPatternField>
                    <DBQueryColName>sensor</DBQueryColName>
                    <FieldName>udfs1</FieldName>
                </DBPatternField>
                <DBPatternField>
                    <DBQueryColName>entrytime</DBQueryColName>
                    <FieldName>time</FieldName>
                </DBPatternField>
                <DBPatternField>
                                        <DBQueryColName>key_data</DBQueryColName>
                                        <FieldName>data</FieldName>
                                   </DBPatternField>
            </DBQueryFieldList>
            <IsSystem>0</IsSystem>
            <IsEnabled>1</IsEnabled>
            </DBPattern>
    </Patterns>
        <TagConditions>
            <TagCondition operator="CONTAINS_REGEX" field="udfs1" alertRuleVisible="0">
                <ConditionValues>
                    <ConditionValue>%</ConditionValue>
                </ConditionValues>
                <ConditionTags tagField="mtag">
                    <ConditionTag>#low_severity_sensor</ConditionTag>
                </ConditionTags>
                <IsSystem>0</IsSystem>
                <IsEnabled>1</IsEnabled>
            </TagCondition>
        </TagConditions>
        <IsHidden>0</IsHidden>
        <IsSMAEnabled>0</IsSMAEnabled>
    </Source>
    <FieldNameMaps>
        <FieldNameMap>
            <Name>udfs1</Name>
            <DisplayName>sensor</DisplayName>
        </FieldNameMap>
        
    </FieldNameMaps>
</LoganContent>