<?xml version="1.0" encoding="UTF-8"?>
<LoganContent oms_version="2.50.2.0.0" name="content_ocid1.tenancy.oc1..aaaaaaaa5s2vdjjrydixjulorcwozffbpna37w5a35p3jhgpyshlkmio6oiq_1650039506307" content_version="2.50.2.0.0" xmlns="http://www.oracle.com/DataCenter/LogAnalyticsStd">
    <Field oms_version="2.50.2.0.0">
        <DisplayName>sensor</DisplayName>
        <FieldType>1</FieldType>
        <IsSystem>0</IsSystem>
        <IsPrimary>1</IsPrimary>
        <DataType>STRING</DataType>
        <IsMetricKeyEligible>0</IsMetricKeyEligible>
        <IsMetricValueEligible>0</IsMetricValueEligible>
        <FacetEligible>1</FacetEligible>
        <RangeFacetEligible>0</RangeFacetEligible>
        <TableEligible>1</TableEligible>
        <FacetPriority>1</FacetPriority>
        <Summarizable>1</Summarizable>
        <HighCardinality>1</HighCardinality>
        <LargeData>0</LargeData>
        <MultiValued>0</MultiValued>
        <SMAEnabledSetting>0</SMAEnabledSetting>
    </Field>
    
    <Tag>
<Name>#medium_severity_sensor</Name>
<DisplayName>Medium Severity Sensor</DisplayName>
<IsSystem>0</IsSystem>
<ProblemPriority>MEDIUM</ProblemPriority>
</Tag>
    <Source name="EBS Sensor: FIN FCA The VAT Registration Number is not populated in Customer Sites - Weekly" oms_version="2.50.2.0.0" configWarningSettings="0">
    <SourceType>database_sql</SourceType>
    <TargetTypes>
        <TargetType>omc_oracle_db_instance</TargetType>
        <TargetType>omc_oracle_pdb</TargetType>
    </TargetTypes>
    <DisplayName>EBS Sensor: FIN FCA The VAT Registration Number is not populated in Customer Sites - Weekly</DisplayName>
    <Description><![CDATA[The VAT Registration Number is not populated in Customer Sites for which Receivables Transaction is not coming in EMEA VAT Report]]></Description>
    <IsSystem>0</IsSystem>
    <IsSecureContent>1</IsSecureContent>
    <Patterns>
        <DBPattern dateTimeField="entrytime" dateTimeColumns="entrytime">
        <SQLQuery>
            <![CDATA[select 'ME$EBS_FIN_FCA_JE_NULL_VAT_REGISTRATION_SITE' sensor, to_timestamp(to_char(sysdate, 'YYYY-MM-DD hh24:mi:ss'), 'YYYY-MM-DD hh24:mi:ss') entrytime, 'party_site_id:' || s.party_site_id || ', CITY:' || s.CITY || ', COUNTY:' || s.COUNTY || ', registration_number:' || s.registration_number || ', rep_registration_number:' || s.rep_registration_number || ', COUNTRY:' || s.COUNTRY key_data FROM (SELECT hzs.party_site_id party_site_id,  hzl.CITY CITY,  hzl.COUNTY COUNTY,  reg.registration_number registration_number,  ptp.rep_registration_number rep_registration_number,  hzl.COUNTRY COUNTRY  FROM zx_party_tax_profile ptp,  (SELECT  hzcs.party_site_id  FROM hz_cust_acct_sites_all hzcs  ) hzcs,  HZ_PARTY_SITES hzs,  HZ_LOCATIONS hzl,  (SELECT  reg.party_tax_profile_id,  reg.registration_number  FROM zx_registrations reg  ) reg  WHERE ptp.party_id = hzcs.party_site_id  AND hzcs.party_site_id = hzs.party_site_id  AND hzs.LOCATION_ID = hzl.LOCATION_ID  AND ptp.party_type_code = 'THIRD_PARTY_SITE'  AND reg.party_tax_profile_id(+) = ptp.party_tax_profile_id  AND ptp.rep_registration_number IS NULL  AND reg.registration_number IS NULL  And exists (select 1 FROM fnd_product_installations WHERE application_id in (7002, 7003) and status='I')  and rownum<21) s]]>
        </SQLQuery>
        <IsInclude>1</IsInclude>
            <InUse>1</InUse>
            <DBQueryFieldList>
                <DBPatternSeqField>entrytime</DBPatternSeqField>
                <DBPatternField>
                    <DBQueryColName>sensor</DBQueryColName>
                    <FieldName>udfs1</FieldName>
                </DBPatternField>
                <DBPatternField>
                    <DBQueryColName>entrytime</DBQueryColName>
                    <FieldName>time</FieldName>
                </DBPatternField>
                <DBPatternField>
                                        <DBQueryColName>key_data</DBQueryColName>
                                        <FieldName>data</FieldName>
                                   </DBPatternField>
            </DBQueryFieldList>
            <IsSystem>0</IsSystem>
            <IsEnabled>1</IsEnabled>
            </DBPattern>
    </Patterns>
        <TagConditions>
            <TagCondition operator="CONTAINS_REGEX" field="udfs1" alertRuleVisible="0">
                <ConditionValues>
                    <ConditionValue>%</ConditionValue>
                </ConditionValues>
                <ConditionTags tagField="mtag">
                    <ConditionTag>#medium_severity_sensor</ConditionTag>
                </ConditionTags>
                <IsSystem>0</IsSystem>
                <IsEnabled>1</IsEnabled>
            </TagCondition>
        </TagConditions>
        <IsHidden>0</IsHidden>
        <IsSMAEnabled>0</IsSMAEnabled>
    </Source>
    <FieldNameMaps>
        <FieldNameMap>
            <Name>udfs1</Name>
            <DisplayName>sensor</DisplayName>
        </FieldNameMap>
        
    </FieldNameMaps>
</LoganContent>