<?xml version="1.0" encoding="UTF-8"?>
<LoganContent oms_version="2.50.2.0.0" name="content_ocid1.tenancy.oc1..aaaaaaaa5s2vdjjrydixjulorcwozffbpna37w5a35p3jhgpyshlkmio6oiq_1650039506307" content_version="2.50.2.0.0" xmlns="http://www.oracle.com/DataCenter/LogAnalyticsStd">
    <Field oms_version="2.50.2.0.0">
        <DisplayName>sensor</DisplayName>
        <FieldType>1</FieldType>
        <IsSystem>0</IsSystem>
        <IsPrimary>1</IsPrimary>
        <DataType>STRING</DataType>
        <IsMetricKeyEligible>0</IsMetricKeyEligible>
        <IsMetricValueEligible>0</IsMetricValueEligible>
        <FacetEligible>1</FacetEligible>
        <RangeFacetEligible>0</RangeFacetEligible>
        <TableEligible>1</TableEligible>
        <FacetPriority>1</FacetPriority>
        <Summarizable>1</Summarizable>
        <HighCardinality>1</HighCardinality>
        <LargeData>0</LargeData>
        <MultiValued>0</MultiValued>
        <SMAEnabledSetting>0</SMAEnabledSetting>
    </Field>
    
    <Tag>
<Name>#medium_severity_sensor</Name>
<DisplayName>Medium Severity Sensor</DisplayName>
<IsSystem>0</IsSystem>
<ProblemPriority>MEDIUM</ProblemPriority>
</Tag>
    <Source name="EBS Sensor: FIN AP Incorrect base amounts in Foreign currency invoice or payment - Weekly" oms_version="2.50.2.0.0" configWarningSettings="0">
    <SourceType>database_sql</SourceType>
    <TargetTypes>
        <TargetType>omc_oracle_db_instance</TargetType>
        <TargetType>omc_oracle_pdb</TargetType>
    </TargetTypes>
    <DisplayName>EBS Sensor: FIN AP Incorrect base amounts in Foreign currency invoice or payment - Weekly</DisplayName>
    <Description><![CDATA[Checking for Incorrect base amounts]]></Description>
    <IsSystem>0</IsSystem>
    <IsSecureContent>1</IsSecureContent>
    <Patterns>
        <DBPattern dateTimeField="entrytime" dateTimeColumns="entrytime">
        <SQLQuery>
            <![CDATA[select 'ME$EBS_FIN_AP_INCORRECT_BASE_AMOUNT' sensor, to_timestamp(to_char(sysdate, 'YYYY-MM-DD hh24:mi:ss'), 'YYYY-MM-DD hh24:mi:ss') entrytime, 'invoice_id:' || s.invoice_id key_data FROM (SELECT  invoice_id invoice_id  FROM  (  WITH invs AS (  SELECT /*+ materialize */ DISTINCT  invoice_id  FROM  apps.ap_invoice_distributions_all  WHERE  accounting_date BETWEEN ( trunc(sysdate) - 7 ) AND ( trunc(sysdate) + 3 )  ) select /*+ ordered use_nl(ai, asp, aid,aip) */ ai.invoice_id from  invs,  apps.ap_invoices_all ai,  apps.ap_system_parameters_all asp,  apps.ap_invoice_distributions_all aid,  apps.ap_invoice_payments_all aip  WHERE ai.invoice_id = invs.invoice_id  AND ai.invoice_id = aid.invoice_id  AND asp.org_id = ai.org_id  AND asp.base_currency_code <> ai.invoice_currency_code  AND aid.line_type_lookup_code = 'AWT'  AND aid.awt_invoice_payment_id is not null  AND aip.invoice_payment_id = aid.awt_invoice_payment_id  AND aip.exchange_rate is not null  AND aid.base_amount is not null  AND NOT EXISTS (  SELECT 1 FROM apps.ap_invoice_distributions_all aidx  WHERE aidx.invoice_id = aid.invoice_id  AND aidx.related_id = aid.awt_related_id  AND aidx.line_type_lookup_code in ('ERV','TERV'))  AND aid.base_amount <>  (ap_utilities_pkg.ap_round_currency(  aid.amount * aip.exchange_rate,asp.base_currency_code) +  nvl(aid.rounding_amt,0))  AND aid.amount <>  ap_utilities_pkg.ap_round_currency(  (aid.base_amount - nvl(aid.rounding_amt,0))/  aip.exchange_rate, ai.invoice_currency_code)  UNION ALL  SELECT /*+ ordered use_nl(ai, asp, aid) */ ai.invoice_id  FROM invs,  apps.ap_invoices_all ai,  apps.ap_system_parameters_all asp,  apps.ap_invoice_distributions_all aid  WHERE ai.invoice_id = invs.invoice_id  AND nvl(ai.awt_flag,'N') = 'Y'  AND ai.exchange_rate is not null  AND ai.invoice_id = aid.invoice_id  AND asp.org_id = ai.org_id  AND asp.base_currency_code <> ai.invoice_currency_code  AND aid.line_type_lookup_code = 'AWT'  AND aid.awt_invoice_payment_id is null  AND aid.base_amount is not null  AND NOT EXISTS (  SELECT 1 FROM apps.ap_invoice_distributions_all aidx  WHERE aidx.invoice_id = aid.invoice_id  AND aidx.related_id = aid.awt_related_id  AND aidx.line_type_lookup_code in ('ERV','TERV'))  AND aid.base_amount <>  (ap_utilities_pkg.ap_round_currency(  aid.amount * ai.exchange_rate,asp.base_currency_code) +  nvl(aid.rounding_amt,0))  AND aid.amount <>  ap_utilities_pkg.ap_round_currency(  (aid.base_amount - nvl(aid.rounding_amt,0))/ai.exchange_rate,  ai.invoice_currency_code)  )    where ROWNUM < 11  ORDER BY  invoice_id) s]]>
        </SQLQuery>
        <IsInclude>1</IsInclude>
            <InUse>1</InUse>
            <DBQueryFieldList>
                <DBPatternSeqField>entrytime</DBPatternSeqField>
                <DBPatternField>
                    <DBQueryColName>sensor</DBQueryColName>
                    <FieldName>udfs1</FieldName>
                </DBPatternField>
                <DBPatternField>
                    <DBQueryColName>entrytime</DBQueryColName>
                    <FieldName>time</FieldName>
                </DBPatternField>
                <DBPatternField>
                                        <DBQueryColName>key_data</DBQueryColName>
                                        <FieldName>data</FieldName>
                                   </DBPatternField>
            </DBQueryFieldList>
            <IsSystem>0</IsSystem>
            <IsEnabled>1</IsEnabled>
            </DBPattern>
    </Patterns>
        <TagConditions>
            <TagCondition operator="CONTAINS_REGEX" field="udfs1" alertRuleVisible="0">
                <ConditionValues>
                    <ConditionValue>%</ConditionValue>
                </ConditionValues>
                <ConditionTags tagField="mtag">
                    <ConditionTag>#medium_severity_sensor</ConditionTag>
                </ConditionTags>
                <IsSystem>0</IsSystem>
                <IsEnabled>1</IsEnabled>
            </TagCondition>
        </TagConditions>
        <IsHidden>0</IsHidden>
        <IsSMAEnabled>0</IsSMAEnabled>
    </Source>
    <FieldNameMaps>
        <FieldNameMap>
            <Name>udfs1</Name>
            <DisplayName>sensor</DisplayName>
        </FieldNameMap>
        
    </FieldNameMaps>
</LoganContent>