<?xml version="1.0" encoding="UTF-8"?>
<LoganContent oms_version="2.50.2.0.0" name="content_ocid1.tenancy.oc1..aaaaaaaa5s2vdjjrydixjulorcwozffbpna37w5a35p3jhgpyshlkmio6oiq_1650039506307" content_version="2.50.2.0.0" xmlns="http://www.oracle.com/DataCenter/LogAnalyticsStd">
    <Field oms_version="2.50.2.0.0">
        <DisplayName>sensor</DisplayName>
        <FieldType>1</FieldType>
        <IsSystem>0</IsSystem>
        <IsPrimary>1</IsPrimary>
        <DataType>STRING</DataType>
        <IsMetricKeyEligible>0</IsMetricKeyEligible>
        <IsMetricValueEligible>0</IsMetricValueEligible>
        <FacetEligible>1</FacetEligible>
        <RangeFacetEligible>0</RangeFacetEligible>
        <TableEligible>1</TableEligible>
        <FacetPriority>1</FacetPriority>
        <Summarizable>1</Summarizable>
        <HighCardinality>1</HighCardinality>
        <LargeData>0</LargeData>
        <MultiValued>0</MultiValued>
        <SMAEnabledSetting>0</SMAEnabledSetting>
    </Field>
    
    <Tag>
<Name>#medium_severity_sensor</Name>
<DisplayName>Medium Severity Sensor</DisplayName>
<IsSystem>0</IsSystem>
<ProblemPriority>MEDIUM</ProblemPriority>
</Tag>
    <Source name="EBS Sensor: FIN AP Check(s) with Missing/Incorrect References Detected - Weekly" oms_version="2.50.2.0.0" configWarningSettings="0">
    <SourceType>database_sql</SourceType>
    <TargetTypes>
        <TargetType>omc_oracle_db_instance</TargetType>
        <TargetType>omc_oracle_pdb</TargetType>
    </TargetTypes>
    <DisplayName>EBS Sensor: FIN AP Check(s) with Missing/Incorrect References Detected - Weekly</DisplayName>
    <Description><![CDATA[Check data has been identified that has invalid/missing references between the AP invoice, AP payment and IBY payment tables.]]></Description>
    <IsSystem>0</IsSystem>
    <IsSecureContent>1</IsSecureContent>
    <Patterns>
        <DBPattern dateTimeField="entrytime" dateTimeColumns="entrytime">
        <SQLQuery>
            <![CDATA[select 'ME$EBS_FIN_AP_PAYMENTS_W_MISSING_REFERENCES' sensor, to_timestamp(to_char(sysdate, 'YYYY-MM-DD hh24:mi:ss'), 'YYYY-MM-DD hh24:mi:ss') entrytime, 'check_id:' || s.check_id key_data FROM (SELECT /*+ ordered use_nl(aip, ai) */ ac.check_id check_id  FROM (         SELECT DISTINCT ph.check_id         FROM ap_payment_history_all ph         WHERE ph.accounting_date BETWEEN                 (trunc(sysdate) - 7) AND (trunc(sysdate) + 3)       ) chks,       ap_invoice_payments_all aip,       ap_invoices_all ai,       all_sequences seq,       ap_checks_all ac,       ap_payment_history_all aph2  WHERE ai.invoice_id = aip.invoice_id  AND   ai.org_id = aip.org_id  AND   nvl(aip.reversal_flag,'N') <> 'Y'  AND   NOT EXISTS (          SELECT 1 FROM ap_checks_all ac1          WHERE ac1.check_id = aip.check_id)  AND   ac.status_lookup_code NOT IN ('OVERFLOW','SET UP','SPOILED')  AND   nvl(aph2.historical_flag,'N') <> 'Y'  AND   ac.check_id = aph2.check_id(+)  AND   ac.org_id = aip.org_id  AND   ac.vendor_id = ai.vendor_id  AND   ac.vendor_site_id = ai.vendor_site_id  AND   NOT EXISTS (          SELECT /*+ no_unnest */ 1 FROM ap_invoice_payments_all aip1          WHERE ac.check_id = aip1.check_id)  AND   ac.creation_date > (          SELECT MIN(creation_date) FROM ad_bugs          WHERE aru_release_name = 'R12')  AND   seq.sequence_name = 'AP_CHECKS_S'  AND   seq.sequence_owner = 'AP'  AND   ac.check_id BETWEEN (aip.check_id - (seq.cache_size + 1)) AND                            (aip.check_id + (seq.cache_size + 1))  AND   aip.check_id = chks.check_id  AND   rownum < 11  order by check_id) s]]>
        </SQLQuery>
        <IsInclude>1</IsInclude>
            <InUse>1</InUse>
            <DBQueryFieldList>
                <DBPatternSeqField>entrytime</DBPatternSeqField>
                <DBPatternField>
                    <DBQueryColName>sensor</DBQueryColName>
                    <FieldName>udfs1</FieldName>
                </DBPatternField>
                <DBPatternField>
                    <DBQueryColName>entrytime</DBQueryColName>
                    <FieldName>time</FieldName>
                </DBPatternField>
                <DBPatternField>
                                        <DBQueryColName>key_data</DBQueryColName>
                                        <FieldName>data</FieldName>
                                   </DBPatternField>
            </DBQueryFieldList>
            <IsSystem>0</IsSystem>
            <IsEnabled>1</IsEnabled>
            </DBPattern>
    </Patterns>
        <TagConditions>
            <TagCondition operator="CONTAINS_REGEX" field="udfs1" alertRuleVisible="0">
                <ConditionValues>
                    <ConditionValue>%</ConditionValue>
                </ConditionValues>
                <ConditionTags tagField="mtag">
                    <ConditionTag>#medium_severity_sensor</ConditionTag>
                </ConditionTags>
                <IsSystem>0</IsSystem>
                <IsEnabled>1</IsEnabled>
            </TagCondition>
        </TagConditions>
        <IsHidden>0</IsHidden>
        <IsSMAEnabled>0</IsSMAEnabled>
    </Source>
    <FieldNameMaps>
        <FieldNameMap>
            <Name>udfs1</Name>
            <DisplayName>sensor</DisplayName>
        </FieldNameMap>
        
    </FieldNameMaps>
</LoganContent>