<?xml version="1.0" encoding="UTF-8"?>
<LoganContent oms_version="2.50.2.0.0" name="content_ocid1.tenancy.oc1..aaaaaaaa5s2vdjjrydixjulorcwozffbpna37w5a35p3jhgpyshlkmio6oiq_1650039506307" content_version="2.50.2.0.0" xmlns="http://www.oracle.com/DataCenter/LogAnalyticsStd">
    <Field oms_version="2.50.2.0.0">
        <DisplayName>sensor</DisplayName>
        <FieldType>1</FieldType>
        <IsSystem>0</IsSystem>
        <IsPrimary>1</IsPrimary>
        <DataType>STRING</DataType>
        <IsMetricKeyEligible>0</IsMetricKeyEligible>
        <IsMetricValueEligible>0</IsMetricValueEligible>
        <FacetEligible>1</FacetEligible>
        <RangeFacetEligible>0</RangeFacetEligible>
        <TableEligible>1</TableEligible>
        <FacetPriority>1</FacetPriority>
        <Summarizable>1</Summarizable>
        <HighCardinality>1</HighCardinality>
        <LargeData>0</LargeData>
        <MultiValued>0</MultiValued>
        <SMAEnabledSetting>0</SMAEnabledSetting>
    </Field>
    
    <Tag>
<Name>#low_severity_sensor</Name>
<DisplayName>Low Severity Sensor</DisplayName>
<IsSystem>0</IsSystem>
<ProblemPriority>LOW</ProblemPriority>
</Tag>
    <Source name="EBS Sensor: HCM PAY Uncompiled fast formula detected - Weekly" oms_version="2.50.2.0.0" configWarningSettings="0">
    <SourceType>database_sql</SourceType>
    <TargetTypes>
        <TargetType>omc_oracle_db_instance</TargetType>
        <TargetType>omc_oracle_pdb</TargetType>
    </TargetTypes>
    <DisplayName>EBS Sensor: HCM PAY Uncompiled fast formula detected - Weekly</DisplayName>
    <Description><![CDATA[Fast formula uncompiled identified in this instance for installed legislations.]]></Description>
    <IsSystem>0</IsSystem>
    <IsSecureContent>1</IsSecureContent>
    <Patterns>
        <DBPattern dateTimeField="entrytime" dateTimeColumns="entrytime">
        <SQLQuery>
            <![CDATA[select 'ME$EBS_HCM_PAY_UNCOMPILED_FORMULA' sensor, to_timestamp(to_char(sysdate, 'YYYY-MM-DD hh24:mi:ss'), 'YYYY-MM-DD hh24:mi:ss') entrytime, 'formula_name:' || s.formula_name || ', formula_type_name:' || s.formula_type_name || ', effective_start_date:' || s.effective_start_date || ', effective_end_date:' || s.effective_end_date || ', legislation_code:' || s.legislation_code key_data FROM (select  formula_name formula_name,  formula_type_name formula_type_name,  effective_start_date effective_start_date,  effective_end_date effective_end_date,  legislation_code legislation_code  from (  select   ff.formula_id,  ff.formula_name,  fft.formula_type_name,  ff.effective_start_date,  ff.effective_end_date,  ff.legislation_code,  ff.business_group_id,  ff.sticky_flag,  ff.compile_flag,  nvl(to_char(ffc.formula_id),'Not compiled') Comp  from apps.ff_formulas_f ff  , apps.ff_compiled_info_f ffc,  ff_formula_types fft  where ff.formula_id = ffc.formula_id(+)  and ff.effective_start_date = ffc.effective_start_date(+)  and ff.effective_end_date = ffc.effective_end_date(+)  and fft.formula_type_id=ff.formula_type_id  minus  (  select ff.formula_id,  ff.formula_name,  fft.formula_type_name,  ff.effective_start_date,  ff.effective_end_date,  ff.legislation_code,  ff.business_group_id,  ff.sticky_flag,  ff.compile_flag,  nvl(to_char(ffc.formula_id),'Not compiled') Comp  from apps.ff_formulas_f ff  ,apps.ff_compiled_info_f ffc,  ff_formula_types fft  where ff.formula_id = ffc.formula_id  and ff.effective_start_date = ffc.effective_start_date  and ff.effective_end_date = ffc.effective_end_date  and fft.formula_type_id=ff.formula_type_id  ) )  where legislation_code in   (select legislation_code  from hr_legislation_installations  where status = 'I'  and application_short_name='PAY')  and rownum < 2  order by 1) s]]>
        </SQLQuery>
        <IsInclude>1</IsInclude>
            <InUse>1</InUse>
            <DBQueryFieldList>
                <DBPatternSeqField>entrytime</DBPatternSeqField>
                <DBPatternField>
                    <DBQueryColName>sensor</DBQueryColName>
                    <FieldName>udfs1</FieldName>
                </DBPatternField>
                <DBPatternField>
                    <DBQueryColName>entrytime</DBQueryColName>
                    <FieldName>time</FieldName>
                </DBPatternField>
                <DBPatternField>
                                        <DBQueryColName>key_data</DBQueryColName>
                                        <FieldName>data</FieldName>
                                   </DBPatternField>
            </DBQueryFieldList>
            <IsSystem>0</IsSystem>
            <IsEnabled>1</IsEnabled>
            </DBPattern>
    </Patterns>
        <TagConditions>
            <TagCondition operator="CONTAINS_REGEX" field="udfs1" alertRuleVisible="0">
                <ConditionValues>
                    <ConditionValue>%</ConditionValue>
                </ConditionValues>
                <ConditionTags tagField="mtag">
                    <ConditionTag>#low_severity_sensor</ConditionTag>
                </ConditionTags>
                <IsSystem>0</IsSystem>
                <IsEnabled>1</IsEnabled>
            </TagCondition>
        </TagConditions>
        <IsHidden>0</IsHidden>
        <IsSMAEnabled>0</IsSMAEnabled>
    </Source>
    <FieldNameMaps>
        <FieldNameMap>
            <Name>udfs1</Name>
            <DisplayName>sensor</DisplayName>
        </FieldNameMap>
        
    </FieldNameMaps>
</LoganContent>