<?xml version="1.0" encoding="UTF-8"?>
<LoganContent oms_version="2.50.2.0.0" name="content_ocid1.tenancy.oc1..aaaaaaaa5s2vdjjrydixjulorcwozffbpna37w5a35p3jhgpyshlkmio6oiq_1650039506307" content_version="2.50.2.0.0" xmlns="http://www.oracle.com/DataCenter/LogAnalyticsStd">
    <Field oms_version="2.50.2.0.0">
        <DisplayName>sensor</DisplayName>
        <FieldType>1</FieldType>
        <IsSystem>0</IsSystem>
        <IsPrimary>1</IsPrimary>
        <DataType>STRING</DataType>
        <IsMetricKeyEligible>0</IsMetricKeyEligible>
        <IsMetricValueEligible>0</IsMetricValueEligible>
        <FacetEligible>1</FacetEligible>
        <RangeFacetEligible>0</RangeFacetEligible>
        <TableEligible>1</TableEligible>
        <FacetPriority>1</FacetPriority>
        <Summarizable>1</Summarizable>
        <HighCardinality>1</HighCardinality>
        <LargeData>0</LargeData>
        <MultiValued>0</MultiValued>
        <SMAEnabledSetting>0</SMAEnabledSetting>
    </Field>
    
    <Tag>
<Name>#low_severity_sensor</Name>
<DisplayName>Low Severity Sensor</DisplayName>
<IsSystem>0</IsSystem>
<ProblemPriority>LOW</ProblemPriority>
</Tag>
    <Source name="EBS Sensor: FIN GL Error7 - Showing invalid journal entry lines or no journal entry lines - Weekly" oms_version="2.50.2.0.0" configWarningSettings="0">
    <SourceType>database_sql</SourceType>
    <TargetTypes>
        <TargetType>omc_oracle_db_instance</TargetType>
        <TargetType>omc_oracle_pdb</TargetType>
    </TargetTypes>
    <DisplayName>EBS Sensor: FIN GL Error7 - Showing invalid journal entry lines or no journal entry lines - Weekly</DisplayName>
    <Description><![CDATA[Identified journal lines with inactive code combinations.]]></Description>
    <IsSystem>0</IsSystem>
    <IsSecureContent>1</IsSecureContent>
    <Patterns>
        <DBPattern dateTimeField="entrytime" dateTimeColumns="entrytime">
        <SQLQuery>
            <![CDATA[select 'ME$EBS_FIN_GL_POSTING_STATUS_ERROR7' sensor, to_timestamp(to_char(sysdate, 'YYYY-MM-DD hh24:mi:ss'), 'YYYY-MM-DD hh24:mi:ss') entrytime, 'ledger_id:' || s.ledger_id || ', journal_name:' || s.journal_name || ', enabled_flag:' || s.enabled_flag || ', code_combination_range:' || s.code_combination_range || ', concatenated_segments:' || s.concatenated_segments || ', line_no:' || s.line_no key_data FROM (SELECT      ledger_id ledger_id,      name journal_name,      enabled_flag enabled_flag,      code_combination_range code_combination_range,      concatenated_segments concatenated_segments,      line_no line_no  FROM      (          SELECT              gl.ledger_id,              gh.name,              c.enabled_flag,              ( 'Start Date:'               ||  c.start_date_active               ||  ' / End Date:'               ||  c.end_date_active ) code_combination_range,              gcc.concatenated_segments,              l.je_line_num line_no          FROM              gl_je_lines l,              gl_code_combinations c,              gl_ledgers gl,              gl_je_headers gh,              gl_je_batches gb,              gl_code_combinations_kfv gcc          WHERE              gh.status NOT IN (                  'P','U'              )          AND              l.status = 'U'          AND              c.code_combination_id = gcc.code_combination_id          AND              gh.je_header_id = l.je_header_id          AND              gh.je_batch_id = gb.je_batch_id          AND              gl.ledger_id = l.ledger_id          AND              l.creation_date >= SYSDATE - 30          AND              l.code_combination_id = c.code_combination_id          AND (                  c.enabled_flag = 'N'              OR                  l.effective_date NOT BETWEEN nvl(c.start_date_active,l.effective_date) AND nvl(c.end_date_active,'31-DEC-4712')          )      )) s]]>
        </SQLQuery>
        <IsInclude>1</IsInclude>
            <InUse>1</InUse>
            <DBQueryFieldList>
                <DBPatternSeqField>entrytime</DBPatternSeqField>
                <DBPatternField>
                    <DBQueryColName>sensor</DBQueryColName>
                    <FieldName>udfs1</FieldName>
                </DBPatternField>
                <DBPatternField>
                    <DBQueryColName>entrytime</DBQueryColName>
                    <FieldName>time</FieldName>
                </DBPatternField>
                <DBPatternField>
                                        <DBQueryColName>key_data</DBQueryColName>
                                        <FieldName>data</FieldName>
                                   </DBPatternField>
            </DBQueryFieldList>
            <IsSystem>0</IsSystem>
            <IsEnabled>1</IsEnabled>
            </DBPattern>
    </Patterns>
        <TagConditions>
            <TagCondition operator="CONTAINS_REGEX" field="udfs1" alertRuleVisible="0">
                <ConditionValues>
                    <ConditionValue>%</ConditionValue>
                </ConditionValues>
                <ConditionTags tagField="mtag">
                    <ConditionTag>#low_severity_sensor</ConditionTag>
                </ConditionTags>
                <IsSystem>0</IsSystem>
                <IsEnabled>1</IsEnabled>
            </TagCondition>
        </TagConditions>
        <IsHidden>0</IsHidden>
        <IsSMAEnabled>0</IsSMAEnabled>
    </Source>
    <FieldNameMaps>
        <FieldNameMap>
            <Name>udfs1</Name>
            <DisplayName>sensor</DisplayName>
        </FieldNameMap>
        
    </FieldNameMaps>
</LoganContent>