<?xml version="1.0" encoding="UTF-8"?>
<LoganContent oms_version="2.50.2.0.0" name="content_ocid1.tenancy.oc1..aaaaaaaa5s2vdjjrydixjulorcwozffbpna37w5a35p3jhgpyshlkmio6oiq_1650039506307" content_version="2.50.2.0.0" xmlns="http://www.oracle.com/DataCenter/LogAnalyticsStd">
    <Field oms_version="2.50.2.0.0">
        <DisplayName>sensor</DisplayName>
        <FieldType>1</FieldType>
        <IsSystem>0</IsSystem>
        <IsPrimary>1</IsPrimary>
        <DataType>STRING</DataType>
        <IsMetricKeyEligible>0</IsMetricKeyEligible>
        <IsMetricValueEligible>0</IsMetricValueEligible>
        <FacetEligible>1</FacetEligible>
        <RangeFacetEligible>0</RangeFacetEligible>
        <TableEligible>1</TableEligible>
        <FacetPriority>1</FacetPriority>
        <Summarizable>1</Summarizable>
        <HighCardinality>1</HighCardinality>
        <LargeData>0</LargeData>
        <MultiValued>0</MultiValued>
        <SMAEnabledSetting>0</SMAEnabledSetting>
    </Field>
    
    <Tag>
<Name>#medium_severity_sensor</Name>
<DisplayName>Medium Severity Sensor</DisplayName>
<IsSystem>0</IsSystem>
<ProblemPriority>MEDIUM</ProblemPriority>
</Tag>
    <Source name="EBS Sensor: FIN AP Payment Clearing Accounted Incorrectly Causing Difference Between Check Cleared Base Amount - Weekly" oms_version="2.50.2.0.0" configWarningSettings="0">
    <SourceType>database_sql</SourceType>
    <TargetTypes>
        <TargetType>omc_oracle_db_instance</TargetType>
        <TargetType>omc_oracle_pdb</TargetType>
    </TargetTypes>
    <DisplayName>EBS Sensor: FIN AP Payment Clearing Accounted Incorrectly Causing Difference Between Check Cleared Base Amount - Weekly</DisplayName>
    <Description><![CDATA[Checking for Payment Clearing Accounted Incorrectly Causing Difference Between Check Cleared Base Amount]]></Description>
    <IsSystem>0</IsSystem>
    <IsSecureContent>1</IsSecureContent>
    <Patterns>
        <DBPattern dateTimeField="entrytime" dateTimeColumns="entrytime">
        <SQLQuery>
            <![CDATA[select 'ME$EBS_FIN_AP_INCORRECT_PMT_CLEARING_ACCOUNTING' sensor, to_timestamp(to_char(sysdate, 'YYYY-MM-DD hh24:mi:ss'), 'YYYY-MM-DD hh24:mi:ss') entrytime, 'check_id:' || s.check_id key_data FROM (SELECT  check_id check_id  FROM  (  WITH chks AS (  SELECT /*+ materialize */ DISTINCT  ph.check_id  FROM  apps.ap_payment_history_all ph  WHERE  ph.accounting_date BETWEEN ( trunc(sysdate) - 7 ) AND ( trunc(sysdate) + 3 )  )  SELECT ac.check_id,  ac.cleared_base_amount,  aphd.clr_base_amt  FROM chks,  apps.ap_checks_all ac,  apps.ap_payment_history_all aph,  (  SELECT sum(aphd.cleared_base_amount) clr_base_amt,  aph.check_id  FROM apps.ap_payment_hist_dists aphd,  apps.ap_payment_history_all aph  WHERE aphd.accounting_event_id = aph.accounting_event_id  AND aphd.payment_history_id = aph.payment_history_id  AND aph.transaction_type IN ('PAYMENT CLEARING',  'PAYMENT CLEARING ADJUSTED')  AND NOT EXISTS (  SELECT 'unaccounted payment'  FROM apps.ap_payment_history_all aph1  WHERE aph1.check_id = aph.check_id  AND aph1.related_event_id = aph.related_event_id  AND aph1.transaction_type = 'PAYMENT UNCLEARING')  AND aphd.pay_dist_lookup_code IN ('CASH', 'FINAL CASH ROUNDING',  'BANK CHARGE', 'BANK ERROR')  GROUP BY aph.check_id  ) aphd  WHERE ac.check_id = chks.check_id  AND ac.void_date is null  AND ac.check_id = aph.check_id  AND ac.cleared_base_amount is not null  AND NOT EXISTS (  SELECT 'unaccounted payment' FROM apps.ap_payment_history_all aph1  WHERE aph1.check_id = ac.check_id  AND (nvl( aph1.historical_flag, 'N') = 'Y' OR  aph1.posted_flag = 'N'))  AND ac.cleared_base_amount <> aphd.clr_base_amt  AND ac.check_id = aphd.check_id  )  WHERE  ROWNUM < 11  ORDER BY check_id) s]]>
        </SQLQuery>
        <IsInclude>1</IsInclude>
            <InUse>1</InUse>
            <DBQueryFieldList>
                <DBPatternSeqField>entrytime</DBPatternSeqField>
                <DBPatternField>
                    <DBQueryColName>sensor</DBQueryColName>
                    <FieldName>udfs1</FieldName>
                </DBPatternField>
                <DBPatternField>
                    <DBQueryColName>entrytime</DBQueryColName>
                    <FieldName>time</FieldName>
                </DBPatternField>
                <DBPatternField>
                                        <DBQueryColName>key_data</DBQueryColName>
                                        <FieldName>data</FieldName>
                                   </DBPatternField>
            </DBQueryFieldList>
            <IsSystem>0</IsSystem>
            <IsEnabled>1</IsEnabled>
            </DBPattern>
    </Patterns>
        <TagConditions>
            <TagCondition operator="CONTAINS_REGEX" field="udfs1" alertRuleVisible="0">
                <ConditionValues>
                    <ConditionValue>%</ConditionValue>
                </ConditionValues>
                <ConditionTags tagField="mtag">
                    <ConditionTag>#medium_severity_sensor</ConditionTag>
                </ConditionTags>
                <IsSystem>0</IsSystem>
                <IsEnabled>1</IsEnabled>
            </TagCondition>
        </TagConditions>
        <IsHidden>0</IsHidden>
        <IsSMAEnabled>0</IsSMAEnabled>
    </Source>
    <FieldNameMaps>
        <FieldNameMap>
            <Name>udfs1</Name>
            <DisplayName>sensor</DisplayName>
        </FieldNameMap>
        
    </FieldNameMaps>
</LoganContent>