<?xml version="1.0" encoding="UTF-8"?>
<LoganContent oms_version="2.50.2.0.0" name="content_ocid1.tenancy.oc1..aaaaaaaa5s2vdjjrydixjulorcwozffbpna37w5a35p3jhgpyshlkmio6oiq_1650039506307" content_version="2.50.2.0.0" xmlns="http://www.oracle.com/DataCenter/LogAnalyticsStd">
    <Field oms_version="2.50.2.0.0">
        <DisplayName>sensor</DisplayName>
        <FieldType>1</FieldType>
        <IsSystem>0</IsSystem>
        <IsPrimary>1</IsPrimary>
        <DataType>STRING</DataType>
        <IsMetricKeyEligible>0</IsMetricKeyEligible>
        <IsMetricValueEligible>0</IsMetricValueEligible>
        <FacetEligible>1</FacetEligible>
        <RangeFacetEligible>0</RangeFacetEligible>
        <TableEligible>1</TableEligible>
        <FacetPriority>1</FacetPriority>
        <Summarizable>1</Summarizable>
        <HighCardinality>1</HighCardinality>
        <LargeData>0</LargeData>
        <MultiValued>0</MultiValued>
        <SMAEnabledSetting>0</SMAEnabledSetting>
    </Field>
    
    <Tag>
<Name>#medium_severity_sensor</Name>
<DisplayName>Medium Severity Sensor</DisplayName>
<IsSystem>0</IsSystem>
<ProblemPriority>MEDIUM</ProblemPriority>
</Tag>
    <Source name="EBS Sensor: MFG PO PO stuck with error:ORA-20002:3203: Attribute NOTE R Does Not Exist For Notification nnn - Weekly" oms_version="2.50.2.0.0" configWarningSettings="0">
    <SourceType>database_sql</SourceType>
    <TargetTypes>
        <TargetType>omc_oracle_db_instance</TargetType>
        <TargetType>omc_oracle_pdb</TargetType>
    </TargetTypes>
    <DisplayName>EBS Sensor: MFG PO PO stuck with error:ORA-20002:3203: Attribute NOTE R Does Not Exist For Notification nnn - Weekly</DisplayName>
    <Description><![CDATA[ORA-20002:3203: Attribute 'NOTE_R' does not exist for notification '5045202'. ORA-06512: at "APPS.WF_NOTIFICATION",line 1251]]></Description>
    <IsSystem>0</IsSystem>
    <IsSecureContent>1</IsSecureContent>
    <Patterns>
        <DBPattern dateTimeField="entrytime" dateTimeColumns="entrytime">
        <SQLQuery>
            <![CDATA[select 'ME$EBS_MFG_PO_ATTRIBUTE_NOTE_R_MISSING' sensor, to_timestamp(to_char(sysdate, 'YYYY-MM-DD hh24:mi:ss'), 'YYYY-MM-DD hh24:mi:ss') entrytime, 'NOTIFICATION_ID:' || s.NOTIFICATION_ID || ', MESSAGE_TYPE:' || s.MESSAGE_TYPE || ', MESSAGE_NAME:' || s.MESSAGE_NAME || ', STATUS:' || s.STATUS || ', MAIL_STATUS:' || s.MAIL_STATUS || ', SUBJECT:' || s.SUBJECT key_data FROM (select NOTIFICATION_ID NOTIFICATION_ID, MESSAGE_TYPE MESSAGE_TYPE, MESSAGE_NAME MESSAGE_NAME, STATUS STATUS, MAIL_STATUS MAIL_STATUS, SUBJECT SUBJECT from  (SELECT NOTIFICATION_ID, GROUP_ID, MESSAGE_TYPE, MESSAGE_NAME, RECIPIENT_ROLE, STATUS, MAIL_STATUS, FROM_USER, TO_USER, SUBJECT, ITEM_KEY  FROM wf_notifications wn     WHERE wn.message_name IN ( 'PO_PO_APPROVE', 'PO_PO_APPROVE_PDF', 'PO_PO_REMINDER_1', 'PO_PO_REMINDER_2' )     AND wn.status = 'OPEN'     MINUS     SELECT wn.NOTIFICATION_ID, wn.GROUP_ID, wn.MESSAGE_TYPE, wn.MESSAGE_NAME, wn.RECIPIENT_ROLE, wn.STATUS, wn.MAIL_STATUS, wn.FROM_USER, wn.TO_USER, wn.SUBJECT, wn.ITEM_KEY     FROM wf_notifications wn,     wf_notification_attributes wia     WHERE     wn.message_name IN ( 'PO_PO_APPROVE', 'PO_PO_APPROVE_PDF', 'PO_PO_REMINDER_1', 'PO_PO_REMINDER_2' )     AND wn.status = 'OPEN'     AND wn.notification_id=wia.notification_id AND NAME='NOTE_R'     order by notification_id desc  )  where rownum < 1000) s]]>
        </SQLQuery>
        <IsInclude>1</IsInclude>
            <InUse>1</InUse>
            <DBQueryFieldList>
                <DBPatternSeqField>entrytime</DBPatternSeqField>
                <DBPatternField>
                    <DBQueryColName>sensor</DBQueryColName>
                    <FieldName>udfs1</FieldName>
                </DBPatternField>
                <DBPatternField>
                    <DBQueryColName>entrytime</DBQueryColName>
                    <FieldName>time</FieldName>
                </DBPatternField>
                <DBPatternField>
                                        <DBQueryColName>key_data</DBQueryColName>
                                        <FieldName>data</FieldName>
                                   </DBPatternField>
            </DBQueryFieldList>
            <IsSystem>0</IsSystem>
            <IsEnabled>1</IsEnabled>
            </DBPattern>
    </Patterns>
        <TagConditions>
            <TagCondition operator="CONTAINS_REGEX" field="udfs1" alertRuleVisible="0">
                <ConditionValues>
                    <ConditionValue>%</ConditionValue>
                </ConditionValues>
                <ConditionTags tagField="mtag">
                    <ConditionTag>#medium_severity_sensor</ConditionTag>
                </ConditionTags>
                <IsSystem>0</IsSystem>
                <IsEnabled>1</IsEnabled>
            </TagCondition>
        </TagConditions>
        <IsHidden>0</IsHidden>
        <IsSMAEnabled>0</IsSMAEnabled>
    </Source>
    <FieldNameMaps>
        <FieldNameMap>
            <Name>udfs1</Name>
            <DisplayName>sensor</DisplayName>
        </FieldNameMap>
        
    </FieldNameMaps>
</LoganContent>