<?xml version="1.0" encoding="UTF-8"?>
<LoganContent oms_version="2.50.2.0.0" name="content_ocid1.tenancy.oc1..aaaaaaaa5s2vdjjrydixjulorcwozffbpna37w5a35p3jhgpyshlkmio6oiq_1650039506307" content_version="2.50.2.0.0" xmlns="http://www.oracle.com/DataCenter/LogAnalyticsStd">
    <Field oms_version="2.50.2.0.0">
        <DisplayName>sensor</DisplayName>
        <FieldType>1</FieldType>
        <IsSystem>0</IsSystem>
        <IsPrimary>1</IsPrimary>
        <DataType>STRING</DataType>
        <IsMetricKeyEligible>0</IsMetricKeyEligible>
        <IsMetricValueEligible>0</IsMetricValueEligible>
        <FacetEligible>1</FacetEligible>
        <RangeFacetEligible>0</RangeFacetEligible>
        <TableEligible>1</TableEligible>
        <FacetPriority>1</FacetPriority>
        <Summarizable>1</Summarizable>
        <HighCardinality>1</HighCardinality>
        <LargeData>0</LargeData>
        <MultiValued>0</MultiValued>
        <SMAEnabledSetting>0</SMAEnabledSetting>
    </Field>
    
    <Tag>
<Name>#medium_severity_sensor</Name>
<DisplayName>Medium Severity Sensor</DisplayName>
<IsSystem>0</IsSystem>
<ProblemPriority>MEDIUM</ProblemPriority>
</Tag>
    <Source name="EBS Sensor: FIN AP Transactions fail to account in the secondary ledger - Weekly" oms_version="2.50.2.0.0" configWarningSettings="0">
    <SourceType>database_sql</SourceType>
    <TargetTypes>
        <TargetType>omc_oracle_db_instance</TargetType>
        <TargetType>omc_oracle_pdb</TargetType>
    </TargetTypes>
    <DisplayName>EBS Sensor: FIN AP Transactions fail to account in the secondary ledger - Weekly</DisplayName>
    <Description><![CDATA[Checking for Transactions which fail to account in the secondary ledger, giving the error "Subledger Journal Entry Does Not Balance In Entered Currency"]]></Description>
    <IsSystem>0</IsSystem>
    <IsSecureContent>1</IsSecureContent>
    <Patterns>
        <DBPattern dateTimeField="entrytime" dateTimeColumns="entrytime">
        <SQLQuery>
            <![CDATA[select 'ME$EBS_FIN_AP_FAIL_TO_ACCOUNT_SECONDARY_LEDGER' sensor, to_timestamp(to_char(sysdate, 'YYYY-MM-DD hh24:mi:ss'), 'YYYY-MM-DD hh24:mi:ss') entrytime, 'invoice_id:' || s.invoice_id key_data FROM (SELECT invoice_id invoice_id  FROM   (WITH invs AS (   SELECT /*+ materialize */ DISTINCT invoice_id FROM  apps.ap_invoice_distributions_all WHERE accounting_date BETWEEN   ( trunc(sysdate) - 7 ) AND ( trunc(sysdate) + 3 ))          SELECT              ai.invoice_id,              ai.invoice_num,              xah.ae_header_id,              xah.ledger_id,              xah.entity_id,              xah.event_type_code,              xah.accounting_date,              xah.gl_transfer_status_code,              xah.je_category_name,              xah.accounting_entry_status_code,              xah.accounting_entry_type_code,              xah.accounting_batch_id,              xah.balance_type_code,              xah.period_name,              xah.group_id,              xah.upg_batch_id,              xah.request_id          FROM              invs,              apps.ap_invoices_all ai,              apps.xla_transaction_entities xte,              apps.xla_ae_headers xah          WHERE                  ai.invoice_id = invs.invoice_id              AND xte.ledger_id = ai.set_of_books_id              AND xte.entity_code = 'AP_INVOICES'              AND nvl(xte.source_id_int_1, - 99) = ai.invoice_id              AND xah.application_id = 200              AND xte.application_id = 200              AND xah.entity_id = xte.entity_id              AND xah.accounting_batch_id IS NULL              AND xah.upg_source_application_id = - 602              AND xah.accounting_entry_status_code = 'F'              AND xah.ledger_id IN ( SELECT DISTINCT gl.ledger_id                   FROM apps.gl_ledgers gl, apps.gl_ledger_relationships glr1, apps.gl_ledger_relationships glr2, apps.gl_ledger_relationships glr3                  WHERE glr3.source_ledger_id = ai.set_of_books_id                      AND glr3.source_ledger_id = glr2.primary_ledger_id                      AND glr2.target_ledger_id = glr1.primary_ledger_id                      AND gl.ledger_id = glr1.source_ledger_id                      AND gl.ledger_category_code != 'PRIMARY')              AND EXISTS (SELECT                      1                  FROM                      apps.xla_distribution_links xdl                  WHERE                          xdl.application_id = 200                      AND xdl.ae_header_id = xah.ae_header_id                      AND xdl.event_id = xah.event_id                      AND nvl(xdl.calculate_acctd_amts_flag, 'N') = 'N'              )      )  WHERE ROWNUM < 11  ORDER BY invoice_id  ) s]]>
        </SQLQuery>
        <IsInclude>1</IsInclude>
            <InUse>1</InUse>
            <DBQueryFieldList>
                <DBPatternSeqField>entrytime</DBPatternSeqField>
                <DBPatternField>
                    <DBQueryColName>sensor</DBQueryColName>
                    <FieldName>udfs1</FieldName>
                </DBPatternField>
                <DBPatternField>
                    <DBQueryColName>entrytime</DBQueryColName>
                    <FieldName>time</FieldName>
                </DBPatternField>
                <DBPatternField>
                                        <DBQueryColName>key_data</DBQueryColName>
                                        <FieldName>data</FieldName>
                                   </DBPatternField>
            </DBQueryFieldList>
            <IsSystem>0</IsSystem>
            <IsEnabled>1</IsEnabled>
            </DBPattern>
    </Patterns>
        <TagConditions>
            <TagCondition operator="CONTAINS_REGEX" field="udfs1" alertRuleVisible="0">
                <ConditionValues>
                    <ConditionValue>%</ConditionValue>
                </ConditionValues>
                <ConditionTags tagField="mtag">
                    <ConditionTag>#medium_severity_sensor</ConditionTag>
                </ConditionTags>
                <IsSystem>0</IsSystem>
                <IsEnabled>1</IsEnabled>
            </TagCondition>
        </TagConditions>
        <IsHidden>0</IsHidden>
        <IsSMAEnabled>0</IsSMAEnabled>
    </Source>
    <FieldNameMaps>
        <FieldNameMap>
            <Name>udfs1</Name>
            <DisplayName>sensor</DisplayName>
        </FieldNameMap>
        
    </FieldNameMaps>
</LoganContent>