<?xml version="1.0" encoding="UTF-8"?>
<LoganContent oms_version="2.50.2.0.0" name="content_ocid1.tenancy.oc1..aaaaaaaa5s2vdjjrydixjulorcwozffbpna37w5a35p3jhgpyshlkmio6oiq_1650039506307" content_version="2.50.2.0.0" xmlns="http://www.oracle.com/DataCenter/LogAnalyticsStd">
    <Field oms_version="2.50.2.0.0">
        <DisplayName>sensor</DisplayName>
        <FieldType>1</FieldType>
        <IsSystem>0</IsSystem>
        <IsPrimary>1</IsPrimary>
        <DataType>STRING</DataType>
        <IsMetricKeyEligible>0</IsMetricKeyEligible>
        <IsMetricValueEligible>0</IsMetricValueEligible>
        <FacetEligible>1</FacetEligible>
        <RangeFacetEligible>0</RangeFacetEligible>
        <TableEligible>1</TableEligible>
        <FacetPriority>1</FacetPriority>
        <Summarizable>1</Summarizable>
        <HighCardinality>1</HighCardinality>
        <LargeData>0</LargeData>
        <MultiValued>0</MultiValued>
        <SMAEnabledSetting>0</SMAEnabledSetting>
    </Field>
    
    <Tag>
<Name>#medium_severity_sensor</Name>
<DisplayName>Medium Severity Sensor</DisplayName>
<IsSystem>0</IsSystem>
<ProblemPriority>MEDIUM</ProblemPriority>
</Tag>
    <Source name="EBS Sensor: FIN AP Assets tracking flag set incorrectly on matched distributions - Weekly" oms_version="2.50.2.0.0" configWarningSettings="0">
    <SourceType>database_sql</SourceType>
    <TargetTypes>
        <TargetType>omc_oracle_db_instance</TargetType>
        <TargetType>omc_oracle_pdb</TargetType>
    </TargetTypes>
    <DisplayName>EBS Sensor: FIN AP Assets tracking flag set incorrectly on matched distributions - Weekly</DisplayName>
    <Description><![CDATA[Invoice distribution on which the asset_tracking_flag has been incorrectly unchecked when the GL Date is changed on the invoice header.]]></Description>
    <IsSystem>0</IsSystem>
    <IsSecureContent>1</IsSecureContent>
    <Patterns>
        <DBPattern dateTimeField="entrytime" dateTimeColumns="entrytime">
        <SQLQuery>
            <![CDATA[select 'ME$EBS_FIN_AP_SET_ASSETSTRACK_FLAG' sensor, to_timestamp(to_char(sysdate, 'YYYY-MM-DD hh24:mi:ss'), 'YYYY-MM-DD hh24:mi:ss') entrytime, 'invoice_id:' || s.invoice_id key_data FROM (SELECT /*+ leading(invs) */ aid.invoice_id invoice_id       FROM ( SELECT DISTINCT invoice_id FROM ap_invoice_distributions_all WHERE accounting_date        BETWEEN (trunc(sysdate) - 7) AND (trunc(sysdate) + 3) ) invs,            ap_invoice_distributions_all aid,            ap_invoice_lines_all ail,            po_distributions_all pd,            gl_code_combinations gcc_po,            gl_code_combinations gcc_inv       WHERE aid.invoice_id = invs.invoice_id       AND   pd.po_distribution_id = aid.po_distribution_id       AND   ail.invoice_id  = aid.invoice_id       AND   ail.line_number = aid.invoice_line_number       AND   gcc_po.code_combination_id = pd.code_combination_id       AND   gcc_inv.code_combination_id= aid.dist_code_combination_id       AND   aid.assets_tracking_flag = 'N'       AND   aid.line_type_lookup_code NOT IN ('NONREC_TAX',               'REC_TAX','TRV','TIPV','TERV')       AND   ((pd.accrue_on_receipt_flag = 'Y' AND               gcc_po.account_type IN ('A','E')) OR              (pd.accrue_on_receipt_flag = 'N' AND               gcc_inv.account_type IN('A','E')))       AND   ((nvl(aid.assets_tracking_flag,'X') <>                 decode(pd.accrue_on_receipt_flag,                   'Y', (decode(gcc_po.account_type,                          'E',nvl(ail.assets_tracking_flag,'N'),                          'A','Y',                          'N')),                   'N', (decode(gcc_inv.account_type,                          'E',nvl(ail.assets_tracking_flag,'N'),                          'A','Y',                          'N')),                   'N')) OR              (aid.assets_tracking_flag = 'Y' AND               aid.assets_addition_flag <> 'U'))  AND rownum < 11  order by invoice_id) s]]>
        </SQLQuery>
        <IsInclude>1</IsInclude>
            <InUse>1</InUse>
            <DBQueryFieldList>
                <DBPatternSeqField>entrytime</DBPatternSeqField>
                <DBPatternField>
                    <DBQueryColName>sensor</DBQueryColName>
                    <FieldName>udfs1</FieldName>
                </DBPatternField>
                <DBPatternField>
                    <DBQueryColName>entrytime</DBQueryColName>
                    <FieldName>time</FieldName>
                </DBPatternField>
                <DBPatternField>
                                        <DBQueryColName>key_data</DBQueryColName>
                                        <FieldName>data</FieldName>
                                   </DBPatternField>
            </DBQueryFieldList>
            <IsSystem>0</IsSystem>
            <IsEnabled>1</IsEnabled>
            </DBPattern>
    </Patterns>
        <TagConditions>
            <TagCondition operator="CONTAINS_REGEX" field="udfs1" alertRuleVisible="0">
                <ConditionValues>
                    <ConditionValue>%</ConditionValue>
                </ConditionValues>
                <ConditionTags tagField="mtag">
                    <ConditionTag>#medium_severity_sensor</ConditionTag>
                </ConditionTags>
                <IsSystem>0</IsSystem>
                <IsEnabled>1</IsEnabled>
            </TagCondition>
        </TagConditions>
        <IsHidden>0</IsHidden>
        <IsSMAEnabled>0</IsSMAEnabled>
    </Source>
    <FieldNameMaps>
        <FieldNameMap>
            <Name>udfs1</Name>
            <DisplayName>sensor</DisplayName>
        </FieldNameMap>
        
    </FieldNameMaps>
</LoganContent>