<?xml version="1.0" encoding="UTF-8"?>
<LoganContent oms_version="2.50.2.0.0" name="content_ocid1.tenancy.oc1..aaaaaaaa5s2vdjjrydixjulorcwozffbpna37w5a35p3jhgpyshlkmio6oiq_1650039506307" content_version="2.50.2.0.0" xmlns="http://www.oracle.com/DataCenter/LogAnalyticsStd">
    <Field oms_version="2.50.2.0.0">
        <DisplayName>sensor</DisplayName>
        <FieldType>1</FieldType>
        <IsSystem>0</IsSystem>
        <IsPrimary>1</IsPrimary>
        <DataType>STRING</DataType>
        <IsMetricKeyEligible>0</IsMetricKeyEligible>
        <IsMetricValueEligible>0</IsMetricValueEligible>
        <FacetEligible>1</FacetEligible>
        <RangeFacetEligible>0</RangeFacetEligible>
        <TableEligible>1</TableEligible>
        <FacetPriority>1</FacetPriority>
        <Summarizable>1</Summarizable>
        <HighCardinality>1</HighCardinality>
        <LargeData>0</LargeData>
        <MultiValued>0</MultiValued>
        <SMAEnabledSetting>0</SMAEnabledSetting>
    </Field>
    
    <Tag>
<Name>#medium_severity_sensor</Name>
<DisplayName>Medium Severity Sensor</DisplayName>
<IsSystem>0</IsSystem>
<ProblemPriority>MEDIUM</ProblemPriority>
</Tag>
    <Source name="EBS Sensor: MFG VCP Plan Partition Corruption - Weekly" oms_version="2.50.2.0.0" configWarningSettings="0">
    <SourceType>database_sql</SourceType>
    <TargetTypes>
        <TargetType>omc_oracle_db_instance</TargetType>
        <TargetType>omc_oracle_pdb</TargetType>
    </TargetTypes>
    <DisplayName>EBS Sensor: MFG VCP Plan Partition Corruption - Weekly</DisplayName>
    <Description><![CDATA[There are Plan Partitions that exist in ALL_TAB_PARTITIONS but do not exist in MSC_PLAN_PARTITIONS]]></Description>
    <IsSystem>0</IsSystem>
    <IsSecureContent>1</IsSecureContent>
    <Patterns>
        <DBPattern dateTimeField="entrytime" dateTimeColumns="entrytime">
        <SQLQuery>
            <![CDATA[select 'ME$EBS_MFG_VCP_PLAN_PARTITIONS_IN_ALL_TAB_PARTITIONS_MISSING_MSC' sensor, to_timestamp(to_char(sysdate, 'YYYY-MM-DD hh24:mi:ss'), 'YYYY-MM-DD hh24:mi:ss') entrytime, 'partition_name:' || s.partition_name || ', Type:' || s.Type || ', table_name:' || s.table_name || ', PARTITION_NAME:' || s.PARTITION_NAME key_data FROM (select Partition_Number partition_name, partition_type Type, table_name table_name, PARTITION_NAME PARTITION_NAME  from (  select distinct substr(partition_name,instr(partition_name,'_',-1,1)+1) Partition_Number, DECODE(INSTR(partition_name,'__'),0,'PLAN','INST') Partition_Type,  table_name,  PARTITION_NAME  from all_tab_partitions  where table_name like 'MSC_%'  AND table_name not like 'MSC%F'  and table_name not like '%ST_%'  and table_name NOT IN ('MSC_APCC_PEG_ITEM_D','MSC_APCC_ITEM_D','MSC_DEMANDS_CUSTOM',  'MSC_RESOURCE_HIERARCHY_MV','MSC_ITEM_HIERARCHY_MV','MSC_SINGLE_LVL_PEG')  and table_name NOT LIKE ('MSC%F')  and DECODE(INSTR(partition_name,'__'),0,'PLAN','INST') = 'PLAN'  and TO_NUMBER(substr(partition_name,instr(partition_name,'_',-1,1)+1)) != ALL(select distinct PLAN_ID from apps.msc_plan_partitions)  and substr(partition_name,instr(partition_name,'_',-1,1)+1) NOT IN ('0','999999'))  where rownum = 1) s]]>
        </SQLQuery>
        <IsInclude>1</IsInclude>
            <InUse>1</InUse>
            <DBQueryFieldList>
                <DBPatternSeqField>entrytime</DBPatternSeqField>
                <DBPatternField>
                    <DBQueryColName>sensor</DBQueryColName>
                    <FieldName>udfs1</FieldName>
                </DBPatternField>
                <DBPatternField>
                    <DBQueryColName>entrytime</DBQueryColName>
                    <FieldName>time</FieldName>
                </DBPatternField>
                <DBPatternField>
                                        <DBQueryColName>key_data</DBQueryColName>
                                        <FieldName>data</FieldName>
                                   </DBPatternField>
            </DBQueryFieldList>
            <IsSystem>0</IsSystem>
            <IsEnabled>1</IsEnabled>
            </DBPattern>
    </Patterns>
        <TagConditions>
            <TagCondition operator="CONTAINS_REGEX" field="udfs1" alertRuleVisible="0">
                <ConditionValues>
                    <ConditionValue>%</ConditionValue>
                </ConditionValues>
                <ConditionTags tagField="mtag">
                    <ConditionTag>#medium_severity_sensor</ConditionTag>
                </ConditionTags>
                <IsSystem>0</IsSystem>
                <IsEnabled>1</IsEnabled>
            </TagCondition>
        </TagConditions>
        <IsHidden>0</IsHidden>
        <IsSMAEnabled>0</IsSMAEnabled>
    </Source>
    <FieldNameMaps>
        <FieldNameMap>
            <Name>udfs1</Name>
            <DisplayName>sensor</DisplayName>
        </FieldNameMap>
        
    </FieldNameMaps>
</LoganContent>