<?xml version="1.0" encoding="UTF-8"?>
<LoganContent oms_version="2.50.2.0.0" name="content_ocid1.tenancy.oc1..aaaaaaaa5s2vdjjrydixjulorcwozffbpna37w5a35p3jhgpyshlkmio6oiq_1650039506307" content_version="2.50.2.0.0" xmlns="http://www.oracle.com/DataCenter/LogAnalyticsStd">
    <Field oms_version="2.50.2.0.0">
        <DisplayName>sensor</DisplayName>
        <FieldType>1</FieldType>
        <IsSystem>0</IsSystem>
        <IsPrimary>1</IsPrimary>
        <DataType>STRING</DataType>
        <IsMetricKeyEligible>0</IsMetricKeyEligible>
        <IsMetricValueEligible>0</IsMetricValueEligible>
        <FacetEligible>1</FacetEligible>
        <RangeFacetEligible>0</RangeFacetEligible>
        <TableEligible>1</TableEligible>
        <FacetPriority>1</FacetPriority>
        <Summarizable>1</Summarizable>
        <HighCardinality>1</HighCardinality>
        <LargeData>0</LargeData>
        <MultiValued>0</MultiValued>
        <SMAEnabledSetting>0</SMAEnabledSetting>
    </Field>
    
    <Tag>
<Name>#medium_severity_sensor</Name>
<DisplayName>Medium Severity Sensor</DisplayName>
<IsSystem>0</IsSystem>
<ProblemPriority>MEDIUM</ProblemPriority>
</Tag>
    <Source name="EBS Sensor: FIN PA Tasks Missing from Work Plan Tables for Fully Shared Structures with Versioning Disabled - Weekly" oms_version="2.50.2.0.0" configWarningSettings="0">
    <SourceType>database_sql</SourceType>
    <TargetTypes>
        <TargetType>omc_oracle_db_instance</TargetType>
        <TargetType>omc_oracle_pdb</TargetType>
    </TargetTypes>
    <DisplayName>EBS Sensor: FIN PA Tasks Missing from Work Plan Tables for Fully Shared Structures with Versioning Disabled - Weekly</DisplayName>
    <Description><![CDATA[Financial structure tasks are missing in the workplan preventing the publishing of the workplan and collection of progress.]]></Description>
    <IsSystem>0</IsSystem>
    <IsSecureContent>1</IsSecureContent>
    <Patterns>
        <DBPattern dateTimeField="entrytime" dateTimeColumns="entrytime">
        <SQLQuery>
            <![CDATA[select 'ME$EBS_FIN_PA_WP_TASK_MIS_SHARE_VERD' sensor, to_timestamp(to_char(sysdate, 'YYYY-MM-DD hh24:mi:ss'), 'YYYY-MM-DD hh24:mi:ss') entrytime, 'project_number:' || s.project_number || ', structure_version_id:' || s.structure_version_id || ', project_id:' || s.project_id key_data FROM (SELECT p.project_id project_id,         p.segment1 project_number,         p.str_vers_id structure_version_id  FROM (    SELECT p.project_id,           p.segment1,           pa_project_structure_utils.get_latest_fin_struc_ver_id(p.project_id) str_vers_id    FROM pa_projects_all p,         pa_project_statuses ps    WHERE p.project_status_code = ps.project_status_code    AND   ps.project_system_status_code != 'CLOSED'    AND   ps.status_type = 'PROJECT'    AND   trunc(SYSDATE) BETWEEN            ps.start_date_active AND            nvl(ps.end_date_active, trunc(SYSDATE))    AND   p.structure_sharing_code = 'SHARE_FULL'    AND   pa_workplan_attr_utils.check_wp_versioning_enabled(p.project_id) = 'N'    ) p  WHERE p.project_id IN (          SELECT t.project_id          FROM pa_tasks t,               pa_proj_element_versions pev,               pa_proj_elements pe          WHERE t.project_id = p.project_id          AND   p.str_vers_id = pev.parent_structure_version_id(+)          AND   t.project_id = pev.project_id(+)          AND   t.task_id = pev.proj_element_id(+)          AND   t.project_id = pe.project_id(+)          AND   t.task_id = pe.proj_element_id(+)          AND   (pev.proj_element_id is null OR                 pe.proj_element_id is null)          UNION          SELECT pe.project_id          FROM pa_tasks t,               pa_proj_element_versions pev,               pa_proj_elements pe          WHERE pe.project_id = p.project_id          AND   pe.object_type = 'PA_TASKS'          AND   pe.link_task_flag = 'N'          AND   pe.project_id = pev.project_id          AND   pe.proj_element_id = pev.proj_element_id          AND   pev.parent_structure_version_id = p.str_vers_id          AND   pe.project_id = t.project_id (+)          AND   pe.proj_element_id = t.task_id (+)          AND   t.task_id is null          AND   t.creation_date >= SYSDATE - 7    )  AND   rownum <= 6) s]]>
        </SQLQuery>
        <IsInclude>1</IsInclude>
            <InUse>1</InUse>
            <DBQueryFieldList>
                <DBPatternSeqField>entrytime</DBPatternSeqField>
                <DBPatternField>
                    <DBQueryColName>sensor</DBQueryColName>
                    <FieldName>udfs1</FieldName>
                </DBPatternField>
                <DBPatternField>
                    <DBQueryColName>entrytime</DBQueryColName>
                    <FieldName>time</FieldName>
                </DBPatternField>
                <DBPatternField>
                                        <DBQueryColName>key_data</DBQueryColName>
                                        <FieldName>data</FieldName>
                                   </DBPatternField>
            </DBQueryFieldList>
            <IsSystem>0</IsSystem>
            <IsEnabled>1</IsEnabled>
            </DBPattern>
    </Patterns>
        <TagConditions>
            <TagCondition operator="CONTAINS_REGEX" field="udfs1" alertRuleVisible="0">
                <ConditionValues>
                    <ConditionValue>%</ConditionValue>
                </ConditionValues>
                <ConditionTags tagField="mtag">
                    <ConditionTag>#medium_severity_sensor</ConditionTag>
                </ConditionTags>
                <IsSystem>0</IsSystem>
                <IsEnabled>1</IsEnabled>
            </TagCondition>
        </TagConditions>
        <IsHidden>0</IsHidden>
        <IsSMAEnabled>0</IsSMAEnabled>
    </Source>
    <FieldNameMaps>
        <FieldNameMap>
            <Name>udfs1</Name>
            <DisplayName>sensor</DisplayName>
        </FieldNameMap>
        
    </FieldNameMaps>
</LoganContent>