<?xml version="1.0" encoding="UTF-8"?>
<LoganContent oms_version="2.50.2.0.0" name="content_ocid1.tenancy.oc1..aaaaaaaa5s2vdjjrydixjulorcwozffbpna37w5a35p3jhgpyshlkmio6oiq_1650039506307" content_version="2.50.2.0.0" xmlns="http://www.oracle.com/DataCenter/LogAnalyticsStd">
    <Field oms_version="2.50.2.0.0">
        <DisplayName>sensor</DisplayName>
        <FieldType>1</FieldType>
        <IsSystem>0</IsSystem>
        <IsPrimary>1</IsPrimary>
        <DataType>STRING</DataType>
        <IsMetricKeyEligible>0</IsMetricKeyEligible>
        <IsMetricValueEligible>0</IsMetricValueEligible>
        <FacetEligible>1</FacetEligible>
        <RangeFacetEligible>0</RangeFacetEligible>
        <TableEligible>1</TableEligible>
        <FacetPriority>1</FacetPriority>
        <Summarizable>1</Summarizable>
        <HighCardinality>1</HighCardinality>
        <LargeData>0</LargeData>
        <MultiValued>0</MultiValued>
        <SMAEnabledSetting>0</SMAEnabledSetting>
    </Field>
    
    <Tag>
<Name>#medium_severity_sensor</Name>
<DisplayName>Medium Severity Sensor</DisplayName>
<IsSystem>0</IsSystem>
<ProblemPriority>MEDIUM</ProblemPriority>
</Tag>
    <Source name="EBS Sensor: FIN GL Transfer Journals to this Secondary Ledger set to Yes for Sub Ledger Level Secondary Ledger - Weekly" oms_version="2.50.2.0.0" configWarningSettings="0">
    <SourceType>database_sql</SourceType>
    <TargetTypes>
        <TargetType>omc_oracle_db_instance</TargetType>
        <TargetType>omc_oracle_pdb</TargetType>
    </TargetTypes>
    <DisplayName>EBS Sensor: FIN GL Transfer Journals to this Secondary Ledger set to Yes for Sub Ledger Level Secondary Ledger - Weekly</DisplayName>
    <Description><![CDATA[Due to incorrect Ledger setup, journals will be created in Secondary Ledger twice causing duplication.]]></Description>
    <IsSystem>0</IsSystem>
    <IsSecureContent>1</IsSecureContent>
    <Patterns>
        <DBPattern dateTimeField="entrytime" dateTimeColumns="entrytime">
        <SQLQuery>
            <![CDATA[select 'ME$EBS_FIN_GL_SUBLEDGER_LEVEL_SECONDARY_LEDGER_DUPLICATE_TRANS' sensor, to_timestamp(to_char(sysdate, 'YYYY-MM-DD hh24:mi:ss'), 'YYYY-MM-DD hh24:mi:ss') entrytime, 'ledger_name:' || s.ledger_name || ', relationship_type:' || s.relationship_type || ', journal_source:' || s.journal_source || ', journal_category:' || s.journal_category || ', user_updatable_flag:' || s.user_updatable_flag || ', create_journal_from_primary:' || s.create_journal_from_primary key_data FROM (SELECT ledger_name ledger_name, relationship_type relationship_type, journal_source journal_source, journal_category journal_category, user_updatable_flag user_updatable_flag, create_journal_from_primary create_journal_from_primary  FROM   (SELECT gllrs.target_ledger_name ledger_name,  gllrs.relationship_type_code relationship_type,  glir.je_source_name journal_source,  glir.je_category_name journal_category,  glir.user_updatable_flag user_updatable_flag,  decode(glir.include_flag,'Y','Yes',glir.include_flag) create_journal_from_primary  FROM gl_je_inclusion_rules glir,  gl_ledger_relationships gllrs  WHERE relationship_enabled_flag = 'Y'  AND relationship_type_code <> 'NONE'  AND gllrs.gl_je_conversion_set_id = glir.je_rule_set_id  AND gllrs.relationship_type_code = 'SUBLEDGER'  AND glir.include_flag = 'Y'  AND glir.je_source_name IN (  'Project Accounting','Inventory','Purchasing','Receivables','Cash Management','Assets','Payables'  )  AND ROWNUM <2  GROUP BY  gllrs.target_ledger_name,  gllrs.relationship_type_code,  glir.je_source_name,  glir.je_category_name,  glir.user_updatable_flag,  glir.include_flag)) s]]>
        </SQLQuery>
        <IsInclude>1</IsInclude>
            <InUse>1</InUse>
            <DBQueryFieldList>
                <DBPatternSeqField>entrytime</DBPatternSeqField>
                <DBPatternField>
                    <DBQueryColName>sensor</DBQueryColName>
                    <FieldName>udfs1</FieldName>
                </DBPatternField>
                <DBPatternField>
                    <DBQueryColName>entrytime</DBQueryColName>
                    <FieldName>time</FieldName>
                </DBPatternField>
                <DBPatternField>
                                        <DBQueryColName>key_data</DBQueryColName>
                                        <FieldName>data</FieldName>
                                   </DBPatternField>
            </DBQueryFieldList>
            <IsSystem>0</IsSystem>
            <IsEnabled>1</IsEnabled>
            </DBPattern>
    </Patterns>
        <TagConditions>
            <TagCondition operator="CONTAINS_REGEX" field="udfs1" alertRuleVisible="0">
                <ConditionValues>
                    <ConditionValue>%</ConditionValue>
                </ConditionValues>
                <ConditionTags tagField="mtag">
                    <ConditionTag>#medium_severity_sensor</ConditionTag>
                </ConditionTags>
                <IsSystem>0</IsSystem>
                <IsEnabled>1</IsEnabled>
            </TagCondition>
        </TagConditions>
        <IsHidden>0</IsHidden>
        <IsSMAEnabled>0</IsSMAEnabled>
    </Source>
    <FieldNameMaps>
        <FieldNameMap>
            <Name>udfs1</Name>
            <DisplayName>sensor</DisplayName>
        </FieldNameMap>
        
    </FieldNameMaps>
</LoganContent>