<?xml version="1.0" encoding="UTF-8"?>
<LoganContent oms_version="2.50.2.0.0" name="content_ocid1.tenancy.oc1..aaaaaaaa5s2vdjjrydixjulorcwozffbpna37w5a35p3jhgpyshlkmio6oiq_1650039506307" content_version="2.50.2.0.0" xmlns="http://www.oracle.com/DataCenter/LogAnalyticsStd">
    <Field oms_version="2.50.2.0.0">
        <DisplayName>sensor</DisplayName>
        <FieldType>1</FieldType>
        <IsSystem>0</IsSystem>
        <IsPrimary>1</IsPrimary>
        <DataType>STRING</DataType>
        <IsMetricKeyEligible>0</IsMetricKeyEligible>
        <IsMetricValueEligible>0</IsMetricValueEligible>
        <FacetEligible>1</FacetEligible>
        <RangeFacetEligible>0</RangeFacetEligible>
        <TableEligible>1</TableEligible>
        <FacetPriority>1</FacetPriority>
        <Summarizable>1</Summarizable>
        <HighCardinality>1</HighCardinality>
        <LargeData>0</LargeData>
        <MultiValued>0</MultiValued>
        <SMAEnabledSetting>0</SMAEnabledSetting>
    </Field>
    
    <Tag>
<Name>#medium_severity_sensor</Name>
<DisplayName>Medium Severity Sensor</DisplayName>
<IsSystem>0</IsSystem>
<ProblemPriority>MEDIUM</ProblemPriority>
</Tag>
    <Source name="EBS Sensor: FIN GL GL balances corruptions - Weekly" oms_version="2.50.2.0.0" configWarningSettings="0">
    <SourceType>database_sql</SourceType>
    <TargetTypes>
        <TargetType>omc_oracle_db_instance</TargetType>
        <TargetType>omc_oracle_pdb</TargetType>
    </TargetTypes>
    <DisplayName>EBS Sensor: FIN GL GL balances corruptions - Weekly</DisplayName>
    <Description><![CDATA[The total debit balances do not match the total credit balance]]></Description>
    <IsSystem>0</IsSystem>
    <IsSecureContent>1</IsSecureContent>
    <Patterns>
        <DBPattern dateTimeField="entrytime" dateTimeColumns="entrytime">
        <SQLQuery>
            <![CDATA[select 'ME$EBS_FIN_GL_BALANCES_1' sensor, to_timestamp(to_char(sysdate, 'YYYY-MM-DD hh24:mi:ss'), 'YYYY-MM-DD hh24:mi:ss') entrytime, 'ledger_id:' || s.ledger_id || ', period_name:' || s.period_name || ', currency:' || s.currency || ', total_debit:' || s.total_debit || ', total_credit:' || s.total_credit key_data FROM (select a.ledger_id ledger_id, a.period period_name,  a.currency currency, a.end_dr total_debit, a.end_cr total_credit  from (SELECT gl.ledger_id ledger_id  , max(gpm.period_name) period  , gb.currency_code currency  , sum(gb.begin_balance_dr) + sum(period_net_dr) end_dr  , sum(gb.begin_balance_cr) + sum(period_net_cr) end_cr  FROM apps.gl_balances gb, apps.GL_DATE_PERIOD_MAP gpm, apps.gl_ledgers gl  WHERE gb.ledger_id=gl.ledger_id  and gb.period_name=gpm.period_name  and to_date(gpm.accounting_date, 'DD-MON-YY')= to_date(sysdate, 'DD-MON-YY')  AND gpm.period_set_name= gl.period_set_name and gl.complete_flag='Y' and gl.FIRST_LEDGER_PERIOD_NAME is not null  AND gb.actual_flag = 'A'  AND gb.template_id is null  AND (gb.translated_flag <> 'Y' or gb.translated_flag is null)  AND gb.currency_code != 'STAT'  group by gl.ledger_id, gb.translated_flag ,gb.currency_code  having sum(gb.begin_balance_dr) + sum(period_net_dr)<>sum(gb.begin_balance_cr) + sum(period_net_cr)) a  where rownum<1000) s]]>
        </SQLQuery>
        <IsInclude>1</IsInclude>
            <InUse>1</InUse>
            <DBQueryFieldList>
                <DBPatternSeqField>entrytime</DBPatternSeqField>
                <DBPatternField>
                    <DBQueryColName>sensor</DBQueryColName>
                    <FieldName>udfs1</FieldName>
                </DBPatternField>
                <DBPatternField>
                    <DBQueryColName>entrytime</DBQueryColName>
                    <FieldName>time</FieldName>
                </DBPatternField>
                <DBPatternField>
                                        <DBQueryColName>key_data</DBQueryColName>
                                        <FieldName>data</FieldName>
                                   </DBPatternField>
            </DBQueryFieldList>
            <IsSystem>0</IsSystem>
            <IsEnabled>1</IsEnabled>
            </DBPattern>
    </Patterns>
        <TagConditions>
            <TagCondition operator="CONTAINS_REGEX" field="udfs1" alertRuleVisible="0">
                <ConditionValues>
                    <ConditionValue>%</ConditionValue>
                </ConditionValues>
                <ConditionTags tagField="mtag">
                    <ConditionTag>#medium_severity_sensor</ConditionTag>
                </ConditionTags>
                <IsSystem>0</IsSystem>
                <IsEnabled>1</IsEnabled>
            </TagCondition>
        </TagConditions>
        <IsHidden>0</IsHidden>
        <IsSMAEnabled>0</IsSMAEnabled>
    </Source>
    <FieldNameMaps>
        <FieldNameMap>
            <Name>udfs1</Name>
            <DisplayName>sensor</DisplayName>
        </FieldNameMap>
        
    </FieldNameMaps>
</LoganContent>