<?xml version="1.0" encoding="UTF-8"?>
<LoganContent oms_version="2.50.2.0.0" name="content_ocid1.tenancy.oc1..aaaaaaaa5s2vdjjrydixjulorcwozffbpna37w5a35p3jhgpyshlkmio6oiq_1650039506307" content_version="2.50.2.0.0" xmlns="http://www.oracle.com/DataCenter/LogAnalyticsStd">
    <Field oms_version="2.50.2.0.0">
        <DisplayName>sensor</DisplayName>
        <FieldType>1</FieldType>
        <IsSystem>0</IsSystem>
        <IsPrimary>1</IsPrimary>
        <DataType>STRING</DataType>
        <IsMetricKeyEligible>0</IsMetricKeyEligible>
        <IsMetricValueEligible>0</IsMetricValueEligible>
        <FacetEligible>1</FacetEligible>
        <RangeFacetEligible>0</RangeFacetEligible>
        <TableEligible>1</TableEligible>
        <FacetPriority>1</FacetPriority>
        <Summarizable>1</Summarizable>
        <HighCardinality>1</HighCardinality>
        <LargeData>0</LargeData>
        <MultiValued>0</MultiValued>
        <SMAEnabledSetting>0</SMAEnabledSetting>
    </Field>
    
    <Tag>
<Name>#medium_severity_sensor</Name>
<DisplayName>Medium Severity Sensor</DisplayName>
<IsSystem>0</IsSystem>
<ProblemPriority>MEDIUM</ProblemPriority>
</Tag>
    <Source name="EBS Sensor: FIN PA Missing or Extra Credit or Debit Burden Distributions Exist for Expenditure Items - Weekly" oms_version="2.50.2.0.0" configWarningSettings="0">
    <SourceType>database_sql</SourceType>
    <TargetTypes>
        <TargetType>omc_oracle_db_instance</TargetType>
        <TargetType>omc_oracle_pdb</TargetType>
    </TargetTypes>
    <DisplayName>EBS Sensor: FIN PA Missing or Extra Credit or Debit Burden Distributions Exist for Expenditure Items - Weekly</DisplayName>
    <Description><![CDATA[The debit and credit burden distributions for some expenditure items do not balance.]]></Description>
    <IsSystem>0</IsSystem>
    <IsSecureContent>1</IsSecureContent>
    <Patterns>
        <DBPattern dateTimeField="entrytime" dateTimeColumns="entrytime">
        <SQLQuery>
            <![CDATA[select 'ME$EBS_FIN_PA_BURD_MISSING_CR_DR_CDLS' sensor, to_timestamp(to_char(sysdate, 'YYYY-MM-DD hh24:mi:ss'), 'YYYY-MM-DD hh24:mi:ss') entrytime, 'line_num:' || s.line_num || ', transfer_status_code:' || s.transfer_status_code || ', transfer_rejection_reason:' || s.transfer_rejection_reason || ', project_number:' || s.project_number || ', task_number:' || s.task_number || ', expenditure_item_id:' || s.expenditure_item_id key_data FROM (SELECT DISTINCT         d.expenditure_item_id expenditure_item_id,         d.line_num line_num,         d.transfer_status_code transfer_status_code,         d.transfer_rejection_reason transfer_rejection_reason,         p.segment1 project_number,         t.task_number task_number  FROM pa_cost_distribution_lines_all d ,       (         SELECT /*+ no_push_pred */                ei.expenditure_item_id,                sum(decode(cdl.line_type,'C',amount)) sum_c,                sum(decode(cdl.line_type,'D',amount)) sum_d         FROM pa_cost_distribution_lines_all cdl,              pa_expenditure_items_all ei         WHERE cdl.line_type IN ('C','D')         AND   ei.expenditure_item_id = cdl.expenditure_item_id         AND   cdl.transfer_status_code IN ('A','P','R')         AND   ei.creation_date >= sysdate - 7         GROUP BY ei.expenditure_item_id         HAVING nvl(sum(decode(cdl.line_type,'C',1,0)), 0) <>                  nvl(sum(decode(cdl.line_type,'D',1,0)) , 0)       ) ei,       pa_projects_all p,       pa_tasks t  WHERE d.expenditure_item_id = ei.expenditure_item_id  AND   d.line_type IN ('C','D')  AND   d.transfer_status_code IN ('A','P','R')  AND   d.project_id = p.project_id  AND   d.task_id = t.task_id  AND   p.project_id = t.project_id  AND   rownum<=5) s]]>
        </SQLQuery>
        <IsInclude>1</IsInclude>
            <InUse>1</InUse>
            <DBQueryFieldList>
                <DBPatternSeqField>entrytime</DBPatternSeqField>
                <DBPatternField>
                    <DBQueryColName>sensor</DBQueryColName>
                    <FieldName>udfs1</FieldName>
                </DBPatternField>
                <DBPatternField>
                    <DBQueryColName>entrytime</DBQueryColName>
                    <FieldName>time</FieldName>
                </DBPatternField>
                <DBPatternField>
                                        <DBQueryColName>key_data</DBQueryColName>
                                        <FieldName>data</FieldName>
                                   </DBPatternField>
            </DBQueryFieldList>
            <IsSystem>0</IsSystem>
            <IsEnabled>1</IsEnabled>
            </DBPattern>
    </Patterns>
        <TagConditions>
            <TagCondition operator="CONTAINS_REGEX" field="udfs1" alertRuleVisible="0">
                <ConditionValues>
                    <ConditionValue>%</ConditionValue>
                </ConditionValues>
                <ConditionTags tagField="mtag">
                    <ConditionTag>#medium_severity_sensor</ConditionTag>
                </ConditionTags>
                <IsSystem>0</IsSystem>
                <IsEnabled>1</IsEnabled>
            </TagCondition>
        </TagConditions>
        <IsHidden>0</IsHidden>
        <IsSMAEnabled>0</IsSMAEnabled>
    </Source>
    <FieldNameMaps>
        <FieldNameMap>
            <Name>udfs1</Name>
            <DisplayName>sensor</DisplayName>
        </FieldNameMap>
        
    </FieldNameMaps>
</LoganContent>