<?xml version="1.0" encoding="UTF-8"?>
<LoganContent oms_version="2.50.2.0.0" name="content_ocid1.tenancy.oc1..aaaaaaaa5s2vdjjrydixjulorcwozffbpna37w5a35p3jhgpyshlkmio6oiq_1650039506307" content_version="2.50.2.0.0" xmlns="http://www.oracle.com/DataCenter/LogAnalyticsStd">
    <Field oms_version="2.50.2.0.0">
        <DisplayName>sensor</DisplayName>
        <FieldType>1</FieldType>
        <IsSystem>0</IsSystem>
        <IsPrimary>1</IsPrimary>
        <DataType>STRING</DataType>
        <IsMetricKeyEligible>0</IsMetricKeyEligible>
        <IsMetricValueEligible>0</IsMetricValueEligible>
        <FacetEligible>1</FacetEligible>
        <RangeFacetEligible>0</RangeFacetEligible>
        <TableEligible>1</TableEligible>
        <FacetPriority>1</FacetPriority>
        <Summarizable>1</Summarizable>
        <HighCardinality>1</HighCardinality>
        <LargeData>0</LargeData>
        <MultiValued>0</MultiValued>
        <SMAEnabledSetting>0</SMAEnabledSetting>
    </Field>
    
    <Tag>
<Name>#medium_severity_sensor</Name>
<DisplayName>Medium Severity Sensor</DisplayName>
<IsSystem>0</IsSystem>
<ProblemPriority>MEDIUM</ProblemPriority>
</Tag>
    <Source name="EBS Sensor: MFG OM WSH NEW DELIVERIES S sequence Max Value - Weekly" oms_version="2.50.2.0.0" configWarningSettings="0">
    <SourceType>database_sql</SourceType>
    <TargetTypes>
        <TargetType>omc_oracle_db_instance</TargetType>
        <TargetType>omc_oracle_pdb</TargetType>
    </TargetTypes>
    <DisplayName>EBS Sensor: MFG OM WSH NEW DELIVERIES S sequence Max Value - Weekly</DisplayName>
    <Description><![CDATA[WSH_NEW_DELIVERIES_S sequence, Max Value, will soon be reached.  ID is getting close (=>90%) to Max Value defined in sequence.  This can cause creation iss]]></Description>
    <IsSystem>0</IsSystem>
    <IsSecureContent>1</IsSecureContent>
    <Patterns>
        <DBPattern dateTimeField="entrytime" dateTimeColumns="entrytime">
        <SQLQuery>
            <![CDATA[select 'ME$EBS_MFG_OM_ONT_DELIVERY_SEQUENCE' sensor, to_timestamp(to_char(sysdate, 'YYYY-MM-DD hh24:mi:ss'), 'YYYY-MM-DD hh24:mi:ss') entrytime, 'Sequence:' || s.Sequence || ', Max_Value:' || s.Max_Value || ', Percent_Used:' || s.Percent_Used key_data FROM (select  Sequence Sequence,  Max_Value Max_Value,  Percent_Used Percent_Used  from  (SELECT 'WSH_NEW_DELIVERIES_S' Sequence,    ( SELECT to_char(MAX(delivery_id), '999,999,999,999')      FROM wsh_new_deliveries ) "Last ID",    ( SELECT to_char(max_value, '999,999,999,999')      FROM dba_sequences      WHERE sequence_name = 'WSH_NEW_DELIVERIES_S') Max_Value,    to_char( (( SELECT MAX(delivery_id) FROM wsh_new_deliveries) / ( SELECT max_value FROM dba_sequences WHERE sequence_name = 'WSH_NEW_DELIVERIES_S' ) * 100 ), '999.99') Percent_Used  FROM dual  UNION ALL  SELECT 'WSH_DELIVERY_DETAILS_S' "Sequence",    ( SELECT to_char(MAX(delivery_detail_id), '999,999,999,999')      FROM wsh_delivery_details ) "Last ID",    ( SELECT to_char(max_value, '999,999,999,999')      FROM dba_sequences      WHERE sequence_name = 'WSH_DELIVERY_DETAILS_S') Max_Value,    to_char( (( SELECT MAX(delivery_detail_id) FROM wsh_delivery_details) / ( SELECT max_value FROM dba_sequences WHERE sequence_name = 'WSH_DELIVERY_DETAILS_S' ) * 100 ), '999.99') Percent_Used  FROM dual  UNION ALL  SELECT 'WSH_DELIVERY_ASSIGNMENTS_S' Sequence,    ( SELECT to_char(MAX(delivery_assignment_id), '999,999,999,999')      FROM wsh_delivery_assignments ) "Last ID",    ( SELECT to_char(max_value, '999,999,999,999')      FROM dba_sequences      WHERE sequence_name = 'WSH_DELIVERY_ASSIGNMENTS_S') Max_Value,    to_char( (( SELECT MAX(delivery_assignment_id) FROM wsh_delivery_assignments) / ( SELECT max_value FROM dba_sequences WHERE sequence_name = 'WSH_DELIVERY_ASSIGNMENTS_S' ) * 100 ), '999.99') Percent_Used  FROM dual)  where Percent_Used >= .9) s]]>
        </SQLQuery>
        <IsInclude>1</IsInclude>
            <InUse>1</InUse>
            <DBQueryFieldList>
                <DBPatternSeqField>entrytime</DBPatternSeqField>
                <DBPatternField>
                    <DBQueryColName>sensor</DBQueryColName>
                    <FieldName>udfs1</FieldName>
                </DBPatternField>
                <DBPatternField>
                    <DBQueryColName>entrytime</DBQueryColName>
                    <FieldName>time</FieldName>
                </DBPatternField>
                <DBPatternField>
                                        <DBQueryColName>key_data</DBQueryColName>
                                        <FieldName>data</FieldName>
                                   </DBPatternField>
            </DBQueryFieldList>
            <IsSystem>0</IsSystem>
            <IsEnabled>1</IsEnabled>
            </DBPattern>
    </Patterns>
        <TagConditions>
            <TagCondition operator="CONTAINS_REGEX" field="udfs1" alertRuleVisible="0">
                <ConditionValues>
                    <ConditionValue>%</ConditionValue>
                </ConditionValues>
                <ConditionTags tagField="mtag">
                    <ConditionTag>#medium_severity_sensor</ConditionTag>
                </ConditionTags>
                <IsSystem>0</IsSystem>
                <IsEnabled>1</IsEnabled>
            </TagCondition>
        </TagConditions>
        <IsHidden>0</IsHidden>
        <IsSMAEnabled>0</IsSMAEnabled>
    </Source>
    <FieldNameMaps>
        <FieldNameMap>
            <Name>udfs1</Name>
            <DisplayName>sensor</DisplayName>
        </FieldNameMap>
        
    </FieldNameMaps>
</LoganContent>