<?xml version="1.0" encoding="UTF-8"?>
<LoganContent oms_version="2.50.2.0.0" name="content_ocid1.tenancy.oc1..aaaaaaaa5s2vdjjrydixjulorcwozffbpna37w5a35p3jhgpyshlkmio6oiq_1650039506307" content_version="2.50.2.0.0" xmlns="http://www.oracle.com/DataCenter/LogAnalyticsStd">
    <Field oms_version="2.50.2.0.0">
        <DisplayName>sensor</DisplayName>
        <FieldType>1</FieldType>
        <IsSystem>0</IsSystem>
        <IsPrimary>1</IsPrimary>
        <DataType>STRING</DataType>
        <IsMetricKeyEligible>0</IsMetricKeyEligible>
        <IsMetricValueEligible>0</IsMetricValueEligible>
        <FacetEligible>1</FacetEligible>
        <RangeFacetEligible>0</RangeFacetEligible>
        <TableEligible>1</TableEligible>
        <FacetPriority>1</FacetPriority>
        <Summarizable>1</Summarizable>
        <HighCardinality>1</HighCardinality>
        <LargeData>0</LargeData>
        <MultiValued>0</MultiValued>
        <SMAEnabledSetting>0</SMAEnabledSetting>
    </Field>
    
    <Tag>
<Name>#medium_severity_sensor</Name>
<DisplayName>Medium Severity Sensor</DisplayName>
<IsSystem>0</IsSystem>
<ProblemPriority>MEDIUM</ProblemPriority>
</Tag>
    <Source name="EBS Sensor: FIN GL Balance corruption for summary accounts - Weekly" oms_version="2.50.2.0.0" configWarningSettings="0">
    <SourceType>database_sql</SourceType>
    <TargetTypes>
        <TargetType>omc_oracle_db_instance</TargetType>
        <TargetType>omc_oracle_pdb</TargetType>
    </TargetTypes>
    <DisplayName>EBS Sensor: FIN GL Balance corruption for summary accounts - Weekly</DisplayName>
    <Description><![CDATA[Summary accounts balances do not match the related detail accounts balances]]></Description>
    <IsSystem>0</IsSystem>
    <IsSecureContent>1</IsSecureContent>
    <Patterns>
        <DBPattern dateTimeField="entrytime" dateTimeColumns="entrytime">
        <SQLQuery>
            <![CDATA[select 'ME$EBS_FIN_GL_SUMMARY_ACCOUNTS_A' sensor, to_timestamp(to_char(sysdate, 'YYYY-MM-DD hh24:mi:ss'), 'YYYY-MM-DD hh24:mi:ss') entrytime, 'ledger_id:' || s.ledger_id || ', TEMPLATE_NAME:' || s.TEMPLATE_NAME || ', SUMMARY_ACCOUNT:' || s.SUMMARY_ACCOUNT || ', period:' || s.period || ', SUMMARY_ACCOUNT_BALANCE:' || s.SUMMARY_ACCOUNT_BALANCE || ', DETAILED_ACCOUNTS_BAL:' || s.DETAILED_ACCOUNTS_BAL key_data FROM (Select ledger_id ledger_id,  TEMPLATE_NAME TEMPLATE_NAME,  SUMMARY_ACCOUNT SUMMARY_ACCOUNT,  period period,  SUMMARY_ACCOUNT_BALANCE SUMMARY_ACCOUNT_BALANCE,  DETAILED_ACCOUNTS_BAL_TOTAL DETAILED_ACCOUNTS_BAL  from (  SELECT h.LEDGER_ID ledger_id ,  MAX(st.template_name) TEMPLATE_NAME,  max(ccs.concatenated_segments) SUMMARY_ACCOUNT,  bs.period_name period,  MAX((NVL(bs.BEGIN_BALANCE_DR,0) + NVL(bs.PERIOD_NET_DR,0)-NVL(bs.BEGIN_BALANCE_CR, 0) - NVL(bs.PERIOD_NET_CR,0))) SUMMARY_ACCOUNT_BALANCE,  SUM(NVL(bd.BEGIN_BALANCE_DR,0)) + SUM(NVL(bd.PERIOD_NET_DR,0))-SUM(NVL(bd.BEGIN_BALANCE_CR,0)) -SUM(NVL(bd.PERIOD_NET_CR,0)) DETAILED_ACCOUNTS_BAL_TOTAL  FROM apps.GL_SUMMARY_TEMPLATES st,  apps.GL_ACCOUNT_HIERARCHIES h,  apps.gl_code_combinations_kfv ccs,  apps.gl_balances bs,  apps.gl_code_combinations_kfv ccd,  apps.gl_balances bd, apps.GL_DATE_PERIOD_MAP gpm, apps.gl_ledgers gl  WHERE H.TEMPLATE_ID = ST.TEMPLATE_ID  AND ST.LEDGER_ID = H.LEDGER_ID  and to_date(gpm.accounting_date, 'DD-MON-YY')= to_date(sysdate, 'DD-MON-YY')  AND gpm.period_set_name= gl.period_set_name and gl.complete_flag='Y' and gl.FIRST_LEDGER_PERIOD_NAME is not null  AND BS.PERIOD_NAME = gpm.period_name  AND h.LEDGER_ID = gl.ledger_id  AND ccs.code_combination_id =h.summary_code_combination_id  AND ccd.code_combination_id = h.DETAIL_CODE_COMBINATION_ID  AND bs.code_combination_id = h.summary_code_combination_id  AND BD.CODE_COMBINATION_ID = H.DETAIL_CODE_COMBINATION_ID  AND bd.ledger_id =bs.ledger_id  AND bd.period_name =bs.period_name  AND bd.period_year =bs.period_year  AND bs.period_num =bd.period_num  AND bd.actual_flag =bs.actual_flag  AND BD.CURRENCY_CODE =BS.CURRENCY_CODE  AND bs.actual_flag = 'A'  AND bs.translated_flag IS NULL  AND bd.translated_flag IS NULL  GROUP BY h.LEDGER_ID , h.summary_code_combination_id,  bs.period_name, BS.CURRENCY_CODE  HAVING max(NVL(bs.BEGIN_BALANCE_DR,0)+ NVL(bs.PERIOD_NET_DR,0)-NVL( bs.BEGIN_BALANCE_CR,0) - NVL(bs.PERIOD_NET_CR,0)) !=(SUM( NVL( bd.BEGIN_BALANCE_DR,0)) + SUM(NVL(bd.PERIOD_NET_DR,0))-SUM(NVL( BD.BEGIN_BALANCE_CR,0)) -SUM(NVL(BD.PERIOD_NET_CR,0)) ))  WHERE rownum < 2) s]]>
        </SQLQuery>
        <IsInclude>1</IsInclude>
            <InUse>1</InUse>
            <DBQueryFieldList>
                <DBPatternSeqField>entrytime</DBPatternSeqField>
                <DBPatternField>
                    <DBQueryColName>sensor</DBQueryColName>
                    <FieldName>udfs1</FieldName>
                </DBPatternField>
                <DBPatternField>
                    <DBQueryColName>entrytime</DBQueryColName>
                    <FieldName>time</FieldName>
                </DBPatternField>
                <DBPatternField>
                                        <DBQueryColName>key_data</DBQueryColName>
                                        <FieldName>data</FieldName>
                                   </DBPatternField>
            </DBQueryFieldList>
            <IsSystem>0</IsSystem>
            <IsEnabled>1</IsEnabled>
            </DBPattern>
    </Patterns>
        <TagConditions>
            <TagCondition operator="CONTAINS_REGEX" field="udfs1" alertRuleVisible="0">
                <ConditionValues>
                    <ConditionValue>%</ConditionValue>
                </ConditionValues>
                <ConditionTags tagField="mtag">
                    <ConditionTag>#medium_severity_sensor</ConditionTag>
                </ConditionTags>
                <IsSystem>0</IsSystem>
                <IsEnabled>1</IsEnabled>
            </TagCondition>
        </TagConditions>
        <IsHidden>0</IsHidden>
        <IsSMAEnabled>0</IsSMAEnabled>
    </Source>
    <FieldNameMaps>
        <FieldNameMap>
            <Name>udfs1</Name>
            <DisplayName>sensor</DisplayName>
        </FieldNameMap>
        
    </FieldNameMaps>
</LoganContent>