<?xml version="1.0" encoding="UTF-8"?>
<LoganContent oms_version="2.50.2.0.0" name="content_ocid1.tenancy.oc1..aaaaaaaa5s2vdjjrydixjulorcwozffbpna37w5a35p3jhgpyshlkmio6oiq_1650039506307" content_version="2.50.2.0.0" xmlns="http://www.oracle.com/DataCenter/LogAnalyticsStd">
    <Field oms_version="2.50.2.0.0">
        <DisplayName>sensor</DisplayName>
        <FieldType>1</FieldType>
        <IsSystem>0</IsSystem>
        <IsPrimary>1</IsPrimary>
        <DataType>STRING</DataType>
        <IsMetricKeyEligible>0</IsMetricKeyEligible>
        <IsMetricValueEligible>0</IsMetricValueEligible>
        <FacetEligible>1</FacetEligible>
        <RangeFacetEligible>0</RangeFacetEligible>
        <TableEligible>1</TableEligible>
        <FacetPriority>1</FacetPriority>
        <Summarizable>1</Summarizable>
        <HighCardinality>1</HighCardinality>
        <LargeData>0</LargeData>
        <MultiValued>0</MultiValued>
        <SMAEnabledSetting>0</SMAEnabledSetting>
    </Field>
    
    <Tag>
<Name>#low_severity_sensor</Name>
<DisplayName>Low Severity Sensor</DisplayName>
<IsSystem>0</IsSystem>
<ProblemPriority>LOW</ProblemPriority>
</Tag>
    <Source name="EBS Sensor: HCM HR AME Loop Found in Supervisor Hierarchy - Weekly" oms_version="2.50.2.0.0" configWarningSettings="0">
    <SourceType>database_sql</SourceType>
    <TargetTypes>
        <TargetType>omc_oracle_db_instance</TargetType>
        <TargetType>omc_oracle_pdb</TargetType>
    </TargetTypes>
    <DisplayName>EBS Sensor: HCM HR AME Loop Found in Supervisor Hierarchy - Weekly</DisplayName>
    <Description><![CDATA[Loop Found in Supervisor Hierarchy.]]></Description>
    <IsSystem>0</IsSystem>
    <IsSecureContent>1</IsSecureContent>
    <Patterns>
        <DBPattern dateTimeField="entrytime" dateTimeColumns="entrytime">
        <SQLQuery>
            <![CDATA[select 'ME$EBS_HCM_HR_LOOP_IN_SUPERVISOR_HIERARCHY' sensor, to_timestamp(to_char(sysdate, 'YYYY-MM-DD hh24:mi:ss'), 'YYYY-MM-DD hh24:mi:ss') entrytime, 'PERSON_ID:' || s.PERSON_ID || ', SUPERVISOR_ID:' || s.SUPERVISOR_ID || ', level1:' || s.level1 || ', top_supervisor:' || s.top_supervisor || ', top_supervisor_id:' || s.top_supervisor_id || ', PATH:' || s.PATH key_data FROM (select PERSON_ID PERSON_ID,  SUPERVISOR_ID SUPERVISOR_ID,  level1 level1,  top_supervisor top_supervisor,  top_supervisor_id top_supervisor_id,  PATH PATH from  (  SELECT  a."PERSON_ID",  a."SUPERVISOR_ID",   LEVEL level1,  CONNECT_BY_ROOT supervisor_emp_no top_supervisor,  CONNECT_BY_ROOT supervisor_id as top_supervisor_id,  SYS_CONNECT_BY_PATH (supervisor_emp_no, '/') PATH  FROM (SELECT  papf.business_group_id,  papf.person_id,  paaf.assignment_id,  papf.employee_number,  papf.full_name,  paaf.supervisor_id,  papf1.employee_number supervisor_emp_no,  papf1.full_name supervisor,  paaf.organization_id,  hr_general.DECODE_POSITION(paaf.position_id) position  FROM per_all_people_f papf,  per_all_assignments_f paaf,  per_all_people_f papf1  WHERE papf.person_id = paaf.person_id  AND papf1.person_id = paaf.supervisor_id  and papf.CURRENT_EMPLOYEE_FLAG = 'Y'  AND paaf.primary_flag = 'Y'  AND papf.business_group_id = paaf.business_group_id  AND papf1.business_group_id = papf.business_group_id  AND TRUNC(SYSDATE) BETWEEN papf.effective_start_date  AND papf.effective_end_date  AND TRUNC(SYSDATE) BETWEEN paaf.effective_start_date  AND paaf.effective_end_date  AND TRUNC(SYSDATE) BETWEEN papf1.effective_start_date  AND papf1.effective_end_date  ) a  where CONNECT_BY_ISCYCLE > 0  CONNECT BY NOCYCLE PRIOR a.person_id = a.supervisor_id  ORDER SIBLINGS BY a.person_id  )  where rownum<100  order by 1) s]]>
        </SQLQuery>
        <IsInclude>1</IsInclude>
            <InUse>1</InUse>
            <DBQueryFieldList>
                <DBPatternSeqField>entrytime</DBPatternSeqField>
                <DBPatternField>
                    <DBQueryColName>sensor</DBQueryColName>
                    <FieldName>udfs1</FieldName>
                </DBPatternField>
                <DBPatternField>
                    <DBQueryColName>entrytime</DBQueryColName>
                    <FieldName>time</FieldName>
                </DBPatternField>
                <DBPatternField>
                                        <DBQueryColName>key_data</DBQueryColName>
                                        <FieldName>data</FieldName>
                                   </DBPatternField>
            </DBQueryFieldList>
            <IsSystem>0</IsSystem>
            <IsEnabled>1</IsEnabled>
            </DBPattern>
    </Patterns>
        <TagConditions>
            <TagCondition operator="CONTAINS_REGEX" field="udfs1" alertRuleVisible="0">
                <ConditionValues>
                    <ConditionValue>%</ConditionValue>
                </ConditionValues>
                <ConditionTags tagField="mtag">
                    <ConditionTag>#low_severity_sensor</ConditionTag>
                </ConditionTags>
                <IsSystem>0</IsSystem>
                <IsEnabled>1</IsEnabled>
            </TagCondition>
        </TagConditions>
        <IsHidden>0</IsHidden>
        <IsSMAEnabled>0</IsSMAEnabled>
    </Source>
    <FieldNameMaps>
        <FieldNameMap>
            <Name>udfs1</Name>
            <DisplayName>sensor</DisplayName>
        </FieldNameMap>
        
    </FieldNameMaps>
</LoganContent>