<?xml version="1.0" encoding="UTF-8"?>
<LoganContent oms_version="2.50.2.0.0" name="content_ocid1.tenancy.oc1..aaaaaaaa5s2vdjjrydixjulorcwozffbpna37w5a35p3jhgpyshlkmio6oiq_1650039506307" content_version="2.50.2.0.0" xmlns="http://www.oracle.com/DataCenter/LogAnalyticsStd">
    <Field oms_version="2.50.2.0.0">
        <DisplayName>sensor</DisplayName>
        <FieldType>1</FieldType>
        <IsSystem>0</IsSystem>
        <IsPrimary>1</IsPrimary>
        <DataType>STRING</DataType>
        <IsMetricKeyEligible>0</IsMetricKeyEligible>
        <IsMetricValueEligible>0</IsMetricValueEligible>
        <FacetEligible>1</FacetEligible>
        <RangeFacetEligible>0</RangeFacetEligible>
        <TableEligible>1</TableEligible>
        <FacetPriority>1</FacetPriority>
        <Summarizable>1</Summarizable>
        <HighCardinality>1</HighCardinality>
        <LargeData>0</LargeData>
        <MultiValued>0</MultiValued>
        <SMAEnabledSetting>0</SMAEnabledSetting>
    </Field>
    
    <Tag>
<Name>#medium_severity_sensor</Name>
<DisplayName>Medium Severity Sensor</DisplayName>
<IsSystem>0</IsSystem>
<ProblemPriority>MEDIUM</ProblemPriority>
</Tag>
    <Source name="EBS Sensor: MFG DM Create Accounting-Cost management Invalid Event transactions in xla events - Weekly" oms_version="2.50.2.0.0" configWarningSettings="0">
    <SourceType>database_sql</SourceType>
    <TargetTypes>
        <TargetType>omc_oracle_db_instance</TargetType>
        <TargetType>omc_oracle_pdb</TargetType>
    </TargetTypes>
    <DisplayName>EBS Sensor: MFG DM Create Accounting-Cost management Invalid Event transactions in xla events - Weekly</DisplayName>
    <Description><![CDATA[Invalid Records found after running Create accounting. Subledger Period Close Exceptions Report shows unprocessed records]]></Description>
    <IsSystem>0</IsSystem>
    <IsSecureContent>1</IsSecureContent>
    <Patterns>
        <DBPattern dateTimeField="entrytime" dateTimeColumns="entrytime">
        <SQLQuery>
            <![CDATA[select 'ME$EBS_MFG_DM_SLA-CST-INVALID-EVENTS' sensor, to_timestamp(to_char(sysdate, 'YYYY-MM-DD hh24:mi:ss'), 'YYYY-MM-DD hh24:mi:ss') entrytime, 'LEDGER_ID:' || s.LEDGER_ID || ', LEDGER_NAME:' || s.LEDGER_NAME || ', PROCESS_STATUS:' || s.PROCESS_STATUS || ', EVENT_STATUS:' || s.EVENT_STATUS || ', COUNT:' || s.COUNT key_data FROM (SELECT LEDGER_ID LEDGER_ID,  LEDGER_NAME LEDGER_NAME,  PROCESS_STATUS PROCESS_STATUS,  EVENT_STATUS EVENT_STATUS,  COUNT COUNT  FROM (  SELECT XAE.LEDGER_ID LEDGER_ID,  GL.NAME LEDGER_NAME,  DECODE (XE.PROCESS_STATUS_CODE,'D','Draft','E','Error','I','Invalid','P','Processed','R','Related event in error','U','Unprocessed','F','Final Mode',XE.PROCESS_STATUS_CODE) PROCESS_STATUS,  DECODE(XE.EVENT_STATUS_CODE,'I','Incomplete','N','No action','P','Processed','U','Unprocessed') EVENT_STATUS,  COUNT(*) COUNT  FROM XLA_EVENTS XE, XLA_AE_HEADERS XAE, GL_LEDGERS GL  WHERE XE.APPLICATION_ID=707  AND XE.EVENT_ID=XAE.EVENT_ID  AND XAE.LEDGER_ID=GL.LEDGER_ID  AND XE.EVENT_DATE BETWEEN SYSDATE-7 AND SYSDATE  AND XE.EVENT_STATUS_CODE='U'  AND XE.PROCESS_STATUS_CODE='I'  GROUP BY XAE.LEDGER_ID, GL.NAME, XE.PROCESS_STATUS_CODE, XE.EVENT_STATUS_CODE)) s]]>
        </SQLQuery>
        <IsInclude>1</IsInclude>
            <InUse>1</InUse>
            <DBQueryFieldList>
                <DBPatternSeqField>entrytime</DBPatternSeqField>
                <DBPatternField>
                    <DBQueryColName>sensor</DBQueryColName>
                    <FieldName>udfs1</FieldName>
                </DBPatternField>
                <DBPatternField>
                    <DBQueryColName>entrytime</DBQueryColName>
                    <FieldName>time</FieldName>
                </DBPatternField>
                <DBPatternField>
                                        <DBQueryColName>key_data</DBQueryColName>
                                        <FieldName>data</FieldName>
                                   </DBPatternField>
            </DBQueryFieldList>
            <IsSystem>0</IsSystem>
            <IsEnabled>1</IsEnabled>
            </DBPattern>
    </Patterns>
        <TagConditions>
            <TagCondition operator="CONTAINS_REGEX" field="udfs1" alertRuleVisible="0">
                <ConditionValues>
                    <ConditionValue>%</ConditionValue>
                </ConditionValues>
                <ConditionTags tagField="mtag">
                    <ConditionTag>#medium_severity_sensor</ConditionTag>
                </ConditionTags>
                <IsSystem>0</IsSystem>
                <IsEnabled>1</IsEnabled>
            </TagCondition>
        </TagConditions>
        <IsHidden>0</IsHidden>
        <IsSMAEnabled>0</IsSMAEnabled>
    </Source>
    <FieldNameMaps>
        <FieldNameMap>
            <Name>udfs1</Name>
            <DisplayName>sensor</DisplayName>
        </FieldNameMap>
        
    </FieldNameMaps>
</LoganContent>