<?xml version="1.0" encoding="UTF-8"?>
<LoganContent oms_version="2.50.2.0.0" name="content_ocid1.tenancy.oc1..aaaaaaaa5s2vdjjrydixjulorcwozffbpna37w5a35p3jhgpyshlkmio6oiq_1650039506307" content_version="2.50.2.0.0" xmlns="http://www.oracle.com/DataCenter/LogAnalyticsStd">
    <Field oms_version="2.50.2.0.0">
        <DisplayName>sensor</DisplayName>
        <FieldType>1</FieldType>
        <IsSystem>0</IsSystem>
        <IsPrimary>1</IsPrimary>
        <DataType>STRING</DataType>
        <IsMetricKeyEligible>0</IsMetricKeyEligible>
        <IsMetricValueEligible>0</IsMetricValueEligible>
        <FacetEligible>1</FacetEligible>
        <RangeFacetEligible>0</RangeFacetEligible>
        <TableEligible>1</TableEligible>
        <FacetPriority>1</FacetPriority>
        <Summarizable>1</Summarizable>
        <HighCardinality>1</HighCardinality>
        <LargeData>0</LargeData>
        <MultiValued>0</MultiValued>
        <SMAEnabledSetting>0</SMAEnabledSetting>
    </Field>
    
    <Tag>
<Name>#low_severity_sensor</Name>
<DisplayName>Low Severity Sensor</DisplayName>
<IsSystem>0</IsSystem>
<ProblemPriority>LOW</ProblemPriority>
</Tag>
    <Source name="EBS Sensor: FIN GL Journal Import Ends With Error EC03 While Running Consolidation - Weekly" oms_version="2.50.2.0.0" configWarningSettings="0">
    <SourceType>database_sql</SourceType>
    <TargetTypes>
        <TargetType>omc_oracle_db_instance</TargetType>
        <TargetType>omc_oracle_pdb</TargetType>
    </TargetTypes>
    <DisplayName>EBS Sensor: FIN GL Journal Import Ends With Error EC03 While Running Consolidation - Weekly</DisplayName>
    <Description><![CDATA[Should not pair null entered/accounted amount with zero or non-zero corresponding entered/accounted amount.Should both be either zero/value or null]]></Description>
    <IsSystem>0</IsSystem>
    <IsSecureContent>1</IsSecureContent>
    <Patterns>
        <DBPattern dateTimeField="entrytime" dateTimeColumns="entrytime">
        <SQLQuery>
            <![CDATA[select 'ME$EBS_FIN_GL_CONSOL_CONV_RATE_EC03' sensor, to_timestamp(to_char(sysdate, 'YYYY-MM-DD hh24:mi:ss'), 'YYYY-MM-DD hh24:mi:ss') entrytime, 'ledger_id:' || s.ledger_id || ', je_header_id:' || s.je_header_id || ', status:' || s.status || ', je_line_num:' || s.je_line_num || ', code_combination_id:' || s.code_combination_id || ', period_name:' || s.period_name key_data FROM (SELECT      ledger_id ledger_id,      je_header_id je_header_id,      status status,      je_line_num je_line_num,      code_combination_id code_combination_id,      period_name period_name  FROM      (          SELECT              gjl.ledger_id ledger_id,              gjl.je_header_id je_header_id,              gjl.status status,              gjl.je_line_num je_line_num,              gjl.code_combination_id code_combination_id,              gjl.period_name period_name          FROM              gl_je_lines gjl,              gl_ledgers gl          WHERE              1 = 1              AND   gjl.ledger_id = gl.ledger_id              AND   gl.consolidation_ledger_flag = 'Y'              AND   (                  (                      gjl.accounted_dr IS NULL                      AND   gjl.entered_dr IS NOT NULL                  )                  OR    (                      gjl.accounted_cr IS NULL                      AND   gjl.entered_cr IS NOT NULL                  )              )      )       where rownum<2) s]]>
        </SQLQuery>
        <IsInclude>1</IsInclude>
            <InUse>1</InUse>
            <DBQueryFieldList>
                <DBPatternSeqField>entrytime</DBPatternSeqField>
                <DBPatternField>
                    <DBQueryColName>sensor</DBQueryColName>
                    <FieldName>udfs1</FieldName>
                </DBPatternField>
                <DBPatternField>
                    <DBQueryColName>entrytime</DBQueryColName>
                    <FieldName>time</FieldName>
                </DBPatternField>
                <DBPatternField>
                                        <DBQueryColName>key_data</DBQueryColName>
                                        <FieldName>data</FieldName>
                                   </DBPatternField>
            </DBQueryFieldList>
            <IsSystem>0</IsSystem>
            <IsEnabled>1</IsEnabled>
            </DBPattern>
    </Patterns>
        <TagConditions>
            <TagCondition operator="CONTAINS_REGEX" field="udfs1" alertRuleVisible="0">
                <ConditionValues>
                    <ConditionValue>%</ConditionValue>
                </ConditionValues>
                <ConditionTags tagField="mtag">
                    <ConditionTag>#low_severity_sensor</ConditionTag>
                </ConditionTags>
                <IsSystem>0</IsSystem>
                <IsEnabled>1</IsEnabled>
            </TagCondition>
        </TagConditions>
        <IsHidden>0</IsHidden>
        <IsSMAEnabled>0</IsSMAEnabled>
    </Source>
    <FieldNameMaps>
        <FieldNameMap>
            <Name>udfs1</Name>
            <DisplayName>sensor</DisplayName>
        </FieldNameMap>
        
    </FieldNameMaps>
</LoganContent>