<?xml version="1.0" encoding="UTF-8"?>
<LoganContent oms_version="2.50.2.0.0" name="content_ocid1.tenancy.oc1..aaaaaaaa5s2vdjjrydixjulorcwozffbpna37w5a35p3jhgpyshlkmio6oiq_1650039506307" content_version="2.50.2.0.0" xmlns="http://www.oracle.com/DataCenter/LogAnalyticsStd">
    <Field oms_version="2.50.2.0.0">
        <DisplayName>sensor</DisplayName>
        <FieldType>1</FieldType>
        <IsSystem>0</IsSystem>
        <IsPrimary>1</IsPrimary>
        <DataType>STRING</DataType>
        <IsMetricKeyEligible>0</IsMetricKeyEligible>
        <IsMetricValueEligible>0</IsMetricValueEligible>
        <FacetEligible>1</FacetEligible>
        <RangeFacetEligible>0</RangeFacetEligible>
        <TableEligible>1</TableEligible>
        <FacetPriority>1</FacetPriority>
        <Summarizable>1</Summarizable>
        <HighCardinality>1</HighCardinality>
        <LargeData>0</LargeData>
        <MultiValued>0</MultiValued>
        <SMAEnabledSetting>0</SMAEnabledSetting>
    </Field>
    
    <Tag>
<Name>#medium_severity_sensor</Name>
<DisplayName>Medium Severity Sensor</DisplayName>
<IsSystem>0</IsSystem>
<ProblemPriority>MEDIUM</ProblemPriority>
</Tag>
    <Source name="EBS Sensor: MFG DM Pending/Error Move Transactions (WIP MOVE TXN INTERFACE) - Weekly" oms_version="2.50.2.0.0" configWarningSettings="0">
    <SourceType>database_sql</SourceType>
    <TargetTypes>
        <TargetType>omc_oracle_db_instance</TargetType>
        <TargetType>omc_oracle_pdb</TargetType>
    </TargetTypes>
    <DisplayName>EBS Sensor: MFG DM Pending/Error Move Transactions (WIP MOVE TXN INTERFACE) - Weekly</DisplayName>
    <Description><![CDATA[There are stuck WIP Move transactions in error status or in pending/running for more than 6 hours.]]></Description>
    <IsSystem>0</IsSystem>
    <IsSecureContent>1</IsSecureContent>
    <Patterns>
        <DBPattern dateTimeField="entrytime" dateTimeColumns="entrytime">
        <SQLQuery>
            <![CDATA[select 'ME$EBS_MFG_DM_FC_WIP_PENDING_MOVE_TRANSACTIONS' sensor, to_timestamp(to_char(sysdate, 'YYYY-MM-DD hh24:mi:ss'), 'YYYY-MM-DD hh24:mi:ss') entrytime, 'Transaction_Id:' || s.Transaction_Id || ', Process_Phase:' || s.Process_Phase || ', Process_Status:' || s.Process_Status || ', Org_Code:' || s.Org_Code || ', Error_Column:' || s.Error_Column || ', Error_Message:' || s.Error_Message key_data FROM (select Transaction_Id Transaction_Id,  Process_Phase Process_Phase,  Process_Status Process_Status,  Org_Code Org_Code,  Error_Column Error_Column,  Error_Message Error_Message  from (SELECT WMTI.TRANSACTION_ID Transaction_Id,  DECODE(WMTI.PROCESS_PHASE,  1,'MOVE VALDN',  2,'MOVE PROC',  3,'BF SETUP',  WMTI.PROCESS_PHASE) Process_Phase,  DECODE(WMTI.PROCESS_STATUS,  1,'PENDING',  2,'RUNNING',  3,'ERROR',  4,'COMPLETED',  5,'WARNING',  WMTI.PROCESS_STATUS) Process_Status,  MP.ORGANIZATION_CODE Org_Code,  WTIE.ERROR_COLUMN Error_Column,  WTIE.ERROR_MESSAGE Error_Message  FROM WIP_MOVE_TXN_INTERFACE WMTI,  WIP_TXN_INTERFACE_ERRORS WTIE,  WIP_SERIAL_MOVE_INTERFACE WSMI,  WIP_ENTITIES WE,  MTL_PARAMETERS MP  WHERE WMTI.WIP_ENTITY_ID = WE.WIP_ENTITY_ID(+)  AND WMTI.ORGANIZATION_ID = MP.ORGANIZATION_ID(+)  AND WMTI.TRANSACTION_ID = WTIE.TRANSACTION_ID(+)  AND WMTI.TRANSACTION_ID = WSMI.TRANSACTION_ID(+)  AND ((WMTI.PROCESS_STATUS = 3) OR  (WMTI.PROCESS_STATUS in (1, 2) AND  WMTI.CREATION_DATE < sysdate - 0.25))  ORDER BY 1, 2)  where rownum<100) s]]>
        </SQLQuery>
        <IsInclude>1</IsInclude>
            <InUse>1</InUse>
            <DBQueryFieldList>
                <DBPatternSeqField>entrytime</DBPatternSeqField>
                <DBPatternField>
                    <DBQueryColName>sensor</DBQueryColName>
                    <FieldName>udfs1</FieldName>
                </DBPatternField>
                <DBPatternField>
                    <DBQueryColName>entrytime</DBQueryColName>
                    <FieldName>time</FieldName>
                </DBPatternField>
                <DBPatternField>
                                        <DBQueryColName>key_data</DBQueryColName>
                                        <FieldName>data</FieldName>
                                   </DBPatternField>
            </DBQueryFieldList>
            <IsSystem>0</IsSystem>
            <IsEnabled>1</IsEnabled>
            </DBPattern>
    </Patterns>
        <TagConditions>
            <TagCondition operator="CONTAINS_REGEX" field="udfs1" alertRuleVisible="0">
                <ConditionValues>
                    <ConditionValue>%</ConditionValue>
                </ConditionValues>
                <ConditionTags tagField="mtag">
                    <ConditionTag>#medium_severity_sensor</ConditionTag>
                </ConditionTags>
                <IsSystem>0</IsSystem>
                <IsEnabled>1</IsEnabled>
            </TagCondition>
        </TagConditions>
        <IsHidden>0</IsHidden>
        <IsSMAEnabled>0</IsSMAEnabled>
    </Source>
    <FieldNameMaps>
        <FieldNameMap>
            <Name>udfs1</Name>
            <DisplayName>sensor</DisplayName>
        </FieldNameMap>
        
    </FieldNameMaps>
</LoganContent>